specimenID,PC1,PC2,PC3,PC4,PC5,PC6,PC7,PC8,PC9,PC10,PC11,PC12,PC13,PC14,PC15,PC16,PC17,PC18,PC19,PC20,PC21,PC22,PC23,PC24,PC25,PC26,PC27,PC28,PC29,PC30,PC31,PC32,PC33,PC34,PC35,PC36,PC37,PC38,PC39,PC40,PC41,PC42,Date.Photographed,Specimen.ID,Ventral.ID,CurrentSp,Sex,Region,Landmass,Insular.gp,Latitude,Longitude,Extent..m.,Certainty
ZRC.4.966.VARIGATUS.CRANIUM.DORSAL,-0.006935660406367349,-0.01221079652859275,-0.006553762895584954,-0.007166027536047617,-0.013419314657578778,-0.0043558012775229546,0.007174112098792031,0.011261092730021063,0.008962933908586245,-0.0068023112507516565,-7.041254670007678e-4,-0.0015089425230064761,-0.00541393450374616,-0.006693567448438599,-0.007682514769227225,0.006196695434340968,-0.0026212725265497114,-0.00273178731432046,-0.003782995202197449,0.0037586396507953623,0.0017497865234222692,-0.0013987159543951458,-0.002651399648681052,0.0013845672119406085,0.0037290296531374435,0.0011753332691408424,-0.0014719634714648762,-1.303445558719352e-4,-5.268203095235199e-5,-0.002907880746021807,-9.479631030568161e-5,6.625994617174392e-4,0.0012438893709385318,1.356879906552091e-4,-6.692117483389358e-4,-4.6118583000904074e-4,-5.475837339879985e-4,-2.1295630487183744e-5,-6.098637220230962e-19,5.2150124496552763e-17,2.383889526752503e-17,5.149960319306146e-18,18/08/2020,ZRC. 4.966,ZRC.4966.VARIGATUS.CRANIUM.VENTRAL,variegatus,Female,Java,Java,Java,-7.033653888,106.4589885,11900,75.00%
ZRC.4.886.BORNEANUS.CRANIUM.DORSAL,0.032357618322879145,-0.019967021118116757,0.013053496615459464,-0.011475501532822107,-0.03789240174932556,-0.003994587114065096,-0.00801020998997335,-0.003246939895276825,0.003915388826663329,-0.019188159455525603,0.0032977360437922115,0.004522596814376183,-0.0021159536921252628,-4.936903162238473e-4,-0.008139807668469544,-0.005769868601237757,0.004068652230956769,-0.0017147309842279756,0.0014817627807603715,0.0016928014160916276,-0.002019460535609886,0.0063613739255577815,0.001914127408095284,0.003018366777818734,0.0018596353988134214,-0.0021241372175125972,-6.988323355369588e-7,0.0020951692564189794,0.0014374296995772516,0.0012724691096814725,-9.47172865685414e-5,0.0014757661990176605,6.03578530755955e-4,-5.269939235743976e-4,8.238137173651577e-4,-0.0011568998118504014,8.983549676815528e-5,-1.9474098387637278e-4,1.2290109251480996e-16,-6.483528991463317e-17,-2.485533480423019e-17,2.2822455730819868e-17,18/08/2020,ZRC. 4.886,ZRC.4886.BONEANUS.CRANIUM.VENTRAL,variegatus,Male,Borneo,Borneo,Borneo,3.9218,113.93024,70000,75.00%
ZRC.4.888.BORNEANUS.CRANIUM.DORSAL,0.013725754362799493,0.007398390239435212,-0.016683888595132725,-0.002176268652419154,0.00933091264738418,-0.0011659203037169684,-0.006146001351351929,-0.013596658680414136,0.02000373220824947,-0.005584146777173879,-0.010347395099008203,-1.3878732173417478e-4,-0.0011305126265833579,0.007076703931057866,0.005344131328323443,0.0017751443957162202,-0.009837509673175178,-0.0012127808371812426,-0.0013498603059575918,-0.0044318221597170054,0.0019206016166361207,0.004293645837147141,3.244859529688947e-4,0.004806845293864515,-8.886150663011154e-4,0.0014488890242974374,-1.0704500845766491e-4,-0.0026012310848085663,6.855732407553075e-4,0.00084403145593589155,2.7833136801563765e-4,-8.546344892056501e-4,5.158487115191538e-4,6.61568216778176e-4,-1.5422685005645335e-4,-1.904044098706698e-4,0.001080179025867108,6.667978172123099e-5,-2.541098841762901e-17,3.979021973021801e-17,-2.710505431213761e-19,4.185020385794047e-17,18/08/2020,ZRC. 4.888,ZRC.4888.BORNEANUS.CRANIUM.VENTRAL,variegatus,Male,Borneo,Borneo,Borneo,5.304512762,116.9350579,253000,75.00%
ZRC.4.899.Peninsulae.CRANIUM.DORSAL,0.0049637937975220234,0.02149073002867193,0.0217912836043658,-0.0019753044019535193,0.013366130467546436,-0.0012452797946708976,-0.013864599977437444,-0.004047599494571115,-0.0021196995034165355,0.002494322772966557,0.0025279813166148414,0.013301892054657647,0.002966811714397202,0.0044062140837205525,0.0022011611474201916,0.00835445226786053,-0.008210480217008513,0.0013117853174935696,-0.0027313856328864358,-0.002859724768550244,-8.008595862711583e-4,-5.433501909270972e-4,-0.0019247216638914161,-0.002087251113769198,-2.0510671038611835e-4,-0.004645848341968143,0.002588422230666856,-0.0023189258327406853,0.004338362761906541,0.002362095488319116,-2.7722772402401534e-4,4.310597359576591e-4,2.941784448628439e-4,-5.951783262623468e-4,4.4407360369872145e-4,-0.0010787163752082947,-6.21578359505873e-4,-6.694797264118217e-4,6.270076688755233e-17,2.3662712414496134e-17,1.1756817307889689e-17,1.6886448836461732e-17,18/08/2020,ZRC. 4.899,ZRC.4899.PENINSULAE.CRANIUM.VENTRAL,variegatus,Male,Peninsular SEA,Peninsular SEA,Peninsular SEA,6.425678,101.820476,19710,50.00%
ZRC.4.900.Peninsulae.CRANIUM.DORSAL,0.005721704019096584,-0.004723025302793298,0.0046618554800339235,0.005176075428081196,0.011958249422678336,0.00274539678640737,-0.009530705044735776,0.011393008037805956,0.009013106939886039,-0.0017735709947879165,-0.0020795126606803055,0.0060423206894329295,0.0011109528943606735,0.005842561763173386,0.003505291622509541,-9.769331316840603e-4,-0.006072909409250648,-0.003987664241152952,6.599583062616519e-5,-0.0045267828676061415,-0.0019008019252794224,-0.0034959989281903646,-0.0010766300940959319,0.0035494090058837495,8.059434481382135e-4,-5.979484658622191e-4,0.00133429745730579,0.004815344963388809,7.540679673221211e-4,5.950883275312894e-4,-6.556877507793076e-4,4.5720631154392183e-4,2.322363731565256e-4,8.042288778364155e-5,-6.987985849601352e-5,3.38766909645804e-4,2.1148181630333582e-4,4.80290380027236e-4,4.5780436733200425e-17,-3.5019730171281793e-17,-1.1709383462843448e-17,1.0842021724855044e-17,18/08/2020,ZRC. 4.900,ZRC.4900.PENINSULAE.CRANIUM.VENTRAL,variegatus,Female,Peninsular SEA,Peninsular SEA,Peninsular SEA,7.068869728,100.621263,1000,75.00%
ZRC.4.908.Peninsulae.CRANIUM.DORSAL,0.018633966539821478,0.004239148092013243,-0.018127324144823636,0.00504184493325004,0.010106019327444399,-0.010776131145508263,0.0022161521807413436,-0.007099474903508036,0.004654693223252293,-0.009855472148640788,0.014503336839546133,0.004881549885032436,0.006671614611933311,9.21577338742023e-4,-0.002522105010784511,0.004243145482129713,0.003426815992648426,9.959688647093762e-4,-0.0063454782625394475,-0.003448722249999301,-0.0022612929484431728,0.005227102087336685,-0.0036742477097003986,-0.0016936697487986933,-0.0030456581093155953,-0.0035044230694644186,-0.0018408588682081038,5.738819064682047e-4,-0.0017484251436242567,-0.0012988759871490423,6.92729641748762e-4,-6.428375165897209e-4,5.7618336841722554e-5,0.0018899279360322292,-0.0015364161885356778,3.5062529183181324e-4,5.000087285197298e-4,2.7386560375871965e-4,2.5808077463301826e-16,5.252959525692269e-17,2.9761349634727097e-17,2.8514517136368767e-17,18/08/2020,ZRC. 4.908,ZRC.4908.PENINSULAE.CRANIUM.VENTRAL,variegatus,Female,Peninsular SEA,Peninsular SEA,Peninsular SEA,NA,NA,NA,NA
ZRC.4.918.Peninsulae.CRANIUM.DORSAL,0.01607458795454439,-0.007136906303235959,-0.0073331311444259995,0.021391330249658197,-6.92973007336267e-4,-0.005760257149912691,-0.002419598269533876,-0.012349172421231371,0.0012198790029333503,-0.00571599406939642,-0.00694987229712354,-0.016852830130105953,0.0043478663851148555,-0.0021720262512969993,0.006078070162766885,-0.004762544032351572,0.005480261015798186,0.003746028757727171,0.005625227924366517,-0.00166068629646527,-0.002422296754945941,-0.0029483392946665038,0.005929511152180772,-0.0031853386032489935,0.0014358398843704304,-0.001932754400834661,-0.0010572676122975742,-8.547734282511475e-4,8.08689466018933e-4,7.397785212504423e-4,-7.174726874086049e-4,0.001987055872014765,2.5201790706930063e-4,0.0013517399599101082,7.872812600045601e-4,9.265241771200625e-4,-1.5183695394820388e-5,-1.8031905772226378e-4,2.25920627691667e-17,-2.3852447794681098e-18,-3.5236570605778894e-19,4.0007060164715114e-17,18/08/2020,ZRC. 4.918,ZRC.4918.PENINSULAE.CRANIUM.VENTRAL,variegatus,Female,Peninsular SEA,Peninsular SEA,Peninsular SEA,3.55023,101.7233,3500,75.00%
ZRC.4.925.Peninsulae.CRANIUM.DORSAL,0.002500714779781005,0.014648881998844279,-8.898201958243181e-4,0.0031219190851173124,-0.007616376386443555,0.006470842873119814,0.005380747082052673,-0.011938776798188704,-0.01593315473300898,0.0018932550991977832,0.020817413805797467,0.001508744463334862,0.0017733261096221171,0.0025267320402256473,-0.0028110854272411735,5.0021982281748956e-5,-2.6853147438367673e-4,0.004092023902627207,-6.106251811320172e-4,-4.982720229272347e-4,-0.002201794371701068,3.1535342949632554e-4,0.001025101259343495,-0.003048410128726051,-5.118248684969357e-4,-0.0016402457936942742,0.001772093858958503,0.001878470728362023,-0.0030336366836210406,-0.0015814084087295438,1.1005165689001014e-4,6.918986525916174e-4,-2.4396992193622687e-4,-0.0011202405626668274,-4.0323528524050076e-4,2.924008931390878e-4,9.234579296202622e-4,-6.649932158570636e-4,-1.3137142198735297e-16,3.052029115546695e-17,-2.837899186480808e-17,2.108773225484306e-17,18/08/2020,ZRC. 4.925,ZRC.4925.PENINSULAE.CRANIUM.VENTRAL,variegatus,Male,Peninsular SEA,Peninsular SEA,Peninsular SEA,1.4208,103.80113,3100,100.00%
ZRC.4.937.TAYLORI.CRANIUM.DORSAL,0.015853568543718253,0.017426761470257415,-0.005144474946059576,-0.019566159362086447,-4.172002696812734e-4,-0.006983298652622484,0.00198632193912333,0.007440045856398299,0.0043472895476805,-0.008882043625464008,0.0033024699612545796,-2.821830166014501e-4,-0.008481843186776328,0.004199585686552713,0.002969314316088643,0.0034050794514303914,0.004171598287160376,-0.00799875698040502,-0.0030209125021087363,0.0020894099436494073,0.0059738220403077,-0.004966522862958437,0.0016943867280450348,-0.004306277923749008,-0.0013558111318067744,-6.916792561485904e-5,0.002786337083019431,2.9306243021039267e-4,3.381729645251947e-4,-0.00164024476868587,3.619470597488578e-5,3.660120543925736e-4,1.1770338893679267e-4,1.6295399620831004e-4,0.0014551346847366154,-8.020048700834098e-4,-6.118009723484488e-4,-4.7149501967330167e-4,3.65376132127615e-17,-5.421010862427522e-18,-1.1194387430912833e-17,2.7538735181131813e-17,18/08/2020,ZRC. 4.937,ZRC.4937.TAYLORI.CRANIUM.VENTRAL,variegatus,Male,Peninsular SEA,NA,Tioman Island,2.789944,104.202186,1450,100.00%
ZRC.4.938.TAYLORI.CRANIUM.DORSAL,-0.03127044604562264,-0.003013272058191832,7.556376991406374e-4,1.9817237713630603e-4,0.00418483030852414,0.004635896611295388,-0.012463428965074503,-0.009636622695755624,0.009989553636965826,0.005398100210607397,-0.002293255142989545,-0.015110009906246365,-0.010420872188730734,0.0020321364792562496,0.003998742643648068,-5.207373883451622e-4,-0.005182362939490512,-0.002346460883295135,3.0077236245901846e-4,2.825748991614581e-4,-0.0011242647519523238,0.0027754975782228637,-0.003829075345419624,0.0025023011964801704,-0.0014991234466574955,6.318434210699418e-4,-7.422563486756869e-5,1.62246710488709e-4,-5.31389497200702e-4,-0.0013255561740217485,-0.0010187449212565142,5.795754562722704e-4,-3.0420827555805536e-4,0.0021625302367103572,9.85573579566033e-4,-8.65174653969569e-5,-3.0492102350729473e-4,-5.557024583899469e-4,1.5220229150094116e-17,-4.5796530359198256e-17,-1.550811447304217e-17,1.3065483211397583e-17,18/08/2020,ZRC. 4.938,ZRC.4938.TAYLORI.CRANIUM.VENTRAL,variegatus,Female,Peninsular SEA,NA,Tioman Island,2.789944,104.202186,1450,100.00%
ZRC.4.941.TAYLORI.CRANIUM.DORSAL,-0.014271674375529704,-0.017926777684236197,0.009910681149889168,0.007842481993119889,-0.026055832690120632,-0.010206928985424767,-0.010413950422686159,0.006242698000551077,-0.009545599878564102,0.011944927905908004,3.056932119172191e-4,0.001835715954941653,-5.500827336186229e-4,0.0026979338734073885,3.4228165870977276e-4,0.0022795190583181743,4.381801531851068e-4,0.008237683212373661,0.004132412605882187,-0.0036117780076388778,0.0015153409324205978,0.0013460220273854122,-0.004411182169591153,-0.0016155013999643998,3.868307303078114e-4,0.004098201540689578,0.003479952098062416,0.002332015654331229,-4.5132568894464746e-4,3.342667553866946e-4,-0.0019515864137378699,-9.941734670563366e-4,6.286644515372422e-4,9.725953945068835e-4,-5.714690794655288e-4,-2.423979700575003e-4,-5.918295206271991e-4,-3.874810096025661e-4,-7.448468924975415e-17,5.963111948670274e-17,1.1817803680091998e-17,2.47198095326695e-17,18/08/2020,ZRC. 4.941,ZRC.4941.TAYLORI.CRANIUM.VENTRAL,variegatus,Male,Peninsular SEA,NA,Tioman Island,2.842241,104.159311,1000,75.00%
ZRC.4.939.TAYLORI.CRANIUM.DORSAL,-0.02328487354529367,-0.009361481383730393,-0.008099040710895164,-0.011877628002129803,0.0039941948093192665,0.004818728664828926,-0.015338137628775235,-0.003107543022190108,-0.001155975409562826,1.0263560980214898e-4,-0.00244648230419889,0.0014886167506606134,-0.0018734602029989076,1.459559878268401e-4,-0.004745251831208312,0.0013017224533268847,0.002308263061993752,0.0054767853002132385,-2.9005433799592613e-5,5.461936222619446e-5,0.0014126704555331216,-0.0020199491631890595,0.0054587602063887394,0.001872221803700056,-0.0020224966116044424,0.0016464108554185466,-2.928340367770638e-4,-5.008142587160138e-4,-0.0018955140427515706,0.0015479938761854223,0.0014374180217916718,0.0014688720959228799,0.0012935263642096257,4.640525978427925e-4,-1.2618092990208338e-4,6.857907919819562e-4,1.04511994664598e-5,4.727098120973756e-4,6.241277568548587e-17,-4.4289658746032856e-17,2.4628329974366037e-17,5.309880139747758e-17,18/08/2020,ZRC. 4.939,ZRC.4939.TAYLORI.CRANIUM.VENTRAL,variegatus,Female,Peninsular SEA,NA,Tioman Island,2.789944,104.202186,1450,100.00%
ZRC.4.940.TAYLORI.CRANIUM.DORSAL,-0.02839057651249175,0.004040196751122458,0.00603802381240913,0.0037489686736864717,0.0024171537640558915,-0.0013191446358024157,0.00965128680318068,0.008153595766435345,0.013408096622281557,0.00563142153019378,0.010574902945115578,-0.005651280834487698,0.0019472446824292335,0.005248021518102539,-0.0045579505817934796,0.00312901723959488,0.002418065659787309,0.0024926083704370065,0.002512573670162946,0.001181939280277276,-0.0021520829851236554,0.0022426621186662312,0.0032801524242004353,-0.002509944975509298,4.804005341303992e-4,8.455127964010359e-4,-0.0012439107649195571,-1.1125656306318826e-4,-1.5620968848613213e-4,0.00343404829384689,-8.889182775268748e-5,7.507305793029856e-4,2.7584486235097055e-4,5.253713599869818e-4,-7.334981799608122e-5,-5.596538768497048e-4,-4.223070370537954e-4,4.045506048999289e-4,-4.445228907190568e-18,4.8951728087720525e-17,-2.0152607881074314e-17,-6.613633252161577e-18,18/08/2020,ZRC. 4.940,ZRC.4940.TAYLORI.CRANIUM.VENTRAL,variegatus,Female,Peninsular SEA,NA,Tioman Island,2.789944,104.202186,1450,100.00%
ZRC.4.944.TEMMINCKI.CRANIUM.DORSAL,-0.01463999008538744,0.046943903279806465,6.987997527515815e-4,0.026816413618610636,-0.022451266190965772,-0.009903724702439472,-0.00196918558124161,0.002310814655118948,-0.005293914562759628,-0.004556813449167009,-0.015515265058710022,-0.007744022303308892,-0.001729296909181559,0.005071402849218052,-0.008073878961894845,-0.003043347554192199,-0.00182449728854368,-0.003916188323597294,-8.382924912363808e-4,0.0013233522915484348,0.003190705785803335,7.672546995239483e-4,-0.001615044672911173,-0.0022498261402412153,-5.330237193843921e-4,-6.781107191532273e-4,8.685419288157938e-4,-0.0010151923758840592,0.001091413061200536,-0.001559019861026929,9.15072473694641e-4,-0.0013542700889023962,-4.3203623384824264e-4,-1.428595055025177e-4,7.979270239974947e-5,5.240547768322097e-4,-3.523445733364278e-4,6.505723588380532e-4,2.0030296323490793e-16,-3.458604930228759e-17,1.7774139365184238e-17,1.9542744159051217e-17,18/08/2020,ZRC. 4.944,ZRC.4944.TEMMINCKI.CRANIUM.VENTRAL,variegatus,Female,Sumatra,Sumatra,Sumatra,-1.895761824,101.3143701,4000,75.00%
ZRC.4.947.TEMMINCKI.CRANIUM.DORSAL,0.005414200735491542,-0.011239812380779354,-6.168689506668336e-4,0.0013482912133587306,0.0011972432695829041,0.005659386626329753,-0.012267565272226706,0.0013783902274732494,0.0018264112784116412,-0.005992530517632341,0.001409521669271203,0.0014558489432313464,0.01339811392443541,8.066651657795662e-4,-2.222079121922448e-4,-0.003891790408397353,0.0031601834897436593,-0.0027060014235932924,0.0049232142819612005,-8.694146207330896e-4,-0.005912853977469535,-8.413430781097855e-4,-0.0013549098352454072,0.0012101556340642428,4.6813054026812666e-4,0.00302862799289164,0.0030330222326978304,1.4224932882600874e-4,0.002180099098811928,-8.517226413556685e-4,-3.3506001937853175e-4,-0.0021102019655888874,6.027987656776737e-5,-5.642441350653732e-4,8.901988409396127e-4,-2.2444198387144268e-4,-0.0016706255413582978,-2.409660795987681e-4,-3.043897599253054e-17,1.496198998029996e-17,-3.4206578541917665e-17,4.7704895589362195e-18,18/08/2020,ZRC. 4.947,ZRC.4947.TEMMINCKI.CRANIUM.VENTRAL,variegatus,Female,Sumatra,Sumatra,Sumatra,NA,NA,NA,NA
ZRC.4.962.VARIGATUS.CRANIUM.DORSAL,7.795030912253288e-4,-0.017982742271491565,-0.025276048715617026,4.898473771446325e-4,-0.012210645046127892,6.791407194312154e-4,0.009891995460039809,-0.0016743557425548524,-0.0016861391011140797,-0.00707018538485424,-0.00972160313867025,-0.004893364610890423,-0.006126676012024926,1.297326420165077e-4,-0.006518536509363162,0.0055218943272278085,0.0012219593270993744,0.0031713999820584277,-0.002158965483643579,-0.0040212395215337825,-8.521906839829143e-4,-0.003763086629383349,0.0017659983053252117,0.0029393391037069775,0.001252886469939349,-3.4754417694877733e-4,-2.1870981253623386e-4,6.587814912221795e-4,9.238966638460962e-4,-1.3061016420207129e-5,0.0018392720209654964,-0.0018545421192214884,-3.753046435077433e-4,2.751052767569223e-4,0.001295445528346738,-5.988607654930838e-4,0.0011090819281393974,1.1946616923936643e-5,-6.861644499117636e-17,9.069351172841245e-17,-5.671732614814795e-17,2.417770844642675e-17,18/08/2020,ZRC. 4.962,ZRC.4962.VARIGATUS.CRANIUM.VENTRAL,variegatus,Female,Java,Java,Java,NA,NA,NA,NA
ZRC.4.965.VARIGATUS.CRANIUM.DORSAL,-0.03919113193884885,0.020558180166385637,0.013870209694406875,0.012164152383888552,-1.8668340611157223e-4,0.022447338399290244,0.010407108626299713,-0.003652625420474992,-0.0017997362889742622,-0.012080254331914087,-0.0068767722004416465,0.003556849266818869,-0.009552301106755314,0.005716096452108099,4.501245820975128e-4,-0.004592559453200787,-9.893588327647901e-4,-0.005555961035111514,0.002702064347808752,-0.0024571818371675234,-0.002094866328277593,1.3474587559374085e-4,0.003190381352124409,0.0010148820454681012,-3.913645193718866e-4,0.0014875374333215541,-0.0012167485607830913,0.0012616299262848524,0.0012152850426646092,6.728156171344923e-4,0.003050357980982362,0.001590132744080374,0.0021263098037695425,-6.889538401759642e-4,-6.327664816741529e-4,3.4612153709686786e-4,-1.9244953652074745e-4,-1.0981176530446865e-4,-7.745099863103871e-17,8.819984673169579e-17,8.38901430960659e-18,7.684282897491013e-18,18/08/2020,ZRC. 4.965,ZRC.4965.VARIGATUS.CRANIUM.VENTRAL,variegatus,Male,Java,Java,Java,-7.033653888,106.4589885,11900,75.00%
NHMUK.7.1.1.220.Temminckii.CRANIUM.DORSAL,-0.01822678734610201,0.005185977226773795,-0.01694087976330195,-0.007125272910041544,0.006487037082753211,0.0023317382020329558,-0.004933980870518742,0.0130419090472385,0.010242929266834217,0.0033984504799730066,-0.007709431025567507,0.007883599704402793,0.007273646546618823,-0.010135087013422132,-0.003509850272445654,0.002030127911338984,0.007789626482844005,-0.007282646966336312,-7.781238937372069e-4,-4.3654785693563304e-4,0.0013199572900110125,0.006340725287529743,-7.202643461721313e-4,-0.0010560092985219122,-0.0014573061322266804,9.252620341461906e-4,0.001991985736165853,-3.6349051997811894e-4,-6.548374634522765e-4,-5.630782150465415e-4,4.0770275185800025e-4,-5.820788060743742e-4,6.48255984631077e-4,-5.88378496630065e-4,-6.684345226828495e-4,7.999087576080969e-4,-3.365881643537376e-4,1.1774861532019907e-4,-1.7889335846010823e-17,-1.745565497701662e-17,1.702197410802242e-17,3.122502256758253e-17,05/03/2021,7.1.1.220,NHMUK.7.1.1.220.Temminckii.CRANIUM.VENTRAL,variegatus,NA,Sumatra,Sumatra,Sumatra,NA,NA,NA,NA
NHMUK.7.6.18.2.Tellonis.CRANIUM.DORSAL,-0.002609852073360896,-0.024124024147808,2.350425835846768e-4,0.004063632771482647,0.015866342056005636,3.3783491268198914e-4,0.010300016039529266,4.0425786718312895e-4,4.7746943694119845e-4,-0.0015341157746109235,-0.0028031859513601744,7.123186092817674e-4,-0.0026438295951604876,-0.009611730627951872,0.0028103443376374182,0.008399566067882572,0.0018213316740684285,-0.0033497380468853677,0.005541808681229372,-0.0020203427269627314,-0.00229693054585063,0.0032414664758623002,-0.0024967392986162476,0.0017515981099856814,-9.2838727404831e-4,-0.0015277982759310618,-7.767654914629949e-4,5.831551181033378e-5,8.455874522710803e-4,1.942649572341803e-4,0.001586377943851745,9.661665594634872e-5,-0.002199987117540627,-0.0022986109836511115,8.658790014453537e-5,-5.711365493410205e-4,-1.4962379981317772e-4,3.565544290194328e-4,4.9636130709102e-17,-6.123031769111886e-17,-5.2583805365546965e-18,6.071532165918825e-18,05/03/2021,7.6.18.2,NHMUK.7.6.18.2.Tellonis.CRANIUM.VENTRAL,variegatus,Female,Sumatra,NA,Batu Islands,-0.063028,98.276616,3040,100.00%
NHMUK.8.1.25.3.Taylori.CRANIUM.DORSAL,-0.021665709162010275,0.004666883089700652,0.014231232710486005,-0.0044593745361213525,0.009753723216106173,-0.018133764078743977,5.265225339326351e-4,-0.0064136549555618315,-0.001718551677706868,9.360559031603657e-4,-6.685335879983885e-4,0.0024870835281801417,-0.0020406283838959142,0.003791161976329474,-0.011307951302668344,-0.0024487189013120136,0.004322877723312789,-0.0011851376420230707,0.0013435717798749966,-0.0019312833371384155,-6.778937782242304e-6,0.001117555422378578,5.638502848859154e-4,7.473664606041267e-4,-0.00345465337797532,0.0031345689058295202,-0.0019205921421565604,-1.8091264679292183e-4,0.0023056399829220336,-9.800219994476151e-4,9.03044422604707e-4,-8.347413059544549e-4,-0.0028588878136568824,-4.831237634346674e-4,0.0011743335723123616,0.0015693437002276154,0.0012804911433388206,-0.0015131143416247063,8.909431352399633e-17,-8.673617379884035e-18,1.4338573731120796e-17,-1.1492543028346347e-17,05/03/2021,8.1.25.3,NHMUK.8.1.25.3.Taylori.CRANIUM.VENTRAL,variegatus,Male,Peninsular SEA,NA,Tioman Island,2.789944,104.202186,1450,80.00%
NHMUK.8.7.20.10.Peninsulae.CRANIUM.DORSAL,0.022011557886384682,-0.013853395277939957,-0.00971520934385023,0.01868887855397012,-0.0014679149682252793,0.018402910159654857,-0.00431996185665587,-0.008524291424096784,0.006696239980146332,-0.006071642713013085,0.015926132690604913,0.005139512018146813,0.0014340799438055493,3.2631449888054855e-4,0.0011577963074382229,0.0034467633272486993,0.0018778965139821097,0.0013709431913190295,0.0012160872220237445,-0.0021696761281202927,0.009010452073557523,-0.0020492324154439126,-0.007844425121588948,8.001857378500996e-4,0.0011941205807460332,0.0022047089816299888,-0.0028363457393793265,-7.80924840665598e-4,-3.6846787148917345e-4,0.002427995759813824,6.319621357787522e-4,7.544996444661417e-4,2.490124408630388e-4,-8.778655597238699e-4,2.1286191180270393e-4,0.0021605450670952545,-0.0012614239208935136,-3.6418935275270954e-4,-7.838781707070197e-17,-2.7321894746634712e-17,-5.106592232406726e-17,4.9873299934333204e-18,05/03/2021,8.7.20.10,NHMUK.8.7.20.10.Peninsulae.CRANIUM.VENTRAL,variegatus,Female,Peninsular SEA,Peninsular SEA,Peninsular SEA,3.488784,101.767941,34960,80.00%
NHMUK.9.1.5.519.Variegatus.CRANIUM.DORSAL,-0.013700450437019583,0.006465655273983366,-0.006343568397612093,-0.0014681362311229824,-0.01010391737158388,0.004373748034911134,-0.0029663027537907565,0.009080398562245694,-0.0028504717298416327,-0.01625426772981721,0.0024297480815709737,-0.006374395894411982,-0.002296967884715868,0.0031944234845064615,0.0039910810126794136,0.00576093691778643,-0.005960473034350379,0.002690348718922398,0.0021891780594360654,-0.0037780696575854225,0.0031332244996548735,-0.00287325924458433,0.0017977509780619791,-0.00343395453908013,-0.00181130564414489,4.997670968833127e-4,-0.003344889420827611,0.0010072966258421337,-4.991180896791109e-4,6.871567795726491e-4,-2.98377710319738e-4,-0.0012152947370658888,-0.0022861292655715665,-0.0018546357734072112,6.107459544264435e-4,-9.990830130828252e-4,2.4158447221429315e-4,1.9609940418269576e-4,-7.26415455565288e-18,2.3418766925686896e-17,1.7184604433895245e-17,6.288372600415926e-18,05/03/2021,9.1.5.519,NHMUK.9.1.5.519.Variegatus.CRANIUM.VENTRAL,variegatus,Male,Java,Java,Java,-6.21462,106.84513,21405,75.00%
NHMUK.9.1.5.520.Variegatus.CRANIUM.DORSAL,-0.00839084507736862,-0.017767134262272003,-0.0016641804310160286,0.0022783377580760035,0.009188904990394521,2.809899122959806e-4,-0.012567806132367904,-0.010440975716129057,-0.0050393786069354175,-7.224149471234507e-4,-0.011291816991676454,6.541217119078039e-4,6.976819634222523e-4,-0.008438194896344264,0.0027909418621824304,0.006225452537686422,-0.003347190896325317,-0.002846512237383781,-0.0012573234584790309,-0.002724459643840477,-0.0016510097729848625,-0.00924942276787176,0.0015395369380297966,5.83814832575628e-4,-3.833288027697518e-6,0.0013992920199987888,0.003177638449832677,0.0018695919790861991,-0.003010809818028047,3.3270059240275083e-4,5.57927829550157e-4,0.0017339101993314537,2.3353381328090108e-4,9.09506568514948e-5,0.0011240686350438807,1.1713037420112226e-4,-4.0951522002875503e-5,-3.5335662103962986e-4,7.2435716550346e-17,-5.0937173316084605e-17,-3.376273327755641e-18,-1.7232038278941486e-17,05/03/2021,9.1.5.520,NHMUK.9.1.5.520.Variegatus.CRANIUM.VENTRAL,variegatus,Male,Java,Java,Java,-7.683374,108.57176,12150,100.00%
NHMUK.9.1.5.521.variegatus.CRANIUM.DORSAL,0.028093023973298364,-0.007334825398422362,-0.02164594157776683,0.009468520901981544,0.018795382913643563,0.00940287902466109,-0.01920126562767246,0.014685464168344443,-0.012007383482732897,0.002734802223059247,0.002611317032467559,0.006394901749230824,-5.656784622147215e-4,-0.0041413724680377465,0.004270470941852,-1.4405089120746585e-4,-0.004320243652495897,0.0018507026300837886,-0.0019085231289712658,0.0014325174848742487,9.085599305801828e-4,0.0015577597523787688,0.00668993614238512,-0.0013816247591414794,0.0020322806808690677,0.003126086794476985,-2.631923708071755e-4,1.7620760864058986e-4,0.0023774186873559964,8.765949736158447e-4,-0.001077913571667487,-0.002047611320836858,4.269259367928708e-4,-4.663635451468137e-4,-8.50624432609106e-4,-5.416345160887541e-4,2.7996231121224757e-4,-4.862613125893113e-4,1.355523766150002e-16,3.9085488318102435e-17,-2.710505431213761e-20,1.9569849213363355e-17,05/03/2021,9.1.5.521,NHMUK.9.1.5.521.variegatus.CRANIUM.VENTRAL,variegatus,Male,Java,Java,Java,-7.683374,108.57176,12150,100.00%
NHMUK.9.1.5.523.Variegatus.CRANIUM.DORSAL,-0.011458125087976861,-0.0046381756049015755,-0.021054214645727983,-8.462090751288236e-4,0.020096296148117983,0.006530774023088782,-0.0052216938134586775,-0.011754332302270581,-0.00908599177964028,-0.011521223575079691,-0.0019153219494024833,-0.0038206739338330817,-0.0085575629306142691,0.0012334873375372906,-0.006172851619121344,-0.011679611992350788,-0.003005010784006655,4.604546725495817e-4,-0.0034978802084062663,0.004220981593537357,-3.74797065834412e-4,-2.7779989899022567e-5,-2.2144055247526215e-4,-0.00419456956776735,7.33544511972682e-4,6.003553250396401e-4,-2.7743827130212386e-4,-0.0017783015872077897,-5.41186495630674e-4,0.002276347410558992,-4.753512358585089e-4,-0.003210760549275714,-2.817007694431805e-4,-0.0011008117214633515,-9.838860116737676e-6,4.7761743495894435e-4,-6.702296578000836e-4,-1.1428081332735903e-4,1.124317652867468e-16,1.0191500421363742e-17,-9.215718466126788e-19,1.3227266504323154e-17,05/03/2021,9.1.5.523,NHMUK.9.1.5.523.Variegatus.CRANIUM.VENTRAL,variegatus,Male,Java,Java,Java,-7.683374,108.57176,12150,100.00%
NHMUK.9.1.5.524.Variegatus.CRANIUM.DORSAL,0.0029752744412470007,0.013229609364224727,-0.02531802490502181,0.0012221995317698833,0.014466745184773864,-0.003065489736456532,0.003859912664992759,-0.00856001345970738,-0.007429205655494197,0.008036104374181292,-0.007118818795062618,0.008880405275204699,-0.008968660456180522,0.004739396204239942,0.003027541221191784,0.001432060279716798,0.002312960431480754,0.0016815045736682682,-0.005251745027475259,0.0025258848415380666,0.002087335056430994,0.001948736791541413,3.701588963564899e-4,0.00118827176911569,4.132538301553431e-4,-0.004051529516523648,0.0019171286825796522,9.554346488400524e-4,-1.4843826116662568e-4,5.010901856555838e-4,-0.0014779340491547631,6.441950020091337e-4,-4.257263827332969e-4,-6.033149778725016e-4,5.89120568072827e-4,0.0014603653937008334,7.700516767901043e-5,3.591566996627903e-4,-1.478851763270228e-16,2.992397996059992e-17,-1.984089975648473e-17,7.37257477290143e-18,05/03/2021,9.1.5.524,NHMUK.9.1.5.524.Variegatus.CRANIUM.VENTRAL,variegatus,Male,Java,Java,Java,-7.683374,108.57176,12150,100.00%
NHMUK.9.1.5.525.Variegatus.CRANIUM.DORSAL,-5.910196872876653e-4,0.006396920505240149,-0.016653495898446974,-0.0015901879614972489,0.006648967487431231,0.007226612576865953,-0.00365235022833641,0.007030974536817311,0.0017774260619163008,-0.013207835631835314,-0.0010744460685545077,0.01005380475509079,-0.006624809629094751,0.005543511522888651,-0.002118704389339044,-0.0010868278814950018,0.012155803378398809,0.006413661836223019,-0.004601750586767916,0.006097346942986498,-0.00913792975877452,-0.005719948740500171,-0.005253585583851693,0.0014979606732666024,-0.002024657788647851,5.320109328321521e-4,0.0010628906598556629,3.4152439953844546e-4,9.356218229503108e-4,3.5921183658764433e-4,4.6437875689895984e-4,7.711815579332563e-4,2.141843532765992e-4,0.001281204940989945,-7.9736247606723e-4,-8.833263493053903e-4,8.433142439541138e-5,-1.9190904516745098e-4,1.0570971181733668e-17,-4.2500725161431774e-17,5.7462715141731735e-18,1.5178830414797062e-17,05/03/2021,9.1.5.525,NHMUK.9.1.5.525.Variegatus.CRANIUM.VENTRAL,variegatus,Female,Java,Java,Java,-7.683374,108.57176,12150,100.00%
NHMUK.9.1.5.527.Variegatus.CRANIUM.DORSAL,0.012326020968426318,-0.01206111022772733,0.004423484628553102,0.020539924379755537,-0.02121958581856149,-0.011398348544347937,-0.007332878051775074,-0.0015644984896842889,-0.002363788632456898,-0.0027391843696203478,-0.0019999210226142703,0.0035382457647212414,-0.011161488748118509,-0.005525326493749762,-6.755387988396024e-4,0.00579979863084458,-0.008540801018831042,0.003422699469162835,0.006084676743303912,0.006640423273093691,0.0015515888613508062,0.0022262608480375598,-0.001877664704587227,6.292117790895002e-4,-0.0038946080448164612,-0.003954382952423368,0.0021163643905656574,5.803620337981436e-4,5.747990130154223e-4,-0.0013818108028593895,-0.001898762472650947,-8.572385946398458e-4,9.11483969340012e-4,-3.847183550825405e-4,-3.847107373375218e-4,8.483598892473976e-4,3.4108046608427757e-4,8.925421136428554e-5,-5.606680484465665e-17,-4.629543276513104e-17,-5.014435047745458e-18,1.723881454251952e-17,05/03/2021,9.1.5.527,NHMUK.9.1.5.527.Variegatus.CRANIUM.VENTRAL,variegatus,Female,Java,Java,Java,-7.683374,108.57176,12150,100.00%
NHMUK.9.1.5.529.Variegatus.CRANIUM.DORSAL,-0.015961787284867638,-0.013081160127768308,0.01917189499362883,-0.011630102148626075,0.011805156782441234,0.017100017756927717,0.011796541127899528,0.004365303892172818,0.0043298175467112706,-0.005527198685299185,0.004466979022805749,0.009401620177783641,-0.006674641895872181,0.006148442151231049,-0.0051697903888155,0.0017035726079006905,0.00326423334163579,0.00234362707575643,0.0033725384030310014,-0.002648059577764214,0.0013369774923925673,7.097118090547567e-4,8.394023931392919e-4,6.194174666088672e-4,-2.7948974538358434e-4,0.003023140373699119,5.379260939584027e-4,-2.3361493170974672e-4,-1.5233263841707867e-4,-7.535218666797481e-4,-0.0023929481312580272,-1.8410271407627669e-4,-0.001792725900041362,5.381237959080291e-4,-0.0013466166514702182,3.202326390261883e-4,4.7210082145661316e-4,3.904728963807561e-4,8.464908461680576e-17,-6.862999751833243e-17,3.198396408832238e-18,5.204170427930421e-18,05/03/2021,9.1.5.529,NHMUK.9.1.5.529.Variegatus.CRANIUM.VENTRAL,variegatus,Female,Java,Java,Java,-7.683374,108.57176,12150,100.00%
NHMUK.9.1.5.530.variegatus.CRANIUM.DORSAL,-0.011397379722079668,-0.00957966062697599,-0.019406052803204586,-0.009610147613133073,0.0010373195428447276,0.0079186384495347,0.0034910320230787687,-0.012531364559569097,-0.005228001089809736,-0.006679378908717537,0.008512435733104944,-0.003980861743850108,-0.005213880974171778,0.0050062263386838465,-0.001610766446866992,-0.005808707171213887,-4.3875980695933084e-4,0.001212030204054733,0.00555194703775678,-1.7532565938471292e-4,7.348612114971642e-4,-3.498109936395358e-4,-7.850359380508928e-4,0.0011019787913447853,0.0020239092315466633,-9.133559497861546e-4,0.002565641121365205,0.0027015289421171876,0.0022070630774665622,-0.0016505125630314693,-0.0013829799909206117,-4.7628472015881796e-5,-3.159571221362601e-5,1.8698058488438967e-4,-9.044771624762896e-4,-2.1540588761046224e-5,-1.224969039332219e-4,1.7811769458654663e-4,-6.31886578651708e-17,-4.3855977877038654e-17,-1.8187491443444337e-17,7.318364664277155e-18,05/03/2021,9.1.5.530,NHMUK.9.1.5.530.Variegatus.CRANIUM.VENTRAL,variegatus,Male,Java,Java,Java,-7.683374,108.57176,12150,100.00%
NHMUK.34.7.18.88.Peninsulae.CRANIUM.DORSAL,0.014022963748951948,-0.00695383867069553,-0.005554324134384263,-0.01648191826212748,0.012935183673932796,-0.0025511945748191056,0.018181405735878047,-0.014358421470738113,0.004922001126732836,0.0023993172263570197,0.002440565920414013,-0.00426041793597022,0.006066736091894721,0.00452498047028117,-6.77990530948147e-4,0.0019145222200454715,-0.004433975230263693,-0.005513253858086968,-0.0025706937823626102,-0.002654206700264232,-0.0015268066108878491,0.0014878273519365476,0.005753275390424326,-0.001467489959234335,9.052202642552596e-4,0.002340500701033643,0.0011048044859101286,0.0027141657554287553,2.3427062992374925e-5,-0.0010046767098149394,-4.930150186917678e-4,-3.933856101056647e-4,0.002007840736786587,-1.7236855807226884e-4,-6.106055631058433e-4,-7.815218663257481e-5,2.1206927601912867e-4,-5.140132204145516e-4,-8.51505281215803e-17,-5.220433460517704e-17,7.995991022080595e-18,1.620882247865829e-17,05/03/2021,34.7.18.88,NHMUK.34.7.18.88.Peninsulae.CRANIUM.VENTRAL,variegatus,Male,Peninsular SEA,Peninsular SEA,Peninsular SEA,4.496415,101.570916,2005,75.00%
NHMUK.47.1427.Terutaus.CRANIUM.DORSAL,0.023424486678501208,-0.0010322945707780446,-0.008275531836682096,-0.0026296218826907677,-0.015416117381337264,0.0010217560327597675,-0.005661509518839768,0.005186703825492951,0.008528018598169108,0.004500088114241901,0.008787909772986342,-0.002475161729051505,-0.00230208993351113,1.7507046358411927e-4,-0.002596194992308412,-5.675581303765964e-4,-0.0037597491166475082,-0.004613817467136202,0.002113632683080886,0.002239112109527882,-0.0019131655358870774,-0.003160477902263673,1.5835250801520597e-4,-9.89994351916422e-4,0.0033579925159707962,7.898932281352144e-4,-0.004662417044829525,-9.111305068948537e-4,6.047635357854146e-4,8.18673234442083e-5,-2.4582589008500025e-4,-0.0010029086443298569,-0.0025357501983152043,6.694734127332034e-4,1.8314771216353082e-4,2.7379207908416405e-4,-4.347407967064971e-4,-2.2401058382704196e-4,-3.667313848432219e-17,-3.913969842672671e-17,3.298685109787147e-17,1.0733601507606494e-17,05/03/2021,1947.1427,NHMUK.47.1427.Terutaus.CRANIUM.VENTRAL,variegatus,Female,Peninsular SEA,NA,Tarutao Islands,6.612945,99.650898,13860,100.00%
NHMUK.47.1428.Perhentianus.CRANIUM.DORSAL,0.029124052486110996,-0.012120135053515974,0.008875402561376556,-0.013396219246875235,-0.02485990244896647,0.008964507116770331,-0.015275664191960851,-0.0073609171323658846,-0.009981072258080597,0.008191130323426324,-0.006421452130363058,0.002981722570192414,-0.0032023712332946014,-2.873164291939599e-4,0.0017525551946716476,0.001260433710692776,0.004279546220400214,-0.010885313024201105,-0.00803642409079976,-0.0019813014639154126,2.1012623806164607e-4,-0.0034910324543108674,0.0019416362515110462,-0.002345047463093064,0.001706878053998226,-2.512401505295487e-4,-0.0011577570154688022,1.998998735354712e-4,-6.28819361229168e-4,6.838589504799201e-4,4.536144584478868e-4,7.70135263580703e-4,-0.0013456187869402903,0.0019417028104950496,-8.286250705652348e-4,-1.1082992751161946e-4,1.8351269509025677e-4,3.753879103085341e-4,-7.071708670036703e-17,4.7596475372113645e-17,-2.0247475571166795e-17,1.1817803680091998e-17,05/03/2021,1947.1428,NHMUK.47.1428.Perhentianus.CRANIUM.VENTRAL,variegatus,Female,Peninsular SEA,NA,Perhentian Islands,5.902628,102.754195,2720,100.00%
NHMUK.61.1162.Peninsulae.CRANIUM.DORSAL,0.012724911496346521,0.03774302763999277,0.0061159526412894105,0.00848256391054678,-0.005732529621373547,0.0034174458047492276,-0.007866414719547691,0.001331319634217923,0.0077895863357704135,2.853154096112684e-4,7.179475092210333e-5,0.0014048596639369942,0.0017390004087936678,-0.001493017289656222,-0.014357268789271316,-1.8259672608073824e-4,0.00225837167515502,0.002492371705995281,-6.510235469627279e-4,-0.003781838839827454,0.001507244684026302,-2.661689104174876e-4,0.0013798064981269595,0.001279362274476382,8.794731568537945e-5,-7.602584697465513e-4,0.0020629560865438575,0.0016255483876189147,-7.512146982541206e-4,9.691074386648318e-4,-2.556870637294195e-4,9.495949008100907e-4,8.153772046668437e-4,0.0011063417317483865,-7.140706944347534e-4,3.336727218130306e-4,-4.199613071657529e-4,-6.636367892457399e-5,6.315477654728063e-18,8.337514706413529e-17,-3.003240017784847e-17,2.168404344971009e-19,05/03/2021,61.1162,NHMUK.61.1162.Peninsulae.CRANIUM.VENTRAL,variegatus,Female,Peninsular SEA,Peninsular SEA,Peninsular SEA,3.078114,101.853127,4000,75.00%
NHMUK.71.2621.Peninsulae.CRANIUM.DORSAL,0.004541951930940237,0.0020218376576219914,-0.010080226780994675,0.022074940546949622,-0.008081071167945918,-0.009833219985494685,0.0021973692014556636,0.012027627203357831,-0.002100543347790562,0.004641612573587824,0.001354253771172201,9.455069368515807e-4,-0.01069505248953652,-0.005766735038364368,0.004832776974632819,0.0018541529950891875,0.004761230147619435,-0.0026121180705631383,-8.714820098886535e-4,-0.003525742078888226,-0.002311436187468075,0.0028963502944671254,4.887436042414009e-4,-8.614948546758305e-5,0.0026019861388255775,0.0023045186589136304,-0.0010010462128222553,-1.878495412650589e-4,3.4777790668460415e-5,0.0013426157470064438,5.986611640944066e-4,-2.0352175644525042e-4,-7.584423636084156e-4,1.8511710084760918e-4,-3.449593433456835e-4,-2.4816384246545653e-4,2.5745144714287114e-4,5.07924570404315e-4,7.829972564418752e-17,-1.0354130747236567e-17,-6.411700597536152e-17,-1.328147661294743e-17,05/03/2021,71.2621,NHMUK.71.2621.Peninsulae.CRANIUM.VENTRAL,variegatus,Female,Peninsular SEA,Peninsular SEA,Peninsular SEA,3.242112,101.766468,2750,75.00%
NHMUK.79.11.21.448.Variegatus.CRANIUM.DORSAL,-0.012729756970459987,-4.118641988565791e-4,-0.01362324061561458,0.003335201911402083,-0.02101313642967708,0.014173647541258504,0.01960050531303894,0.0037572916383816534,0.004966939504537593,0.009662698805395262,-0.008631542537535236,0.004752695209192824,0.0034712230826122064,0.010502117385649727,0.007583941335366243,-0.001038356910854074,0.002517061118604517,-0.005948552273471495,0.003700272740804407,-0.004204974416795129,-9.092561138085477e-4,-0.005180167555907182,-0.005911284557210636,-0.0018434620196629444,-0.0026233520243338303,-3.551447735440644e-4,0.0010122617177359976,-5.064753442306357e-4,-0.0033104334618979563,0.0010989850890062041,-0.001551539419894435,-0.0018333685848471914,8.549887745669317e-4,-2.839985427358205e-4,-7.422122624690307e-4,6.306282335668706e-6,3.2682602100720054e-4,-2.8735490963058307e-4,1.6771252355635147e-16,-2.881267273380228e-17,-1.9786689647860456e-18,1.9244588561617704e-17,05/03/2021,79.11.21.448,NHMUK.79.11.21.448.Variegatus.CRANIUM.VENTRAL,variegatus,NA,Java,Java,Java,-7.620019,111.641876,27380,75.00%
NHMUK.8.7.20.8.Peninsulae.CRANIUM.DORSAL,0.02910371374330938,-0.017418696389422908,0.012030950606687296,-0.009307729456552031,0.012690309302589312,-0.008837013112352906,-0.002611905052045147,0.005947824873217551,-0.006747506078028793,-0.011559697945963484,-0.011886472744371296,-0.00421867642153386,0.004432729906175768,0.004811867785204867,0.011352003424593207,-0.00717594817523166,0.006332637615581039,0.002078011692751172,0.0027039336985118685,-0.004459776239745407,0.0034026125576662875,-3.9792156710633225e-4,-3.4621069446428513e-4,1.0604428286866614e-4,0.0015493075800044078,-4.798220207498714e-4,-0.002547257414950464,0.001004893739472163,-0.0014755643289136536,-0.0018429906152697677,-1.2364230269985642e-4,8.269580249959926e-4,-4.7277626035650155e-4,-4.3061666110772167e-4,-3.0819859929552264e-4,0.0013000151084873262,-6.80089022002886e-4,2.8343852794476663e-4,7.196391919872536e-17,3.003240017784847e-17,-1.2949439697623744e-17,1.089623183347932e-17,12/03/2021,8.7.20.8,NHMUK.8.7.20.8.Peninsulae.CRANIUM.VENTRAL,variegatus,Male,Peninsular SEA,Peninsular SEA,Peninsular SEA,3.488784,101.767941,34960,75.00%
NHMUK.9.4.1.86.Peninsulae.CRANIUM.DORSAL,-8.559453504359622e-4,-0.0043111622821353154,0.001001443643847621,-0.02262275473757139,0.0012729708197788325,-0.010676464756168676,-0.0029982062583500187,-0.013056320516952996,0.008950041990520767,0.006868920403195529,-0.0016041549582225872,0.0029523612900514175,-3.2928872424088434e-4,-0.005055660141070874,-0.0024413089783384286,0.007104486892909563,0.007552177395112812,0.005248429126995058,0.005012937540314078,6.766819840958364e-4,1.914667124567298e-4,-0.002513163677028521,-7.510227128460732e-4,-0.0011710982513460121,1.8289054509229151e-4,0.0021271968603158655,-8.764023858099036e-4,-2.3457048344946901e-4,-0.001341797733287028,-0.002200118427905617,-3.85445076048029e-4,-6.826436435980184e-4,-3.650289701554474e-4,-6.33370237348865e-4,7.597084106852561e-6,-5.844542654868429e-4,-4.646339524857075e-4,-1.3788361209702638e-4,1.2897940094430682e-16,6.516055056637882e-17,-4.3855977877038654e-17,-4.4994390158148434e-18,12/03/2021,9.4.1.86,NHMUK.9.4.1.86.Peninsulae.CRANIUM.VENTRAL,variegatus,Male,Peninsular SEA,Peninsular SEA,Peninsular SEA,1.35833,103.976175,3910,100.00%
NHMUK.14.12.8.105.Peninsulae.CRANIUM.DORSAL,-0.020633295585860374,0.0050070287860156685,0.009132469744912563,0.002755292659091796,0.0024584413594803496,-0.017227291200687368,0.00387764494688449,0.015679268989599874,-0.020359529114537575,-0.0041468115170672,-3.580029812208173e-4,-0.007847517145672321,0.005833909269434116,-0.008229524353501699,-9.450524444243939e-4,-0.002743174710277583,-0.004750205916452154,-0.0020359103970447206,-0.0025100710079447907,-0.0049425492653451236,7.969712033453711e-4,0.0013184502150381577,-0.0020306437496419244,1.228769989154999e-4,-7.934665635161338e-4,0.0010592429048593504,1.402968180513093e-4,0.005550712999512922,9.999340341184607e-5,5.251854101994478e-4,2.7436492969702307e-4,2.914889463619628e-4,6.367589108711057e-4,9.975769780003337e-5,-7.877825805311966e-4,7.758053566529868e-4,1.846623772826443e-4,-1.8053355321249478e-4,3.412526337898125e-17,-2.677979366039196e-17,-1.894643296418419e-17,2.168404344971009e-18,12/03/2021,14.12.8.105,NHMUK.14.12.8.105.Peninsulae.CRANIUM.VENTRAL,variegatus,Male,Peninsular SEA,Peninsular SEA,Peninsular SEA,10.14962,98.593368,795,25.00%
NHMUK.34.7.18.89.Peninsulae.CRANIUM.DORSAL,-0.01148138574904506,0.004476139729292997,-0.009839412085814533,-0.0036539108593956196,0.006385651738967315,0.022812234424342742,-0.008277653957194995,0.005360865598577649,-0.002395584040404806,0.007781644207218284,-0.0024850236744963674,-0.004743392023229766,0.0032907504098738678,-0.003315722057064153,-0.006155838639826592,-0.005035419453557918,0.0011197080809903592,-2.7474451854227276e-4,0.0017303603531089663,-1.4728527917024203e-4,0.003692966388189227,0.0012534045870068746,-4.7477944422842465e-4,0.0012981552297807416,-0.0018423874597528755,0.00087807454799343205,-0.003265934666196399,3.049659538419176e-4,-5.410675073410432e-4,-0.002975093695937111,-0.0010692930753739911,0.0016057582180147244,-5.798486373964326e-4,-2.8172695065132865e-5,-1.2875251033447665e-5,-0.0019517048684730299,2.8483155472732114e-4,-3.528485091166544e-5,-9.214363213411181e-17,-3.821812658011403e-17,-1.2305694657710475e-17,2.6237692574149207e-17,12/03/2021,34.7.18.89,NHMUK.34.7.18.89.Peninsulae.CRANIUM.VENTRAL,variegatus,Female,Peninsular SEA,Peninsular SEA,Peninsular SEA,4.496415,101.570916,2005,80.00%
NHMUK.55.1431.Peninsulae.CRANIUM.DORSAL,0.03511224464485955,0.019162150346240556,-0.0063578985850576385,0.007717365357238272,-0.007455746355199825,0.009558465028822556,-0.005255643320440745,-0.006297893458406614,0.0019260213753917999,6.720873253033827e-4,-0.0055604731887721566,0.001354269126122982,-3.919718910618225e-4,-0.0013151682653289951,0.0010529462571091587,0.0011277098586819725,-0.001789881571696517,0.003908346626689315,3.271293478246981e-5,0.0021041750467923133,0.0013387185573398926,0.005032026932552949,0.0019658635713291264,0.002523990435394877,0.00327490826375453,0.0036389039215001433,5.779414831930085e-4,0.0012965161994040579,-0.001235971978013275,-0.0014108673388723819,-9.453131046054292e-4,-5.875632758668176e-4,-6.617167489653794e-4,-2.688173100763309e-5,-6.76014950798582e-4,7.683185508802151e-4,6.467317002134917e-4,-1.1432647954996307e-4,3.428789370485408e-17,-7.697835424647081e-18,3.821812658011403e-17,1.6263032587282567e-17,12/03/2021,55.1431,NHMUK.55.1431.Peninsulae.CRANIUM.VENTRAL,variegatus,Male,Peninsular SEA,Peninsular SEA,Peninsular SEA,5.776442,100.431575,7970,80.00%
NHMUK.55.1433.Peninsulae.CRANIUM.DORSAL,0.011177608050597651,0.031057455092833867,0.008435116181123097,0.008900452406212456,0.004805353313261638,0.0022711756478127946,-0.0013374141885266607,0.003111475204912209,0.00844208623855299,-0.012210338706864365,5.760717275069168e-4,-0.007548108555847282,0.0016145718974048616,-0.008622561276825015,-5.041793925310788e-4,0.0037343151146887496,0.006053741958080174,0.00426126226155561,0.0030214611618863234,-0.008603127398097541,-0.003206791060507697,5.377764110456442e-5,0.0018454212679338698,-0.0010099895809117538,-9.865560482229861e-4,-0.001243141693070515,0.0020404463208276175,-0.0017226168216638818,0.0010175028188740328,-0.0011993238041593842,-0.0010015263465522784,6.09840156424786e-4,-0.001285329853672074,3.950274113512549e-4,-4.3829931776349115e-4,3.3424096319545165e-4,1.686006979207478e-4,1.81571434743037e-4,-1.4781063742766443e-16,-1.248187751073937e-17,-2.1650162131819917e-17,-8.998878031629687e-18,12/03/2021,55.1433,NHMUK.55.1433.Peninsulae.CRANIUM.VENTRAL,variegatus,Male,Peninsular SEA,Peninsular SEA,Peninsular SEA,NA,NA,NA,NA
NHMUK.55.1436.Peninsulae.CRANIUM.DORSAL,-0.004973161838309982,-0.005512414879364363,-0.01602657007697085,0.012565166593951908,0.013415827516294854,-0.024411202491338047,-0.0028650619915548173,0.013430614031984473,0.0031070202336281323,0.003637001768999846,-0.0013101958524723008,0.0057742711889365896,-0.006227008620322456,7.928431800607185e-4,-0.002605375105315367,-0.0021084914328077173,-0.005986583238514936,0.0013082225279990806,0.0018699307756351704,-0.004175713005877165,-0.00558599612031595,-8.203061433698051e-4,-0.0025655859771430453,-0.0010357491385408245,0.0025554257715620886,5.916325161146579e-4,-5.26851145075357e-4,-2.1022477251521115e-4,-0.0014993707393419463,0.0016284424561277809,0.0011138063396453379,0.0013323325333170247,-2.359294772789086e-4,4.322295763866493e-4,-5.15740783976619e-5,-3.326473723474764e-4,4.3362071817925653e-4,-3.654680782508501e-4,-1.037445953797067e-16,-1.759118024857731e-17,-4.7149241975963374e-17,2.3852447794681098e-18,12/03/2021,55.1436,NHMUK.55.1436.Peninsulae.CRANIUM.VENTRAL,variegatus,Female,Peninsular SEA,Peninsular SEA,Peninsular SEA,6.630211,100.185922,3300,50.00%
NHMUK.79.11.21.240.Peninsulae.CRANIUM.DORSAL,-0.01004525254905758,-0.006425995056652563,0.01216900035361796,-0.004321712966507858,-0.009109940794608185,0.001990270047393152,-0.009133618923737118,0.004801067367443828,0.0016597460728827267,-0.007588866861237739,0.0059041125523904775,-0.0066369238924251246,0.0012391489175883888,-0.0029269085325470783,0.0014231982784395788,0.0018700159854065585,-0.005604577585367899,0.0051865814658596235,-0.001750636929827173,-9.855763961982586e-4,-3.7979836924234263e-4,-0.0038251844272812444,0.002428261019253541,-0.0044202680645300165,-0.0015276557315324658,8.852219896063292e-4,0.0018110158283536554,-0.0013936748848262675,0.002548606994380982,2.890620431181671e-4,0.002465474253661932,5.346951233107419e-4,6.541090563445335e-5,-2.2300943163711817e-4,-0.0013239760297182762,4.6580603149612383e-4,-2.4275105690074695e-4,5.428549336892245e-4,9.429848395192675e-17,-4.437097390896927e-17,7.237049501340742e-18,-3.7947076036992655e-18,12/03/2021,79.11.21.240,NHMUK.79.11.21.240.Peninsulae.CRANIUM.VENTRAL,variegatus,NA,Peninsular SEA,Peninsular SEA,Peninsular SEA,5.38255,100.247977,11080,100.00%
NHMUK.98.1.7.4.Peninsulae.CRANIUM.DORSAL,-0.028245691128593087,0.005698645902485756,0.011346069581457247,0.004681592441560974,-0.010742151145771966,-0.007162681519264948,8.794039904862871e-4,0.001366254763235462,0.023810249910114056,0.010073648746684604,0.009796749258118265,0.013905673284079495,-0.005035351886304472,-0.010469842882539137,0.009397528483823891,-0.018488609460991814,-3.8959444191463384e-4,0.004180316729893595,-0.006662035962738954,0.0011146384334845398,0.0033263196349996903,-0.004357447677006301,0.0021316462470457693,-4.844524922851486e-4,0.0017339485492491463,-2.1503109352545503e-4,8.83005142360807e-4,-0.0011047208566249992,0.001300309740863781,-0.0013242662585952573,-3.560670145860463e-4,9.732239241473251e-4,2.6813347730974884e-4,-6.614752558789528e-4,1.866184653166362e-4,6.874746363472284e-4,5.447476685274727e-4,-2.970900283783426e-4,7.838781707070197e-17,-3.7730235602495554e-17,-1.8675382421062814e-17,-1.4203048459560108e-17,12/03/2021,98.1.7.4,NHMUK.98.8.7.4.Peninsulae.CRANIUM.VENTRAL,variegatus,Female,Peninsular SEA,Peninsular SEA,Peninsular SEA,1.589617,103.54477,5800,100.00%
NHMUK.98.8.3.1.Peninsulae.CRANIUM.DORSAL,-0.009665067054445853,0.009985706183829308,0.0060505000651798636,0.002950857376768775,-0.0012396132092102308,-0.0011147437288409113,0.0018998178187333277,0.005054978751544449,-0.0023906285117167555,0.002427655462041934,-0.00812997899946549,7.968106389873623e-4,0.012918245106785525,0.008448299079618395,0.006027103659316612,-0.0052705103638422575,0.00275316019343448,0.0029343767817181588,0.0021917143917857635,0.007397098323305483,0.0017589352649481902,-0.0044813722208397536,0.00331771514965449,0.004637296271602716,5.40647332840523e-4,-0.0026219057294959635,3.9891184972214486e-4,0.0013786561873076401,5.161530242283041e-4,0.0022505786494587702,-8.770193651838291e-4,-0.0016426701157886952,-0.0019067990866386106,2.3736655027921334e-4,-0.001156937336140637,-9.359267251841894e-4,5.164194731129366e-4,2.5426599535292133e-4,-3.5439858513119926e-17,-1.1817803680091998e-17,-3.46267068837558e-17,1.1763593571467723e-17,12/03/2021,98.8.3.1,NHMUK.98.8.3.1.Peninsulae.CRANIUM.VENTRAL,variegatus,Female,Peninsular SEA,Peninsular SEA,Peninsular SEA,5.425962,100.252069,7500,100.00%
NHMUK.0.2.2.6.Borneanus.CRANIUM.DORSAL,0.002520378073444179,0.02216597045993062,-0.0014328908462919398,-0.0016716255514616734,0.0035903313215781755,0.014183916074106734,0.019782539500567957,0.0032290459480926554,-0.02342873367163429,0.007093178366623597,-0.0021956051500998954,0.0025058134738590292,-0.004315436827134344,-0.0032490094152476385,0.003759349165563701,0.007305262156054965,-3.105747924585791e-4,0.004542047004792593,7.006659228909842e-4,0.0038554559805944215,-0.006101716924648854,9.179148881944114e-4,0.003414782811276104,0.00460135776191637,0.004176104443054089,-4.4725040902789635e-4,-3.0354824044104213e-4,-0.0017168765260553145,-4.0424841250985625e-4,-0.0023058343309426497,0.0011117057405350117,5.462350379563016e-4,5.057822177368757e-4,-2.524762686534765e-4,-4.4057106985108884e-5,7.858447249846695e-4,-0.0011738158610046273,-1.2382127166320068e-4,1.3164924879405238e-16,-6.114900252818245e-17,2.8189256484623115e-18,3.469446951953614e-18,19/03/2021,0.2.2.6,NHMUK.0.2.2.6.Borneanus.CRANIUM.VENTRAL,variegatus,Male,Borneo,Borneo,Borneo,3.333439,114.151928,5000,100.00%
NHMUK.0.3.30.4.Borneanus.CRANIUM.DORSAL,0.020996923433297076,0.003935806370443083,0.012652023996798073,-0.029242262416624833,0.004857050942678726,0.003666808045483042,0.006371169446765718,0.004747981745790132,0.0063694451588130665,-0.0022239052390104464,-0.014767870504606359,0.00288110997646461,-0.0013786820513045255,-0.0023165232240990484,0.0042834014229588355,0.002422369471931649,-0.010284362797894334,0.0027077185391961157,6.921966885008711e-4,0.006523708418543733,-0.004737273021888819,0.0012707598026916443,-0.0015136358069294936,-0.0021549894140438165,-0.003847843223049738,0.0016282208993803654,-4.051946964201043e-4,0.0018338861870634067,3.5760475269349187e-4,0.0014818663965486085,-5.409763884878678e-4,8.899582002924236e-4,-0.0018117394323219056,0.0011029054179440218,-7.9634049974995e-4,0.0014443829327453533,-5.041015527782404e-4,-1.1185204045097925e-4,1.0059363281592071e-17,6.440160904563896e-17,-5.900770323752358e-17,3.74049749507499e-18,19/03/2021,0.3.30.4,NHMUK.0.3.30.4.Borneanus.CRANIUM.VENTRAL,variegatus,NA,Borneo,Borneo,Borneo,3.670523,114.442385,115000,75.00%
NHMUK.0.8.4.4.Borneanus.CRANIUM.DORSAL,-0.012844058992411641,0.02182679620547653,0.02226979397769009,-0.018047786816143344,9.800319180318844e-4,0.00588538821189107,0.007401033813008047,-0.006258990968730552,-0.0024428703516266082,0.007743693193463675,-0.003317969550522354,0.003225662655836716,0.0025831312651488523,-0.006967977764040977,-0.004239569083425623,-0.002646522216014382,-3.9262274812841953e-4,-0.005246453056797912,-6.666281706016692e-4,-0.0012764149118247184,-0.007143917976334948,4.571888820591557e-4,-0.001399659556614532,-0.001068276578993654,0.0014042520623756187,-0.0023318752777110275,-0.0028066086759693256,0.0017911956221593884,0.0012117587510422916,3.956354458455498e-4,-0.002684581422640211,-2.90436168509943e-6,-0.0010898688369628123,1.2184903808957378e-4,9.494297704861716e-4,5.857985055346747e-4,-3.3753657597739993e-4,2.9235389596874676e-4,8.009543549236664e-17,3.9085488318102435e-17,1.0313473165768361e-17,2.2063514210080015e-17,19/03/2021,0.8.4.4,NHMUK.0.8.4.4.Borneanus.CRANIUM.VENTRAL,variegatus,Male,Borneo,Borneo,Borneo,3.670523,114.442385,115000,75.00%
NHMUK.8.1.25.25.Aoris.CRANIUM.DORSAL,0.007526685969443233,-0.01263874891643275,0.03084768559599282,-2.034722639538692e-5,0.0013985384889930988,0.003729279726460881,-0.00640603722649098,0.0016143164868709543,0.0014310073943562937,-0.0010874345469226855,0.008611494989360792,-0.007957010398427751,0.007728799394168779,0.007893740644524085,-0.0018378693490961019,0.0015257808275071295,-0.004014375237825677,3.920325596317521e-4,-0.0025378327056269677,0.004542661405356163,9.220745058817521e-4,0.0022397660937120947,5.799820356162311e-4,0.005706560356035076,-0.00344620395190875,8.545140706003615e-4,-7.072354069435199e-4,6.769220637109529e-5,-0.0024588554193064167,7.444823159452976e-4,9.321407260193234e-4,4.427738701014172e-5,1.3645342748831122e-4,-2.8089381847277696e-4,0.001011844437372989,4.974870819549255e-4,6.513763752657754e-4,0.00035768876360026347,9.98821251402271e-18,-4.3151246464923076e-17,-2.6508743117270583e-17,-2.6020852139652106e-17,19/03/2021,8.1.25.25,NHMUK.8.1.25.25.Aoris.CRANIUM.VENTRAL,variegatus,Female,Peninsular SEA,NA,Aur Island,2.448942,104.520053,2630,100.00%
NHMUK.8.1.25.26.Aoris.CRANIUM.DORSAL,-0.012986318575918292,-0.021024248473303538,0.019873557738597603,0.005322262323627696,-0.0010430880745497114,-0.00823914569332636,0.004542986400876729,-0.008713448189566639,-0.002731717838869295,-0.008086655590087158,-0.0025741328070581194,0.0014594790999421423,0.0034010272322291513,2.0681233665938826e-4,0.0013288081847058696,-0.0014985450692670745,0.0016916461774454776,5.688099901137256e-4,-5.147846845892836e-4,0.005777805836165867,0.0023951531071742496,-0.0017286236823108052,-6.432030008753015e-4,0.0023055875877281253,7.998937450697372e-4,0.0035287251106995206,0.00498625950328676,-0.003413121829220689,-2.710459481177224e-4,-0.001606930859318537,8.874953048488268e-4,-7.967528637789051e-4,-8.548745887368722e-6,3.4413788030257346e-4,-7.510319716269614e-5,2.402374677386206e-4,3.89440526765661e-4,7.384415922742932e-4,3.608868575071672e-17,1.375445981069423e-16,-1.3735486272675734e-17,-4.607859233063394e-19,19/03/2021,8.1.25.26,NHMUK.8.1.25.26.Aoris.CRANIUM.VENTRAL,variegatus,Male,Peninsular SEA,NA,Aur Island,2.448942,104.520053,2630,100.00%
NHMUK.8.7.17.6.Borneanus.CRANIUM.DORSAL,0.0014499105843384823,0.011834527064813426,0.018473901373494597,-0.003082670482727457,-0.012489062890903893,-0.0012665926427250992,0.0134119002918956,-0.008290520872969685,-0.00865073595318189,-0.002829581612179275,-0.0036910189093857623,0.0037535966144684792,-0.0013993278157182663,7.858586291668423e-5,0.008339222359463896,0.010392501726879447,0.0016220485958281005,1.1372223881207891e-4,0.005229422958700369,-3.203530791399772e-4,7.059976246258412e-4,-1.8318169997135104e-4,-0.0018366477543961751,0.002422714244409956,0.002009296523518239,0.0012773942532453453,-0.0021857918549547752,-0.0026490653236486412,0.001633176166894397,0.0012549820936713675,-7.375261110855811e-4,4.4861339017709815e-4,0.0024120332328178558,3.678917474428527e-4,2.313361288882655e-4,-7.018600378561725e-4,7.811377006674159e-4,-6.046942614557597e-4,1.242089113853706e-16,-1.2522535092207576e-17,-9.134403303190375e-18,3.2526065174565133e-19,19/03/2021,8.7.17.6,NHMUK.8.7.17.6.Borneanus.CRANIUM.VENTRAL,variegatus,NA,Borneo,Borneo,Borneo,5.304512762,116.9350579,253000,75.00%
NHMUK.9.11.1.10.Pumilus.CRANIUM.DORSAL,-0.008434520383644744,0.008916632431785068,0.009949424555482514,-0.006713073503236233,0.010573934062376682,6.365167302691278e-5,0.004088831961758899,0.004862919253041229,-0.0033973153037046874,-0.0034256778721322347,0.010250616993084662,-0.00425418274674885,0.0021740282428799928,0.0023463645183891078,0.009270748353397371,0.001706958747993049,-0.003594236527161922,0.004919152757969107,-0.0026458187031475995,0.0017420092584988168,0.003509393411286003,2.4073437084403852e-4,-0.0032311499048512417,-2.048730043165003e-4,5.826088290362321e-4,-0.001259327486669355,-0.002194416801143309,1.4241475874315887e-4,-4.7948163651588533e-4,-4.786203525701165e-4,0.0026028555964054353,-6.274504114214003e-4,-4.779496584423063e-4,0.002352738291879368,-4.4221378167603147e-4,-0.0010007870778817964,-4.6687518617258874e-4,-1.6906858907573364e-4,-8.189453347233477e-17,-6.396792817664476e-17,2.3310346708438345e-18,1.610040226140974e-17,19/03/2021,9.11.1.10,NHMUK.9.11.1.10.Pumilus.CRANIUM.VENTRAL,variegatus,Male,Peninsular SEA,NA,Peninsular SEA,6.239468,99.810481,6960,100.00%
NHMUK.50.10.24.7.Borneanus.CRANIUM.DORSAL,-0.003384539942474825,5.694834545583087e-4,0.01033927884074265,0.015623763969223924,0.011015523933980802,-0.02071901014584721,0.0019656198324820946,-0.01643426766641638,-0.01110817629738772,-0.008276593597544027,0.004684827565325173,0.008075289723403182,0.0036971029915174557,0.002664972213621033,-0.0013654340894650935,0.004104765128428058,0.007801918901852765,-0.00654225055030819,-0.004867578699161022,0.0023351651268058576,0.002065779843354135,-5.997243451914055e-4,0.0012829139001983246,-0.0020772965524388886,-7.987191724121627e-4,0.0021660382242316575,-3.551396817883238e-4,5.997156603568687e-4,-9.801667262715273e-4,0.0014850213639620439,-4.881783398118347e-4,-2.6897525096756045e-5,2.5411088605969485e-4,-8.255270499465391e-4,-6.620858900512429e-4,-8.780630699954004e-4,-2.4901399005760526e-4,2.5021253444035133e-4,-8.395112946826822e-17,-9.950265437985717e-17,1.4325021203964727e-17,7.914675859144182e-18,19/03/2021,50.10.24.7,NHMUK.50.10.24.7.Borneanus.CRANIUM.VENTRAL,variegatus,NA,Borneo,Borneo,Borneo,2.462345332,113.2457313,325000,75.00%
NHMUK.51.183.Natunae.CRANIUM.DORSAL,0.027334559092902125,0.03116411367022059,0.00944191220498927,0.0043192434985864624,-7.534012875097017e-4,-0.004215691480384665,0.01052031074123894,-5.187605686675384e-4,0.006278051209740756,-0.003131156886710868,-0.016909178992514366,0.0060619280762956515,0.002566982116924874,9.049239858826434e-4,-2.537618815770135e-5,-0.007072247142292216,-0.0014777313066152938,0.0022058224043523065,-0.001432332989723436,0.0023913312789222165,0.0015315713556592172,0.0016648332270580504,-0.0024895870111488008,-0.0020724205330225885,0.0015463658221675433,5.297601002493707e-4,-6.750626080874759e-4,5.866571593487876e-4,-0.0032304626833690817,-3.0292303068374355e-4,0.002015302298776601,-0.0013877321447926941,-2.5277431021854485e-4,1.4865397547670197e-4,8.200891141728831e-4,-9.611835186832341e-4,-3.762518566654825e-4,-2.3216333182146662e-4,-1.294207051098263e-16,-6.619393076202906e-17,5.978358541720852e-18,1.2647895968401213e-17,19/03/2021,51.183,NHMUK.51.183.Natunae.CRANIUM.VENTRAL,variegatus,Male,Borneo,Borneo,Borneo,2.468095081,114.4048301,100000,75.00%
NHMUK.55.1430.Peninsulae.CRANIUM.DORSAL,-0.006159383559832713,0.009266462000779102,-0.003671730813786905,-0.0029400885932472504,-0.008928601875661043,-4.6769454062071074e-4,0.00944691113992495,-0.009807668736055342,-9.063174418668087e-4,-0.0056135840961140495,0.007255969332513286,0.005566348868586142,0.00579530192740042,-0.014518163304703704,0.004726691149743796,-0.0033711911994779194,-0.005458368226173683,0.002652693956776009,-0.003408235715804857,-0.008373788625740406,-0.003279277710819157,-0.0038001693980987904,4.2541470436312896e-4,0.0027967427114573696,-0.001833443751968994,-1.2761620344827477e-4,-0.0029264661089620798,-0.0028816643587187777,-0.0010121244266241348,-8.645512836822409e-4,-0.0011344854459237462,-0.0026373182578165485,0.0013225694624059638,6.581969492995348e-4,4.225081652931366e-4,-3.315990196035182e-4,1.7370520690004128e-4,4.2318790291541436e-4,5.1543648906318684e-17,-2.054563116860031e-17,4.167402100491158e-18,1.2332799712022613e-17,19/03/2021,55.143,NHMUK.55.1430.Peninsulae.CRANIUM.VENTRAL,variegatus,Male,Peninsular SEA,Peninsular SEA,Peninsular SEA,10.28768056,99.119288890000007,5000,75.00%
NHMUK.55.1444.Aoris.CRANIUM.DORSAL,0.011999628076978342,-0.009753173349695119,0.007038956588222311,0.012996445180604747,0.019700622105487703,0.003911824417394453,0.0018985906763647829,0.0036160480060337947,-0.008631923490680066,0.005010967517238391,-0.0018298015106082885,0.0029544224609463917,0.005394382317097191,-3.156475476016826e-4,-0.007493817741283443,-2.6458670484798687e-5,-2.2252078554860157e-5,-0.0026165111483066918,-6.61344861490101e-4,0.0015027007617689592,0.0032581400671465835,-0.005807425416078838,-0.006030395880914467,-3.6257297443368085e-4,0.0012837967223057773,2.1162119507492447e-4,-0.0034090982407341463,5.854198776171092e-5,0.00562680266027084,-0.002246247559399514,-0.0012169806629042925,4.028301526692356e-4,0.0013457221308100895,1.7271358990263966e-4,3.9509011150072593e-4,7.423631535056596e-5,0.0014852535187985744,8.101817216866191e-4,-9.963817965141786e-17,2.0599841277224584e-17,-2.42861286636753e-17,-2.168404344971009e-18,19/03/2021,55.1444,NHMUK.55.1444.Aoris.CRANIUM.VENTRAL,variegatus,Male,Peninsular SEA,NA,Aur Island,6.620034565,99.6490535,13200,100.00%
NHMUK.55.1445.Aoris.CRANIUM.DORSAL,0.004460448994589841,-0.027720160625398567,0.018070057893825518,0.004326824285418137,0.004607319725979579,0.018412707066331507,0.008788638920137641,-0.0054734808849772705,-0.012372765585916042,0.0027796514096091684,-0.006917641808923884,-0.005404646667365409,-9.066571403255124e-4,-0.0013993254509499261,-0.004214213656254611,-0.006870193736177589,-0.002608633981483371,0.0019211238679547329,-0.010212499869629667,-0.0051726011244359275,0.0027544382599157743,0.0071200908749623195,-0.002874995592840656,-0.0028100279810718653,-9.327668768343764e-6,0.001669398489569481,0.0025515541414360245,-0.002675270357829257,5.406479877019976e-4,7.145604117479622e-4,-0.0013146739593298206,8.953367333395265e-4,-1.5139571947619541e-4,9.624684016867916e-4,9.86032097686105e-4,-0.0010637695693496466,-5.46396529270444e-4,1.49262327945247e-4,4.385258974524964e-17,-4.4316763800344994e-17,-4.608536859421197e-17,-1.2441219929271163e-17,19/03/2021,55.1445,NHMUK.55.1445.Aoris.CRANIUM.VENTRAL,variegatus,Male,Peninsular SEA,NA,Aur Island,2.448942,104.520053,2630,100.00%
NHMUK.55.1446.Aoris.CRANIUM.DORSAL,-0.005690287512661191,-0.03813854338445779,0.01091583300967695,0.00586785224979675,-0.008313470976330525,0.010700148695710999,0.0098619333202458,0.006344641725402027,0.00436090333409927,0.009827668737855696,-0.0045006294883453155,0.00436231353130074,0.004663415368678082,3.0618028943788043e-4,-0.002077611797174967,0.004517877587000268,6.366043629593161e-4,-0.002481053961349398,2.303551164111743e-4,-0.0026412627469140503,0.002328903106770104,0.0012579825826252394,0.00416465156527207,-0.0029191365551859442,0.00342457132526785,-0.0040168338549274995,0.0043328515790774045,-0.002546362361207752,-4.0041713805443553e-4,3.138379714595985e-4,0.0017497328416210228,-8.232080723843139e-4,-0.0020911743112553955,3.57398906145724e-4,-8.687161997869187e-4,5.282521370267722e-4,9.359998062796119e-4,-4.8570870151555165e-4,-5.576526111543412e-17,-3.323079658668071e-17,-1.572770776461785e-17,1.0137290312739466e-17,19/03/2021,55.1446,NHMUK.55.1446.Aoris.CRANIUM.VENTRAL,variegatus,Female,Peninsular SEA,NA,Aur Island,2.448942,104.520053,2630,100.00%
NHMUK.55.1447.Aoris.CRANIUM.DORSAL,-1.3653963677637233e-4,-0.02390589829795235,0.018689591392021677,0.011338246557781881,0.004111277415451597,-0.0024784854588903852,-0.012959406770240814,-0.007464673992195065,0.005074949079110331,0.003903164835457373,-0.011454599777123738,-0.002150043542845692,-8.136118401585568e-4,0.004053780551411429,0.001029984165936916,-0.0016465356134631136,0.002998298510002611,-7.155994674416685e-4,0.003221805899702671,0.004167888963370185,-0.0056194269453555025,0.0024488050267799173,-0.0014039967295359369,-0.0063040927336267686,-9.402888326285239e-5,-0.0013791087783094846,-0.00541181102970189,-0.0028568129716807574,-2.0221822205562564e-4,-0.0010125018228959277,6.213950537736241e-4,5.703795409541105e-4,0.0018988123406542845,-8.339304331538302e-4,-0.0021527012565135924,-1.672847240041057e-5,3.364258841494725e-4,-3.4185686655814585e-4,-8.750866784673628e-17,4.553649124439119e-18,-3.279711571768651e-17,-2.8189256484623115e-18,19/03/2021,55.1447,NHMUK.55.1447.Aoris.CRANIUM.VENTRAL,variegatus,Female,Peninsular SEA,NA,Aur Island,2.448942,104.520053,2630,100.00%
NHMUK.55.1448.Taylori.CRANIUM.DORSAL,-0.0213450000008437,-0.0061744260723501235,0.006570195639759395,0.0043984560319371546,0.016198971011709903,-0.01021579143359589,-0.010082614046590162,-0.002258273386494405,-0.0010745960518665117,0.007346921934691146,3.5941421971259703e-4,0.008302693705981317,-0.0025570218087929957,0.0010301325418142805,-0.008821534376756557,-0.0015730752321895171,-0.0025298358025008594,-0.002903346701568596,0.006582726285608314,-0.0020777424646144576,0.006928149274966854,8.446743638463896e-4,0.0036703761651743993,0.004911782438988648,0.003918522341537163,-0.004234913233948528,-0.002702684028746553,4.234829034663654e-4,-0.0016679469680950204,1.703825402460293e-5,0.0010421928018122307,-0.001407303114992436,5.376529705118617e-4,0.00133902459401478,-6.564203340479824e-4,-7.632887784085316e-4,-0.0012606364782699804,-2.405217003511846e-4,1.0297210133181078e-16,5.074066167232161e-17,-3.7025504190379976e-17,-8.239936510889834e-18,19/03/2021,55.1448,NHMUK.55.1448.Taylori.CRANIUM.VENTRAL,variegatus,Male,Peninsular SEA,NA,Tioman Island,2.789944,104.202186,1450,75.00%
NHMUK.55.1449.Taylori.CRANIUM.DORSAL,-0.022274416628546394,0.0018446440732456204,-0.02184046810623978,0.014884119722139051,0.006038256389742026,-0.011329824315921763,0.006783353724083055,0.007982394577214265,4.1583843962881016e-4,7.871531772321377e-6,-0.005769126617868458,-2.279921961387753e-5,0.011415408485780416,0.003881091465344616,0.0020707327761595954,0.008454254904107422,0.0035448830107410794,0.0029476319305599863,-0.003497094451274178,0.0035997934893087264,0.00544785674217442,0.0014257682750388767,0.0016249760829680367,3.116612799503209e-4,2.7652095893381087e-4,3.9409741475128035e-4,-5.925975566704377e-4,-0.0020065254314385844,0.0011065444260517582,-9.348047482999056e-4,-0.0017629440216596042,0.0028371365310580314,-0.001232849646702748,0.0010809188497671745,0.0013302363595443397,3.363443486318712e-4,-4.8689156673677354e-4,-3.044134648250212e-4,5.618877758906127e-17,1.5368565794982025e-17,3.178067618098135e-18,3.184843881676169e-17,19/03/2021,55.1449,NHMUK.55.1449.Taylori.CRANIUM.VENTRAL,variegatus,Female,Peninsular SEA,NA,Tioman Island,2.803797,104.168595,9730,100.00%
NHMUK.55.1450.Taylori.CRANIUM.DORSAL,-0.015752542969068938,-0.01041180823345595,-0.0037897596921635975,0.007620362255108855,-0.017636431277527176,0.009254514870467068,0.013631121956959102,0.002739131682913413,0.011244010418428844,0.004297098354341424,0.00786459230702508,-0.004851316939695653,0.0051172210824000745,0.010464384263846053,0.0023429160937090995,0.004166569334627181,0.0017518440081238495,0.003454263898498194,-0.007158473838759574,0.0014865934614005235,-0.0025587512684472234,0.00237798310099615,0.0023321107024055743,-0.0019004865234208536,0.0035740220740520115,-8.155120512041162e-4,-0.0024420964366842946,0.0033583447126501065,0.0022833209686626598,-2.7668316539080685e-4,1.7228231259957502e-4,-0.0014676675553316695,9.85348511315882e-4,-1.5056072038090109e-4,0.0013043622974339925,0.0011668324071324578,-3.666605009509694e-4,1.8085696108205167e-5,3.9329433806911673e-17,3.119791751327039e-17,-3.5236570605778894e-19,1.0462550964485118e-17,19/03/2021,55.145,NHMUK.55.1450.Taylori.CRANIUM.VENTRAL,variegatus,Female,Peninsular SEA,NA,Tioman Island,2.789944,104.202186,1450,75.00%
NHMUK.55.1451.Taylori.CRANIUM.DORSAL,-0.014439219374261417,-0.007647955876507812,-0.0269677717790377,-0.017111947593465862,-0.009909309970722547,0.002144385894813885,-0.012833379596374808,-0.0018375028149578206,-0.002182330838135753,0.004216131877811521,0.003380112712181166,0.010104153215256418,9.045687651237528e-4,0.011319551543739056,4.8718718047035435e-4,0.0016863266512671773,-0.0029072712546368883,-0.0010630351857382142,0.004500646498786633,-0.0032943718898566176,-0.0025132761919500783,0.004109623405761065,0.0014928852232670973,-0.0028685849428793783,-0.001955093964489248,-0.001361749342297425,0.0013020873022829306,-0.0015201578170532404,7.507022325099531e-4,-0.0020978838673151334,8.093575984548799e-4,0.0012454797318873477,-2.263554408887304e-4,-2.8359099808723424e-5,0.0011152190215731367,-2.2600683367590842e-4,-2.1893602401130974e-4,0.0010516280305858617,-3.3203691532368573e-19,-4.1362312880321994e-17,-3.763536791240307e-17,-7.37257477290143e-18,19/03/2021,55.1451,NHMUK.55.1451.Taylori.CRANIUM.VENTRAL,variegatus,Female,Peninsular SEA,NA,Tioman Island,2.789944,104.202186,1450,75.00%
NHMUK.7.6.18.3.Tellonis.CRANIUM.DORSAL,-0.007996597601162442,-0.018731746672168162,0.012881481686850734,0.005579851106288023,0.015432000637645948,-0.002407440650641483,0.003392726116411658,-0.004195567375134837,0.013501562787153039,-0.005498771116180241,-0.0022550024674925827,-0.00790228970389199,-0.006765394578001623,-0.002080241503142872,0.008947892075466542,-6.911479378933969e-4,0.004540308812066704,0.0031582585881097273,-0.0037508185631105707,-4.650612187193054e-4,0.0020557333362590576,0.001158057485668668,4.029604710727847e-4,-9.774802432273943e-5,4.7360619899514844e-4,-0.004585815443635887,0.0011076598150483216,0.0038037816245634,-5.157516084084424e-4,-0.002051857799037229,-0.001304593246694193,-3.4403287352035737e-4,-9.054255141584635e-5,-0.001402027909789347,-3.747452450502115e-4,-0.001574864382908657,-2.4986791346274324e-4,-1.5992389203274495e-4,5.299038118022903e-17,3.165870343657673e-17,-8.348356728138384e-18,-1.0625181290357943e-17,26/03/2021,7.6.18.3,NHMUK.7.6.18.3.Tellonis.CRANIUM.VENTRAL,variegatus,Female,Sumatra,NA,Batu Islands,-0.063028,98.276616,3040,100.00%
NHMUK.7.6.18.4.Tellonis.CRANIUM.DORSAL,0.004893014910746201,-0.013481502114440921,-0.0028883841364283464,0.00675745682824203,0.00419392365654373,0.0021673854328491124,0.01382180239787761,-0.006977347258769959,-0.002361190676180791,0.005143462610249506,0.0027693047056340943,0.0010981771671362344,-9.55512074837767e-4,-0.012015185822822955,0.002779680371893826,-0.002791924446467405,0.0059719175908890245,6.401056195314151e-4,0.0061449796152916345,0.004015035134536376,-1.5329782588580906e-4,0.002828907633267794,-9.65603403972051e-4,-0.0013559182399790633,-0.003737233625415579,-4.3097681964528444e-4,0.0016745788342549806,0.002287499967852991,0.0018297893686012557,0.002519059837368543,0.0023866428905200917,-0.0021935186534277748,4.062439042349449e-5,0.002364129429914742,0.0016386150830678577,-4.437485640650684e-4,-1.900876147607842e-4,1.6824157540352863e-4,-9.685991158442375e-17,3.1008182133085427e-17,2.986976985197565e-17,1.5829351718288365e-17,26/03/2021,7.6.18.4,NHMUK.7.6.18.4.Tellonis.CRANIUM.VENTRAL,variegatus,Male,Sumatra,NA,Batu Islands,-0.063028,98.276616,3040,100.00%
NHMUK.9.4.1.93.Peninsulae.CRANIUM.DORSAL,-0.018017918020456835,0.01599922061559323,-0.01498770911349928,-0.015214669352527833,-3.057244580817214e-4,0.007788532176794599,-0.009724708600018716,-0.008528101652016612,0.002872834184943464,-0.0057151252638191555,0.0066916635964505,-0.007061487899803609,0.012597506586271488,-0.008285522063261436,0.002454693903192785,-0.002721081644256155,-0.002077180024640888,-0.006218557354149739,0.003875341593304937,0.004201955967336982,-4.406321313820998e-4,2.5424815853620933e-4,-0.004630824005419063,0.0019446656927917878,0.00442595919745971,-0.0024788966876224117,0.0032085135384631877,-0.0013016701023324418,4.6634405672845943e-4,-5.2581666600410894e-5,0.0017940981433323705,2.469359266691237e-4,-7.354468962760093e-4,-3.6843285928089234e-4,-7.243954171030475e-4,6.139603913466608e-4,3.437770558724541e-4,-1.1785829140013043e-4,-3.077778917143226e-17,-9.812029660993815e-18,-1.1668725881375241e-17,1.1817803680091998e-17,26/03/2021,9.4.1.93,NHMUK.9.4.1.93.Peninsulae.CRANIUM.VENTRAL,variegatus,Female,Peninsular SEA,NA,Riau Archipelago,1.004349,104.451249,27700,100.00%
NHMUK.9.4.1.96.Chombolis.CRANIUM.DORSAL,0.011989161502124689,0.004866435933126609,0.0031014117630105958,-0.015701171728943437,0.015329808213058233,-0.014881118111578388,-0.0010692156171531885,0.011756387316453114,-0.009297810112762941,0.006518715080537553,0.011549476415542522,-0.012390562232333686,-0.007539236302847311,0.008689109125150923,0.003195855972129049,-0.005419935379384439,0.0010377442235341293,-0.003453356522891263,0.0065711602159967426,-0.001932190989345987,-0.0021009903000990243,-3.012534214584042e-4,-0.0017016706726185069,-0.0019146293172530094,0.0024746490983305193,-0.0010909421106431512,0.0021669672261715,-0.0029982441333480476,-0.001024901187801642,-0.0010986446501353375,-6.145665680259099e-4,-8.273925359126496e-4,0.0016704503088714434,8.132931745413648e-4,7.131850988492495e-4,6.447637877997659e-4,3.811692459424301e-4,3.28963120763432e-4,3.211948935988307e-17,-5.095750210681871e-18,4.559070135301546e-17,5.421010862427522e-19,26/03/2021,9.4.1.96,NHMUK.9.4.1.96.Chombolis.CRANIUM.VENTRAL,variegatus,Male,Sumatra,NA,Riau Archipelago,1.05586596,103.3631257,11120,100.00%
NHMUK.9.4.1.97.Chombolis.CRANIUM.DORSAL,-0.012961541578431804,-0.004699104132754925,-0.008196905638264394,0.008849271130671453,-0.00834660795986099,-0.009298625978518339,-0.00264529207243693,-0.012275993656283558,-0.003981228293214147,0.012843757103360182,0.007557015091817798,-0.013507479891304904,-0.0015689768277327015,-3.7061022316109307e-4,0.004145055822451904,0.002835733360797693,-0.004653186612336744,-0.003949888825111587,-0.007165980597869284,0.004138060580886584,-0.003663389318102733,-7.598080636347005e-4,-0.0031216759139071817,0.0022432565859020195,-6.444601363974947e-5,0.001549542352335216,3.4995355298233393e-4,7.054967025032062e-4,4.23637400062692e-4,-4.0679506174660555e-4,0.0010606904032540152,9.939387428707235e-4,-0.00199807618351841,-8.603488250429681e-4,-0.0014768307269951205,-6.313726738912788e-4,-2.3949968143279014e-4,5.8177891207493954e-5,8.898589330674778e-17,5.410168840702667e-17,2.0464316005663896e-17,6.830473686658678e-18,26/03/2021,9.4.1.97,NHMUK.9.4.1.97.Chombolis.CRANIUM.VENTRAL,variegatus,Female,Sumatra,NA,Riau Archipelago,1.05586596,103.3631257,11120,100.00%
NHMUK.9.4.1.98.Chombolis.CRANIUM.DORSAL,-0.003966044700968677,-0.006143255787972238,0.003003664353842333,-0.019774140388460905,-0.00643606361303638,-0.01183794962836501,-0.011230663024711974,-0.001735958904891215,-0.004256129333689926,0.010552628628461454,0.00350303325677723,0.004201542660631946,-0.004486733148580948,-6.27934310244438e-4,0.006646968356078314,-9.370972612383059e-5,0.006779719642258448,-0.0015566243755935204,-0.0017188887763426343,7.957618059067743e-5,0.001291222632849478,9.058302771420292e-4,-6.190667466001407e-4,0.002152275635330738,-0.0017815484565874486,-8.239642442388677e-4,-0.002412909196471049,0.0018523769953923356,2.8798390958605774e-4,0.0018068494613707991,9.007720147672265e-4,-5.970839993726372e-4,8.412462137848676e-4,-5.631340995589976e-4,0.0011381325108092589,0.0011572750865329361,2.1377617895198842e-4,5.583266336173196e-4,7.48099499014998e-18,-9.215718466126788e-18,8.782037597132586e-18,-1.8431436932253575e-18,26/03/2021,9.4.1.98,NHMUK.9.4.1.98.Chombolis.CRANIUM.VENTRAL,variegatus,Female,Sumatra,NA,Riau Archipelago,1.05586596,103.3631257,11120,100.00%
NHMUK.19.11.12.9.Temminckii.CRANIUM.DORSAL,0.009178403422693932,-0.004228920712170865,-0.0213300549696042,-0.004732204780988065,0.005808104645963928,-0.009007431178635174,0.01258233131552353,0.004474056319723541,0.003192003407490651,0.0019159928581089765,0.0045330457633384925,-6.890068613677913e-4,0.0047400257788448984,-0.005215135668601215,-2.2100261331516285e-4,-0.006158170779546623,-0.0029773189729772956,-0.00196595564390049,0.004232215422453422,0.006348605044930272,-9.010623648238012e-4,0.0019100950875978507,0.0017325242861856414,-0.0018749751572650578,3.217274120320266e-5,0.0027826165512192256,3.866013241271491e-4,2.85052105105786e-4,2.00860713794188e-4,0.001804691029613709,-5.834193412013031e-4,0.0018008156485056367,0.001011121945325252,3.3883980047497923e-4,9.595115538096736e-5,-8.411397341695602e-4,9.40691228852847e-4,3.729324936611521e-5,1.0362939889888012e-16,-5.3613797429408194e-17,-1.5585406229479126e-18,9.107298248878237e-18,26/03/2021,19.11.12.9,NHMUK.19.11.12.9.Temminckii.CRANIUM.VENTRAL,variegatus,Male,Sumatra,Sumatra,Sumatra,-1.895761824,101.3143701,4000,75.00%
NHMUK.19.11.12.10.Temminckii.CRANIUM.DORSAL,-0.0013358209459569032,0.00996103936605691,-0.013581669217303253,-0.0073341480857393344,-0.019984271195497887,-0.02284352723906373,0.009925223009218439,-0.0049584458463316355,-0.005818703122276702,-0.0015561735927251466,0.002032353260952817,0.006132576512161148,0.0046005045321275305,0.004557434643647669,0.007668461449302192,-0.0069015218978324445,-0.002545061124453087,-0.0016563740745666378,0.0014878907979957831,-0.0031612452728117164,4.1923664660583075e-4,0.0034390032801273106,0.0013417637154291857,0.0030209527117174445,-0.0017325339559166914,0.0025036359046637998,-5.445861254441199e-4,-0.0022454717638952654,0.0010492450575756175,4.446794443435519e-4,-9.39762203620556e-4,0.0020296147006190414,-8.97919960185163e-4,-0.0011731489998342243,-7.499151848916917e-4,-7.951062157550915e-4,-8.456081939313903e-4,7.027376508584183e-5,-1.5047370901383195e-16,9.443400922348744e-17,-1.3010426069826053e-17,1.2685165418080402e-17,26/03/2021,19.11.12.10,NHMUK.19.11.12.10.Temminckii.CRANIUM.VENTRAL,variegatus,Female,Sumatra,Sumatra,Sumatra,-2.706140547,102.5892621,10000,75.00%
NHMUK.94.9.28.35.Borneanus.CRANIUM.DORSAL,-0.010940657061164066,-0.01497991433299145,-0.004104038192059753,0.005722737947286529,-5.032611515313637e-4,0.003837052589475707,-0.0024946524652406,0.012791159401402045,3.057859021415784e-4,-0.006590202944046104,-0.0024261623734870143,-0.008690262235970487,0.001618133785084038,-0.0017930468408326513,-0.004793671632678106,-0.0010103499893214026,0.0021846792386087037,-1.7245602847771045e-4,-0.0047912130062853,6.877869579663689e-4,-0.005346073002021324,9.961883022919905e-4,-0.0031083301931681814,0.0037246792934690644,0.0015301019736026038,-0.0028013262357143875,4.268811296254672e-4,-0.002973111982285801,-0.0031745139662074135,0.0034809598721224685,-0.00277613242101807,6.973709036171195e-4,3.264222175140196e-4,-0.001533170599928387,8.409063787079267e-4,7.278481792635781e-5,1.9129927711253368e-4,-2.09110579584084e-4,-1.2766480581016815e-17,5.355958732078392e-17,2.9002408113987244e-17,3.2526065174565133e-18,26/03/2021,94.9.28.35,NHMUK.94.9.28.35.Borneanus.CRANIUM.VENTRAL,variegatus,NA,Borneo,NA,Natuna Island,3.939719,108.182629,32300,100.00%
NHMUK.9.4.1.89.Peninsulae.CRANIUM.DORSAL,0.00396454402936445,0.020423944679105736,-0.017171066341687233,-0.017854502749280993,-0.004203369414339227,0.009995625510897103,0.0040469378606221105,-0.006296500774463046,0.0022021349404238075,0.010714496983748937,-0.007219362496508101,-0.012788000127318623,4.7776953516871453e-4,-0.006232655349532164,-0.0019907487754329527,0.0023849766152232122,0.0019704922105729834,0.0024732492558444774,0.003629592461205776,4.345166672749977e-4,0.009369303381206567,-4.0009111386730305e-4,-0.0023709880390771466,-0.0029025376559524115,-0.0014105648914968568,-0.0010497062041013932,-8.384277607070624e-5,0.0015712526380218341,0.0012566694413493524,0.0030887934823196567,-4.559181072012397e-5,9.642910476877764e-4,0.0013098823499375517,-9.582865516413334e-4,-7.938614751148168e-4,-3.58003856301213e-4,4.990091438909585e-4,1.962702335951797e-5,1.6609977282477928e-16,2.0816681711721685e-17,5.563312397566245e-18,-2.9002408113987244e-18,07/04/2021,9.4.1.89,NHMUK.9.4.1.89.Peninsulae.CRANIUM.VENTRAL,variegatus,Male,Peninsular SEA,NA,Riau Archipelago,1.004349,104.451249,27700,100.00%
NHMUK.9.4.1.92.Peninsulae.CRANIUM.DORSAL,-0.005840296899257894,-0.0065105258077780585,-0.0017029876583647627,-0.03447480836885449,-0.006939830128671649,-0.01017114362232454,-0.0013690573848252716,0.011468350252868648,-0.007181223170857459,-0.008514461822155605,-0.003223070975462676,-0.002031903807166983,0.007118954071802889,8.727775899570779e-4,-0.008822905804480637,0.0019115297053355679,-0.003504129694388859,0.0033399966742793195,-0.002120385993212647,0.0019478637778331085,0.0012249907366563193,-0.001980368124573111,-9.592362699837637e-4,-9.060707732009999e-4,0.0015649009128898123,-0.0020842534965188767,-2.629792394783112e-4,-0.0014492386937385879,-0.001177878033106502,-7.251737011469407e-5,1.5323006610294508e-4,-5.648546019200077e-4,0.0013927966952323816,-2.2196866274871036e-4,2.5005894561727426e-4,3.8073762846926336e-4,4.8704179858598013e-4,-4.5504680682330843e-4,-6.061028957372872e-17,-9.391901319155682e-18,-2.9822336006929406e-17,1.7997756063259374e-17,07/04/2021,9.4.1.92,NHMUK.9.4.1.92.Peninsulae.CRANIUM.VENTRAL,variegatus,Male,Peninsular SEA,NA,Riau Archipelago,1.004349,104.451249,27700,100.00%
NHMUK.9.4.1.94.Peninsulae.CRANIUM.DORSAL,-0.023324170082532635,0.002165397762712141,0.0023953659693236895,-0.009346793128258823,-0.004908160481316525,0.011222661467182454,-0.01636563483543407,0.012962922996566333,-0.004091549493778761,-0.002026564640642783,-0.003918066398273556,0.0061319055341785495,0.0018214253676417328,-0.0050844271604405765,0.010326529463504465,6.835331881972842e-4,5.89566410422006e-4,0.0027480390076900234,-0.002666156881907516,0.0022103339225019473,3.316940576877361e-4,0.005285937962666682,0.0019922330588028653,-0.0025099593914327824,-0.001872986215060453,-3.8973122933423296e-5,-0.002108440995173148,-1.5157503964723237e-4,-0.0013013421229898722,-0.0017109856233699702,3.905394055376886e-4,-9.787333640468e-4,0.0011725529724438144,-5.063701849490854e-4,9.855931638708293e-4,-8.699582506298018e-6,3.9835255423904e-4,-2.815943409117758e-5,-1.229485263598562e-16,8.239936510889834e-18,-5.559246639419424e-17,6.179952383167375e-18,07/04/2021,9.4.1.94,NHMUK.9.4.1.94.Peninsulae.CRANIUM.VENTRAL,variegatus,Female,Peninsular SEA,NA,Riau Archipelago,1.004349,104.451249,27700,100.00%
NHMUK.9.4.1.95.Chombolis.CRANIUM.DORSAL,0.0072691424715105625,0.02298308837237692,0.015615153289674354,-0.019764306932208656,0.003347438296188149,-0.004128795447444991,-0.0048830243524664385,-5.855292274880009e-4,-7.945054800121268e-4,0.00953690641651095,0.0066967786063205645,-0.0106092946120953,-0.008757636689729675,-0.0025441871133039104,-0.0025719245903532122,0.001193655721280458,0.006578844427374704,0.0025583510578183386,-0.0023700585775943174,-9.432637634817985e-4,0.0015920045065572512,-0.0014123948442957132,0.0025055639896227485,0.0030056946595432895,-4.7691079683958334e-4,5.830929201232355e-4,-2.687168051863437e-5,-0.002820457011083649,1.797035954122018e-4,0.0023369376842737326,-0.001332961258728011,-0.001319896437233113,-4.7729707415489675e-4,-4.885812844014062e-4,-9.148766068780927e-4,-1.1430315775451851e-4,-1.8376011360577034e-4,3.454084393711755e-4,-1.2205405956755566e-16,-5.767955557622884e-17,-3.3637372401362775e-17,3.3068166260807885e-17,07/04/2021,9.4.1.95,NHMUK.9.4.1.95.Chombolis.CRANIUM.VENTRAL,variegatus,Male,Sumatra,NA,Riau Archipelago,1.05586596,103.3631257,11120,100.00%
NHMUK.9.11.1.13.Pumilus.CRANIUM.DORSAL,0.028806093678059336,-0.03098972913792844,-0.012340575077666454,0.0015478957527030955,-0.006078035325254872,7.060900665938689e-4,0.021990299192560615,0.00951364948408764,-0.005587834116792645,0.007636702535048654,-2.4180481060585547e-5,1.4220401297450694e-4,-6.256695712870538e-4,-5.4926043248185e-4,-0.0067663191498306755,-0.008738692076759006,-0.0039984233122989064,2.176533571301983e-4,-6.966562268925591e-4,-0.0011064810006308687,0.0016142938191198069,-0.0040590141225319305,0.002941664047742087,0.003327332438145561,-0.008425690689328864,-0.0034422088283071095,-0.0012147529096185293,-0.0020292801790510974,9.379999644648252e-4,-9.382902364908946e-4,7.772882763164081e-4,7.591746740289111e-4,8.458794624143005e-5,-1.0786479304537925e-4,-8.82287696400347e-4,3.1950887938725147e-4,-0.0011711310477215578,-4.267478828719409e-4,-1.3796472644878044e-17,7.914675859144182e-18,1.7049079162334557e-17,7.37257477290143e-18,07/04/2021,9.11.1.13,NHMUK.9.11.1.13.Pumilus.CRANIUM.VENTRAL,variegatus,Female,Peninsular SEA,NA,Tarutao Islands,6.620034565,99.6490535,13200,100.00%
NHMUK.55.1437.Pumilus.CRANIUM.DORSAL,-0.0019103765634193345,4.6833406333033137e-4,0.0026134043090872278,0.01580207456934679,0.001154242296761161,-0.0013484225262390996,-0.001073289284247729,-0.01535445780070573,0.0027810486877991557,0.007435818182001329,-5.132941097130595e-4,0.008408865547814828,0.005621133070117973,-0.0012896701130380756,-0.009125624964245224,0.0010193548202762476,-0.008578772736311436,0.0043067540735797745,0.0034685833678055637,0.0030081206272278335,-0.002518669634760595,-0.0041394685986921335,0.001840688394939841,-0.003847316378617721,4.545553420387176e-4,1.1981364842786682e-4,-0.0016119517414993974,0.0011304238162530755,-0.0030009813376098487,-5.02257519081603e-4,-9.8615458956527e-4,5.004671483431693e-4,-4.2074838498634855e-4,-3.845663757712606e-4,0.001151019804982996,-5.12328958394009e-4,-2.8570585255596715e-4,8.492514836164845e-4,2.74574200181954e-17,4.336808689942018e-18,6.288372600415926e-18,4.7704895589362195e-18,07/04/2021,55.1437,NHMUK.55.1437.Pumilus.CRANIUM.VENTRAL,variegatus,Female,Peninsular SEA,NA,Tarutao Islands,6.539173867,99.30245913,4050,100.00%
NHMUK.55.1442.Terutaus.CRANIUM.DORSAL,0.018141121744071304,0.017778580891421227,0.0021345450297531065,0.011737689335285845,-0.002667260766421357,0.017434557478291608,-0.013121519850490607,0.004881834668683658,-0.011436354620167066,0.00825793006178309,0.008222190374100852,0.0019656445199212258,0.0010866596786912985,0.0023913753941754595,0.0031980614951953646,-0.00653736207867571,0.003974833932449743,7.760537814658319e-4,0.0030884110652533133,-4.79752641521421e-4,-1.8037907248025627e-4,4.948135904829728e-4,-0.002295665112081954,0.0010462956878546205,-0.0013725132480044255,-3.2557687102768916e-4,2.329210216274609e-4,2.9121724640477866e-5,-0.0014202747360618038,-9.101651287304835e-4,0.0019179503857660342,0.001457942181882676,-9.87954014582693e-4,-3.4256250158527107e-4,9.82744052961631e-4,-9.482370645447933e-4,9.555675309382105e-4,-4.008705122868965e-4,1.9499376072151797e-16,1.0150842839895535e-16,-9.0801931945661e-19,2.303929616531697e-17,07/04/2021,55.1442,NHMUK.55.1442.Terutaus.CRANIUM.VENTRAL,variegatus,Male,Peninsular SEA,NA,Tarutao Islands,6.620034565,99.6490535,13200,100.00%
NHMUK.55.1438.Pumilus.CRANIUM.DORSAL,0.014304217553674054,0.0068188857629550145,0.01662063648201457,0.00948286729817438,0.010228537558205466,0.0063429717014710256,0.014855355970624816,0.010901851588431044,0.0034899390929108713,-0.01128531047872634,0.014271034185319756,0.0037698855126093262,-0.006746104951874321,-0.0037315664590247656,0.0015177441268671998,0.001780961713473431,-0.0049750880080973985,-0.00858671763060672,0.004195656219419698,0.004988781084757033,0.003527469483966709,-1.9751936762311452e-4,0.0015704619148777315,-0.001884061315889039,-4.5841537191578774e-5,4.376633856617185e-4,0.0013355483292692226,-8.975258093491842e-4,-0.0028840742678096624,4.2921409745908255e-4,-0.0010082643482287102,9.030793536852592e-4,-3.1245437982323004e-4,2.7221197433513955e-4,8.181682327592396e-4,1.9949644406424137e-4,2.6613637446574686e-4,2.874303806893033e-4,-2.0125502826762176e-17,8.868773770931426e-17,-3.201106914263452e-17,1.1058862159352145e-17,09/04/2021,55.1438,NHMUK.55.1438.Pumilus.CRANIUM.VENTRAL,variegatus,Female,Peninsular SEA,NA,Tarutao Islands,6.563125358,99.2176498,5500,100.00%
NHMUK.55.1439.Pumilus.CRANIUM.DORSAL,0.013654081886549228,0.010300990332487322,0.004236187174610445,0.021659428540211457,0.002293499562417049,0.00397272147060047,-0.010712827931911952,0.006430955405260029,0.00727818570241063,0.00850498353565817,0.004213091304330834,-0.009716457020927143,0.002401002228041356,8.829723257480342e-4,6.716215423808335e-4,0.00593266740784778,0.003232087160503141,-0.007805726663881852,-0.001365592205811555,0.002830897503566022,-0.0033257841635759367,-0.0015475132808707634,0.004879349108240623,0.002318803815046866,-0.005744110155476083,5.058284859492429e-4,5.778954359941794e-4,-5.098900510408881e-4,1.4742579394907935e-4,-0.0015703549211770421,-0.0010295128379884744,-0.0016301967078056713,0.0016637884642152533,-2.508587269990721e-4,1.3303757006040065e-5,-5.910109704267171e-7,-4.0212569582755625e-4,-3.317933693817172e-4,-2.416415591927068e-17,3.957337929572091e-18,-6.339872203608987e-17,3.903127820947816e-18,09/04/2021,55.1439,NHMUK.55.1439.Pumilus.CRANIUM.VENTRAL,variegatus,Female,Peninsular SEA,NA,Tarutao Islands,6.539173867,99.30245913,4050,100.00%
NHMUK.55.1440.Terutaus.CRANIUM.DORSAL,0.04120457842397375,0.006233801398972272,0.009496532793233418,-0.004494537942830403,0.011306511635221072,-0.006013420362785007,0.008446523843156585,0.005017051048157706,0.0132014881139689,0.018126720441108204,-0.002653370540128697,-0.005597237065473599,-6.099191606655105e-4,0.004675890561938541,-0.005061327607885284,-8.406586117394188e-4,-5.303864907747882e-4,0.0064403281523070545,-0.001808828491224144,-0.002672834553898644,-0.0017172721295173352,-6.403593916816143e-4,-0.0029773386911733997,6.260709661584209e-4,0.0014648653693003005,0.0018759203058902414,0.0024610834650616144,2.779575657353355e-4,1.8042644147065801e-4,-7.407793122828295e-4,0.002901716041528974,1.7990491130649307e-4,6.970463521496743e-4,-0.00235434779715908,6.792613700600939e-4,-3.797971781451233e-4,-1.8166863507376843e-4,4.778379155804088e-4,-9.048005942570436e-18,-9.825582188149884e-18,-1.5317743818146767e-17,5.022566564039099e-17,09/04/2021,55.144,NHMUK.55.1440.Terutaus.CRANIUM.VENTRAL,variegatus,Male,Peninsular SEA,NA,Tarutao Islands,6.620034565,99.6490535,13200,100.00%
