specimenID,PC1,PC2,PC3,PC4,PC5,PC6,PC7,PC8,PC9,PC10,PC11,PC12,PC13,PC14,PC15,PC16,PC17,PC18,PC19,PC20,PC21,PC22,PC23,PC24,PC25,PC26,PC27,PC28,PC29,PC30,PC31,PC32,PC33,PC34,PC35,PC36,PC37,PC38,PC39,PC40,PC41,PC42,PC43,PC44,PC45,PC46,Date.Photographed,Specimen.ID,Dorsal.ID,CurrentSp,Sex,Region,Landmass,Insular.gp,Latitude,Longitude,Extent..m.,Certainty
ZRC.4886.BONEANUS.CRANIUM.VENTRAL,0.0016450084306797782,-0.01497053377094471,-0.01129597241410228,-0.004169249176174224,0.01210862917531676,-0.005033504635220105,0.001099806579861291,-0.0033131163050291626,0.005385361880480895,-0.001073449633911621,0.006504333712579603,-0.0030148479601700647,0.0036131562236706993,-0.002029792934339291,0.013275108177532993,-0.003503526819155496,-0.0030613807878663315,0.001171073907699115,9.70166965556233e-4,-0.0060546814850200355,-0.0012517302006651147,-2.1207923686782508e-4,0.006914775660793076,-1.2193249580151613e-4,-2.3890807113980208e-4,-0.001510996272245681,-1.5411503496091315e-4,-9.691551477095081e-4,0.0020524147174737924,0.0024420708696433055,0.0020850530996669044,-0.004215770605726297,-6.934601444271094e-5,-5.515674050485418e-4,-4.676951254216281e-4,-2.4241432700987205e-4,-0.0012047409215304543,0.0017712885367578083,3.507210187847473e-4,7.843572113888555e-4,5.101816650295622e-4,3.5046141322059163e-4,3.4443188641385483e-4,-0.0011331466933370104,-4.554927098630477e-4,-3.8082601308553343e-17,18/08/2020,ZRC. 4.886,ZRC.4.886.BORNEANUS.CRANIUM.DORSAL,variegatus,Male,Borneo,Borneo,Borneo,3.9218,113.93024,70000,75.00%
ZRC.4888.BORNEANUS.CRANIUM.VENTRAL,-0.004048615716545163,0.0018594782172956415,0.014923923953460457,-0.02043027506169183,-0.005825064376110634,0.0027135269231948734,0.006744394224797166,0.0011430042851855726,0.002886346140573702,-0.006028933005344882,0.00502191512867459,-0.001057647782967208,0.011663972964268124,0.01067731747018371,0.002538138090505929,-0.0011836030789804518,-4.402755453713471e-4,-0.0039570256873994545,-0.0024349972128601977,9.423550809475333e-5,-4.4922253518311483e-4,0.0017869744206504144,0.00102129247482489,0.0047543407263177075,3.071741894052541e-4,-2.0693068561772137e-4,4.359377306939518e-4,4.750145594532062e-5,0.0024259775525273283,7.381275661622922e-4,-0.0032984935296064013,8.764194477247376e-4,6.001704576454918e-6,9.304992565917786e-4,-0.003251163798328721,-6.626677788179352e-4,0.0021895176303469714,0.0011781112925621409,0.00084839078963005435,-0.0015301409929465723,1.2498295937364188e-5,-6.704533352991356e-4,9.436959510738487e-4,4.6512246658164793e-4,-1.71713451258879e-4,-4.030521576214863e-17,18/08/2020,ZRC. 4.888,ZRC.4.888.BORNEANUS.CRANIUM.DORSAL,variegatus,Male,Borneo,Borneo,Borneo,5.304512762,116.9350579,253000,75.00%
ZRC.4899.PENINSULAE.CRANIUM.VENTRAL,-0.00948004084910777,-0.004826601718823774,0.016281527818526237,0.014134050733920905,-0.00030779948912770263,0.007611973300781918,-7.205288967566664e-4,-0.01230207716880705,-0.004005248322686889,-0.0038686186075653104,-0.005583127975221633,-0.013100724811686984,-0.0034574754743138957,-1.683227155521039e-4,0.004738502042857851,0.0014946056992180634,-6.703670307161525e-4,9.690788892085856e-4,-0.00630460658678378,0.004873498878891424,-0.0048432366749644245,0.004879945521307575,-0.00436992163569579,0.004609887973494243,0.003035194110557565,3.7800582400005606e-5,-0.002801899781188909,-0.0024796373135225116,0.003160048424487573,0.002653594781416292,0.0011575818343756985,-1.629263457889436e-5,-4.384916590031734e-4,-0.0016109980796701632,0.002551512106922628,1.0323290446694319e-4,8.80452203935025e-4,1.1198446149748095e-4,-3.9020671729453533e-4,2.451874622085155e-4,2.5741937973777274e-4,-2.744768928603444e-4,-5.401162931796997e-4,-1.6887181531480977e-4,1.7829061198891495e-4,-3.108949729602184e-17,18/08/2020,ZRC. 4.899,ZRC.4.899.Peninsulae.CRANIUM.DORSAL,variegatus,Male,Peninsular SEA,Peninsular SEA,Peninsular SEA,6.425678,101.820476,19710,50.00%
ZRC.4900.PENINSULAE.CRANIUM.VENTRAL,-0.004773059537967498,-0.010436316885481882,0.006373022948504848,0.010138738924909753,-0.004656113044615852,0.006338002893120445,0.010581907745818776,0.008229834116643304,0.00629336759244513,0.007766329927268757,0.0032472627561712353,-0.007764323475583169,-7.908528806781359e-4,-0.007645543388999974,8.011873336921853e-4,0.005232547984317996,-0.004654102837809682,0.0012976543008236389,-0.007258361325677195,-0.007716487975030324,-0.001661643578766852,0.0029033587351705763,0.0022989812188751275,0.0011379352260470015,-0.002845726704796254,-0.002891705393974319,-0.002588413343556672,0.004457576552026581,-0.0015900523324345428,-0.0013569349210880292,4.278284306824301e-4,0.002529484072452111,9.681415800109197e-5,6.818088726516465e-6,-0.0012326197421356855,-8.065214545354144e-4,-0.0017961142897592896,-4.088772877947593e-4,-2.9622141708461163e-4,-6.799266977765858e-4,-9.328682308629766e-4,-0.001002879831861761,-4.125446782264385e-4,2.534168121352398e-4,3.6381770118206006e-4,-3.7005175399645873e-17,18/08/2020,ZRC. 4.900,ZRC.4.900.Peninsulae.CRANIUM.DORSAL,variegatus,Female,Peninsular SEA,Peninsular SEA,Peninsular SEA,7.068869728,100.621263,1000,75.00%
ZRC.4908.PENINSULAE.CRANIUM.VENTRAL,0.0035926869590054457,-0.007251753533710842,-0.00884622508871964,-0.022045590122818478,0.021230426819286427,-0.004107926774486713,-0.008911787392600626,0.004053217318436607,0.001360796883230028,0.013863132719454531,-0.003371177452587536,0.005341134800295063,0.00965258606977519,-0.008500879810093166,-0.004810951934240498,0.0035143094712832552,-0.0020913540177967265,0.005308070644184603,-0.0031956946076435915,0.004027447165281135,-0.004425913017502494,2.5126607689915083e-4,-8.703237395824945e-4,0.002061811325188215,-4.38464917788133e-4,-0.0016246515644174403,-0.001186979759861772,-7.762826673901965e-5,0.0014257374328428987,-1.8370097641535674e-4,-0.0012670885935496378,0.0014479486115655845,1.0906297181411756e-4,3.431357672353255e-4,3.330549827246979e-4,-5.653974263400785e-4,1.0511705108623193e-4,-9.634551645914575e-4,7.667764009066557e-4,6.179319967259654e-4,0.0025020165145476095,4.5088402005873405e-4,4.78316781113471e-4,2.116737582666369e-4,2.1427486095546006e-4,-2.9151485912704e-17,18/08/2020,ZRC. 4.908,ZRC.4.908.Peninsulae.CRANIUM.DORSAL,variegatus,Female,Peninsular SEA,Peninsular SEA,Peninsular SEA,NA,NA,NA,NA
ZRC.4918.PENINSULAE.CRANIUM.VENTRAL,-1.8469490287469697e-4,2.5852656535150083e-4,-0.007082318388904161,-0.018371773089837642,8.189349324447924e-4,0.0029224863792986573,0.006484391068160445,-0.002498782228867359,0.007244818598220121,-0.00405558034965941,-9.422865794560475e-4,4.084415066644317e-4,-0.005922533390900374,0.0018210937015732708,-0.0026417716420430197,0.0015011992105361735,0.010870601762787417,-0.0028584800287629023,0.004584041084120998,-0.006841037044108943,-0.00580297021004189,0.004950302044382206,-0.0034085175355081454,0.0034004042276130557,0.002531305646417734,0.0021667280026262704,0.001209613968285715,0.0030865076171477444,-0.0024177897765428457,-4.370529787966985e-4,4.1953991953031563e-4,0.0010388759717188608,-0.003885220860479514,0.0013022167064280772,3.2855899075902165e-4,4.260577566227446e-4,8.197922276444386e-6,-4.366762774381201e-4,4.0536022263782214e-4,9.727936139309045e-4,4.314995765464175e-4,4.250834587402569e-4,1.1929681998812522e-4,-9.835810686015072e-4,9.637363428460282e-5,-3.4667364465224004e-17,18/08/2020,ZRC. 4.918,ZRC.4.918.Peninsulae.CRANIUM.DORSAL,variegatus,Female,Peninsular SEA,Peninsular SEA,Peninsular SEA,3.55023,101.7233,3500,75.00%
ZRC.4925.PENINSULAE.CRANIUM.VENTRAL,6.610620655337897e-5,0.017527765648292587,-0.006764409752130444,0.010079296004442588,0.011071514775041981,0.006234904451102429,0.004510176535218952,-0.011900038161916858,0.016738120161346626,-0.004156453853249031,-0.011807039387380262,-1.2303676891911374e-4,-0.0038606746320973724,-0.0023526602858038354,3.908526081175422e-4,-0.004785843808968305,-0.003425957549232553,-0.0011569291448501715,-0.006546824747042808,0.0010653190940763026,0.005378094109450591,-0.0019698659270015054,-0.00218493872675771,8.441576560265214e-4,-0.0023643500529157814,-0.00499069136702,0.004480966097136989,-0.0016747674254999623,-0.002549074569500554,-6.531036971846665e-4,-0.0015484811998836034,1.707669543330115e-4,-0.0015328483262881671,8.614932266751293e-4,-7.13027862835307e-4,8.795788649025256e-4,2.3688017996959643e-4,1.7495994972103923e-4,0.0014472632344906282,-6.106469711872152e-4,1.7181957620663414e-4,8.520288980902046e-4,-4.552905235756774e-4,-2.9508290924227474e-4,-1.1608089810556866e-4,-2.5783682914420902e-17,18/08/2020,ZRC. 4.925,ZRC.4.925.Peninsulae.CRANIUM.DORSAL,variegatus,Male,Peninsular SEA,Peninsular SEA,Peninsular SEA,1.4208,103.80113,3100,100.00%
ZRC.4944.TEMMINCKI.CRANIUM.VENTRAL,0.025607694708188626,0.0402415482463694,-0.008968064400687068,-0.0024092763517672674,0.00518061696358508,7.326232947392582e-4,0.002852711826383285,-0.010748018374755669,-3.8530819646848206e-4,0.006871116071214332,-0.003477027491677321,0.004833277186229311,0.005166011208831493,7.924253217371415e-4,0.00481766485773957,0.0024447252432484258,-0.00655456360270612,-0.005012930695479547,0.007143678334325847,0.0021615960445761375,0.0018927380356356693,0.0042757327929164105,0.004263483024558974,0.0012146569822247591,0.0015922261143642674,6.897801854625211e-4,-0.0016440864258454695,0.002960528995070169,-0.0011417987901405332,0.0017718114353636328,-2.4066212751689683e-4,-1.2019666696806126e-5,-0.001544885441810117,-0.0024304709143422266,3.793878090592246e-4,-4.8045292047179343e-4,-3.801381437501987e-4,-0.001085353648635214,-0.0016808601682512052,-9.558260567194346e-4,3.7094886714783245e-5,4.788894966882589e-5,-6.804172728803052e-4,4.481243224694849e-4,1.528005983835606e-5,-3.446407655788297e-17,18/08/2020,ZRC. 4.944,ZRC.4.944.TEMMINCKI.CRANIUM.DORSAL,variegatus,Female,Sumatra,Sumatra,Sumatra,-1.895761824,101.3143701,4000,75.00%
ZRC.4947.TEMMINCKI.CRANIUM.VENTRAL,-0.00778387195504286,-0.012760626802270806,-0.026863321176757163,0.016523233765417818,-0.01377170865102121,7.410205476773788e-4,0.00825819524864907,-0.005621589264219158,0.00200151200712314,0.005355707670408213,-0.006770732640107113,0.010075856925346096,0.0052242201649049524,0.006606715894039911,0.010041043861332298,4.002409197668603e-4,0.001885246517671712,-9.719624671316206e-4,-0.0046901440848489875,-9.297666503227226e-5,0.003167514467593117,-0.0031260178542740916,-0.003012255055012681,0.0012607087190569595,6.314879307057065e-5,0.0028441624403563143,-0.0032550090516125525,0.0024573917386951556,-6.907647764955939e-5,-0.0014980015560326228,0.002931847736713222,7.026214359571357e-4,0.0015338920838865724,4.1524489566247783e-4,-5.966579778516425e-4,2.094034575141392e-6,0.0012892396622709247,-5.695419729343309e-4,2.714891788780062e-4,0.0015441299102433644,2.71458282417901e-4,6.512934434103031e-4,3.786783866056776e-4,5.039824932532192e-4,2.313920333910924e-4,-3.867891250342037e-17,18/08/2020,ZRC. 4.947,ZRC.4.947.TEMMINCKI.CRANIUM.DORSAL,variegatus,Female,Sumatra,Sumatra,Sumatra,NA,NA,NA,NA
ZRC.4962.VARIGATUS.CRANIUM.VENTRAL,0.021488885878708522,0.006872461462047382,0.013972024882086365,-0.005688367707445757,-0.017122009281763072,-0.004698748513043883,9.741648954817651e-4,-5.602372647309455e-4,-0.0028870255163844496,2.8735154763018467e-4,0.0069183819065443426,0.010223578315319136,-0.002365605359294694,0.007049916695517166,-0.0019528476837733454,0.0028724560908300624,-0.002415084328943565,0.0021265536890737544,-0.0021540520259776736,-7.05252911654064e-4,-0.0017379766283640333,-0.003100180458155848,-0.0015587479002038968,0.00434881627677157,-0.005432319826103144,-0.0031101943067623366,-0.0015526173822590131,-0.0027718374640742353,-0.0024097142634153176,-2.1287792442361626e-4,9.809048238766421e-4,-0.0024303260101882296,-0.001895542692054079,-0.0014711535783648861,0.003093513118023585,-7.659056952633612e-4,-0.0015730091308444561,-9.313263849088061e-4,8.391220252471e-4,-1.0485655024900814e-4,-3.1506126964812625e-4,6.340846356123512e-5,0.0010906362861973012,1.1453081731281296e-5,-1.0428292916571712e-4,-3.905160700021226e-17,18/08/2020,ZRC. 4.962,ZRC.4.962.VARIGATUS.CRANIUM.DORSAL,variegatus,Female,Java,Java,Java,NA,NA,NA,NA
ZRC.4965.VARIGATUS.CRANIUM.VENTRAL,0.016303904683782802,0.012738221234785824,0.0036066223452311374,0.009608409567183668,0.006024481492700924,0.0019305698188188541,0.0015996934350995821,0.0057094711809575665,-0.004872016249378836,-0.0023188661893824227,8.990050872710791e-4,-0.005096198568068305,0.005692991673065882,0.004545565506774148,-0.0045258826146416355,2.1589334083244873e-4,0.008522534703516127,-5.628636710837542e-4,-0.003543131918035115,-5.315265452291592e-4,2.3416310126525824e-4,-0.0026632362264404083,5.279530038205872e-4,-0.007117147736670002,-0.00182690895510704,-0.002992209816924209,-2.264659683091241e-4,9.735138043349546e-4,0.00128808953408565,0.003181348958587714,4.178982889428727e-4,-1.6590951224619972e-4,-0.0035709199235993334,-0.0020961508221366753,-8.824509705762666e-4,-0.0017203102673329718,7.7831732904263e-4,9.732796486833274e-4,-1.7994779583350014e-4,0.0014067650017057039,-9.652178105075266e-5,7.451815506275822e-4,1.5787227602278323e-5,5.417427214259598e-4,0.0010080349631292394,-3.2160146941351275e-17,18/08/2020,ZRC. 4.965,ZRC.4.965.VARIGATUS.CRANIUM.DORSAL,variegatus,Male,Java,Java,Java,-7.033653888,106.4589885,11900,75.00%
ZRC.4966.VARIGATUS.CRANIUM.VENTRAL,0.017826915312265244,-0.019545764957512694,1.3458414459015702e-4,-0.0038694532385202137,-0.014372326496744848,0.008208069921424156,-0.010477110376242209,-0.002730302537893425,0.004687225335184988,0.002594870229910788,0.006334402367271312,0.007133763902509596,0.004441490284758767,-0.004584724442806772,0.0034532762558298975,-0.004485009595560439,0.001912113668980178,0.0026887296986904253,7.174097135022876e-6,-7.955857649256854e-4,9.83352266482544e-4,0.004223949594891083,0.003207325281634267,-0.004046253922148929,5.775345187033643e-4,0.0012420622095721085,0.0021692287380258644,-0.003305428873778553,-3.6527213554541775e-4,9.431349174474402e-4,0.001294520444789498,0.0015092522234419294,-0.0019830373218393603,1.82093473933585e-4,9.051501883623756e-4,-5.960387936422918e-4,0.0018273269752492438,-0.0015992031785294146,0.0018290452736057685,-9.459354383291667e-5,-4.970455302788836e-4,-0.0014394847754760308,-0.0015149060834342184,3.685492196772704e-4,-1.8235873925628195e-4,-3.4519980732401756e-17,18/08/2020,ZRC. 4.966,ZRC.4.966.VARIGATUS.CRANIUM.DORSAL,variegatus,Female,Java,Java,Java,-7.033653888,106.4589885,11900,75.00%
NHMUK.7.1.1.220.Temminckii.CRANIUM.VENTRAL,-0.011642049944033036,-0.026838884941374087,-0.005869268939433328,0.005237767646560957,0.00375270465206774,-0.008039181102890244,-0.011968762946118901,-0.005762847277132041,-0.00910595052312402,0.0040983473095807564,-4.201834160161042e-4,-0.007101541468157439,0.005238637472378613,0.006119097352325104,-0.009010217593784384,0.003346739871425849,-0.005619114538127017,-0.003905461631084333,0.002189306985336221,-0.0034653477378644103,0.0015911059357736532,-0.0035700546962996855,-7.577612188451178e-4,0.0012548421553281509,0.002588590424701686,4.13426647883852e-4,0.0014983680060994143,0.001705176749484952,-0.0022296490444527386,0.0015105188025004387,0.0037818029140749233,-0.001225829695812815,-4.7341777206807826e-4,9.648859944410753e-4,4.668213741613489e-4,-1.4631791620302312e-5,3.16709472421173e-4,8.397721353426674e-5,0.0012222840098984116,-0.002261307390328039,1.0347268800887547e-4,7.346678642495846e-4,-5.762291703311426e-4,-1.2544107086177213e-6,5.901796552628536e-4,-3.6944189027443564e-17,05/03/2021,7.1.1.220,NHMUK.7.1.1.220.Temminckii.CRANIUM.DORSAL,variegatus,NA,Sumatra,Sumatra,Sumatra,NA,NA,NA,NA
NHMUK.8.7.20.10.Peninsulae.CRANIUM.VENTRAL,-0.004091751723731941,-4.089621532427445e-5,-0.0017282447994108696,-0.001135857268682531,-0.0015230841193859107,-0.008442648126727263,0.008999851679743605,0.006686800801392724,0.004050549934878153,0.014754210555998546,-1.7334244805822222e-4,0.006027399889601538,-0.01568602534209609,0.0036027351639768717,-0.003600170197505254,-0.006816304563922801,-6.108220206065316e-5,-0.0016512655258701017,-0.005333100651685833,0.0011953560488407238,0.0028583616087911362,-0.002689094401858459,0.00565873577532118,1.726731988249385e-4,0.005336133614433245,0.0016159803735683186,7.305934789596327e-4,6.037884206623596e-4,0.00328079980893757,7.455200076176282e-4,-0.0014037410065554788,-6.292296295521132e-4,-0.0011159702785427132,6.634085888261544e-4,0.0017687945845300814,8.795612144747862e-5,-2.9001272327929266e-5,5.580635131592331e-4,-3.2983657170569024e-4,-6.221046478645454e-4,6.415286504388709e-4,-0.0012713750048576975,2.4398294390582005e-4,-1.8262391040589008e-4,7.439103681142325e-4,-2.8758462625178005e-17,05/03/2021,8.7.20.10,NHMUK.8.7.20.10.Peninsulae.CRANIUM.DORSAL,variegatus,Female,Peninsular SEA,Peninsular SEA,Peninsular SEA,3.488784,101.767941,34960,80.00%
NHMUK.9.1.5.519.Variegatus.CRANIUM.VENTRAL,0.012156625019316938,0.005210028586778623,-0.021684130578325862,-4.610592636435713e-5,-0.0027845678949787464,0.019659745766714965,-0.010178096360278785,0.006893233325144751,0.001866680236677146,3.305214998654623e-4,0.003142512166484154,-0.0038686634451908283,-0.0031124675578139164,-0.0036355687667927535,-0.006290589107069918,-0.005655150007493694,-4.1339240233083076e-4,0.002680632240963663,-0.0030561168067143123,0.004164982906937961,-0.0025813223829992105,-0.004101038713756318,-0.00122797660897235,0.0016486387930382499,0.0021959497125151094,0.003855919608122461,-0.0037463758677023884,-1.5401475380942206e-4,-5.425684771925506e-4,-9.353697408048495e-4,2.2800487761864526e-4,-0.0029495138711834153,-0.0016710925128089985,-0.0021205861584900933,-0.0035263853762877045,-2.182165770064259e-5,-1.2688870406339206e-4,-6.874064298484681e-4,-2.943893252860027e-5,-7.744320239376603e-4,-0.0010822551273711456,1.6011841714758573e-4,2.7023587930298136e-4,-4.0104750074764596e-4,-5.317204108242679e-4,-3.7764116920385726e-17,05/03/2021,9.1.5.519,NHMUK.9.1.5.519.Variegatus.CRANIUM.DORSAL,variegatus,Male,Java,Java,Java,-6.21462,106.84513,21405,75.00%
NHMUK.9.1.5.520.Variegatus.CRANIUM.VENTRAL,0.031198164978038286,-0.010803589464039384,-0.013316924585613711,0.007465503928112335,-0.009262590678077916,0.0031582716654854526,-0.0022382049226773314,-0.004825433245264983,-0.0069747510388506505,-0.003362249500082719,-0.00473718620912083,0.003306276961748524,0.0021176626511618044,0.001057742527829334,0.005534114770499874,0.00657629200927465,0.0016558117957993597,0.007270131239513713,2.916094859424804e-4,0.0029370338258869755,-0.0024332550602384714,0.0010930179159392359,-0.003253372118552956,-0.004565485238252919,-4.412588389436992e-4,-6.717243438219648e-4,0.002686712000860167,0.0012613599969791185,-3.1394642781763766e-4,-0.0013318310313547889,-0.0023994176343668933,-2.504227951215914e-4,3.575967125944233e-4,4.5102599804548575e-4,-1.9841102950554455e-4,5.878331046079457e-4,-3.875548881917117e-4,0.001215273611609287,-0.0010614625617272292,-0.0019345692551305564,4.362607121716607e-4,-0.0011605902410450901,7.039859389966783e-4,-0.0013833876390943495,7.131972639584082e-4,-3.532466203229334e-17,05/03/2021,9.1.5.520,NHMUK.9.1.5.520.Variegatus.CRANIUM.DORSAL,variegatus,Male,Java,Java,Java,-7.683374,108.57176,12150,100.00%
NHMUK.9.1.5.521.variegatus.CRANIUM.VENTRAL,0.012961148304374675,-0.014195152789538356,0.02859045183052529,0.0015281866071629917,8.148786819644809e-4,-0.006791176665748092,0.005942314919696385,-0.00784991557627189,0.010188520532097158,0.012937285792576423,0.004841873937106735,-0.005079003652733276,-0.003314056240640933,0.0019232811324407365,0.002462487118874186,0.005884175275328102,0.0016981520661134742,0.004759678294155513,0.005992063215560148,0.003920518913889885,0.002493492139249413,-0.002607075216187979,-1.137866383380747e-4,-1.1476734871037889e-4,0.002026947582547862,6.657515929290889e-4,6.58920871177046e-4,-2.0606645821188106e-4,0.0011196603830108307,-0.0022815909980746013,-0.002259182577903548,-7.427864993556897e-4,0.0010471616491341403,-2.5148693430433527e-4,-0.0017818440036986905,-0.0018377573654796899,3.122460324193207e-4,-0.0016316696640637659,3.7285548788467863e-4,5.969090792598244e-4,-0.0011981719310185665,0.001655798013193525,-4.35952203671275e-4,-6.431511435016646e-4,2.891123855513937e-4,-2.4343726904088592e-17,05/03/2021,9.1.5.521,NHMUK.9.1.5.521.variegatus.CRANIUM.DORSAL,variegatus,Male,Java,Java,Java,-7.683374,108.57176,12150,100.00%
NHMUK.9.1.5.523.Variegatus.CRANIUM.VENTRAL,0.011717434815368119,0.015522563651925836,0.01408362217903871,0.005420286978854322,0.009615788813174297,0.0023852679164322248,-0.00977346348352345,0.0032883838917648124,1.5220911929274118e-4,0.01176295435031277,-3.1501522642960004e-4,-0.003709469221357715,-0.0029450124370300292,0.003940166581666681,8.493871474474908e-4,0.004384716184363098,0.0029059029767499723,-0.0049321714004094495,-0.0011147782005859774,0.00409906212173547,-0.0017157279115967822,-0.0021833872201643826,-2.1661004212183984e-4,6.450617272155906e-4,-0.005491022832027969,0.0028604755112237442,0.004100163606179709,0.0040138812076403315,-9.227430035221405e-4,0.0010548615288349847,0.002219091296577327,-7.828135262122589e-4,0.0022193961796109865,-1.629332278108691e-4,-2.8946956605129356e-4,0.0010195076904312502,7.169455812266967e-4,5.301146834015463e-4,9.238994758736425e-4,0.0011161576018446579,1.326316034660385e-4,-0.0019653940484439395,-2.0750537205503159e-4,-4.352341071967265e-4,-7.280250167204403e-4,-3.6917083973131426e-17,05/03/2021,9.1.5.523,NHMUK.9.1.5.523.Variegatus.CRANIUM.DORSAL,variegatus,Male,Java,Java,Java,-7.683374,108.57176,12150,100.00%
NHMUK.9.1.5.524.Variegatus.CRANIUM.VENTRAL,0.01073582094979549,-0.0013434953991277594,0.016057505088529215,-0.01972067455404758,0.0062511270718562766,0.008886172347401926,-0.0034990438990158607,0.002131042560307451,-0.003552329061407662,-0.0010725244802389023,-0.005765422839341288,2.538711066890337e-4,-2.7960342859892763e-4,0.002236244983338617,4.348671119601193e-4,-0.002182236699882286,-0.006176325889459549,-0.0012482957921329933,-0.00304623731450291,-0.006527254736878224,-0.0015245423639703851,-3.351618095066744e-4,8.256231382150634e-4,-8.591246998691e-4,-0.002252722085446742,0.0016710969986409967,0.0011029811229166728,-0.0029823429337912048,-8.156087824007772e-4,-0.002904218258068025,7.256447903405925e-4,-0.002779897315783982,7.651030527869552e-4,0.0015010930490475228,-5.749263054355711e-4,0.0020406214973081216,0.0020435912878307132,-0.0013083941849097221,-0.002832621121759337,8.488191976591816e-4,-6.066389999785806e-5,2.0909834474114005e-4,-3.6847193017203303e-4,1.2195047246247806e-4,8.528279783455908e-4,-3.220080452281948e-17,05/03/2021,9.1.5.524,NHMUK.9.1.5.524.Variegatus.CRANIUM.DORSAL,variegatus,Male,Java,Java,Java,-7.683374,108.57176,12150,100.00%
NHMUK.9.1.5.525.Variegatus.CRANIUM.VENTRAL,0.004954384433854153,7.93204653508305e-6,0.0013082691742125165,0.005831698862266237,-0.004720913625562751,-0.0042270495976034364,0.008616418221437935,-0.005401493785676701,-0.0022837822848300947,0.005452485281837665,-0.0074796741670416144,-0.0026452140262795305,0.001125767168053949,0.0038151021744050853,-0.003995716657010178,-0.0010659217816101493,7.133760700128297e-4,0.002223744709253478,-0.0026345189153293897,-0.004765124050027873,-0.004896020180811598,-0.0013113921746741657,0.0010713591993796482,-0.0045754656074359955,2.608018909539976e-6,0.003552791908496577,-0.002364255441111305,-0.0017714483322129983,-0.0033592730677402937,0.005668179400550292,-0.004754970007157712,1.1803495649215122e-5,0.0021326492430980676,0.001898600551643761,2.1385728765025994e-4,4.7533979174837386e-4,-7.649190124416332e-4,-7.892403924051967e-4,4.972443179247988e-5,-1.0073046018337758e-4,2.6894917807775457e-4,5.341137260904407e-4,-1.2507706649577278e-4,1.8540658241418043e-4,-9.944092623158224e-4,-3.3528952184114225e-17,05/03/2021,9.1.5.525,NHMUK.9.1.5.525.Variegatus.CRANIUM.DORSAL,variegatus,Female,Java,Java,Java,-7.683374,108.57176,12150,100.00%
NHMUK.9.1.5.527.Variegatus.CRANIUM.VENTRAL,0.027240082997767624,0.0013652446249062275,0.003368703397637175,-0.013935729746797151,-0.009386807027228612,0.0018376145969230787,0.0035945915267116746,0.0037170873707369875,-0.003063525834686922,-0.010158820492232812,-0.004715361546280205,-0.011644330950781882,-0.008719737968070233,-0.006955411377871933,0.007121680960895472,-0.005483439139606609,-0.0010859186841552914,-0.0019167837300223928,0.0033927509964474492,3.134192119893695e-4,9.087359598562836e-5,-0.002540622038278749,-0.001639919059645662,-0.0013476639096519894,-7.386817695802907e-4,0.0026465055236769633,0.0015289186010943652,0.0017091465689857252,-4.2687147385213846e-4,-9.84992420886984e-4,7.618443094240267e-4,-5.902869076071708e-4,0.0014409617727217173,4.013566957980807e-4,6.651220108851592e-4,-0.002761837026309621,-6.235180003796452e-4,-3.7742724565880976e-4,0.0010861566392617265,-5.893521512522766e-4,0.0019445662186753309,3.405766013781019e-4,5.205014915973008e-4,0.001275276511629484,2.1141843535467554e-4,-3.329178295888302e-17,05/03/2021,9.1.5.527,NHMUK.9.1.5.527.Variegatus.CRANIUM.DORSAL,variegatus,Female,Java,Java,Java,-7.683374,108.57176,12150,100.00%
NHMUK.9.1.5.529.Variegatus.CRANIUM.VENTRAL,0.029480808669462146,-0.008211726315878848,0.006407083473513393,0.01784228432240463,-0.0051368876100142185,9.218389519598238e-4,-3.5689766950454795e-4,0.002526276210858049,-0.014686601636050272,-0.003309374838527718,-0.0056115603774831,0.0038120108737422507,-0.007698373503956602,-0.007100887730187251,-0.003595954729547453,0.004252455212864599,-0.004241124991857382,-0.0026007912248121735,0.003694817573996113,8.730534933591327e-4,0.001860971168308323,9.051574655960941e-4,0.006675121575694624,0.002855631116563193,-0.002603206774151085,9.719850682168189e-4,-0.002246749221993606,-0.0015571601092939156,0.0011174366899471396,3.0198545637118526e-4,2.213193714083709e-4,0.003147001370938909,-0.0016799289570614776,0.002098263483465727,-0.0014078788316429663,8.01876883600384e-4,0.0015376803887889629,0.0017073500075329524,5.756901264183204e-4,6.513102311373087e-4,5.112488080224789e-5,0.0011088785795170253,4.8408618738313825e-4,-4.556470008780536e-4,-2.4229710734302264e-4,-3.9085488318102435e-17,05/03/2021,9.1.5.529,NHMUK.9.1.5.529.Variegatus.CRANIUM.DORSAL,variegatus,Female,Java,Java,Java,-7.683374,108.57176,12150,100.00%
NHMUK.9.1.5.530.Variegatus.CRANIUM.VENTRAL,0.01604225569377251,0.003922082211888681,0.0020387341986602904,0.009214327695633778,0.008969868513934711,-0.002622450936091956,-0.007696426001583362,0.0016549270860182143,0.00306775518262459,0.007241253536043,-0.0017856919224265102,-0.0011628024212790569,-0.0034313908423445217,0.004633738384250246,8.780522312797303e-4,1.9443529002984928e-4,0.01334396149310901,0.0024122196861713304,0.0010669605771516778,-0.003608173659196539,0.0015854248879062997,0.0041644110149153995,5.96425930147719e-4,-3.44104552825987e-4,-0.0013162956282619146,-0.0017106159698175383,-0.002683157407294307,-0.0017576631676010674,0.0030281660125078204,-0.0035861340444494484,0.0017834574727614801,-6.189876288419097e-4,7.078192944198517e-4,3.728178583928407e-4,9.486380895973347e-5,0.0020127839473476137,-6.208217249604215e-4,5.223894298545094e-4,-2.564283074837094e-4,-0.00209410590934445,5.327048572130132e-4,7.838757956742366e-4,-1.6447765463500463e-4,0.0011263079330601788,-6.882990812045048e-4,-3.678155870157074e-17,05/03/2021,9.1.5.530,NHMUK.9.1.5.530.variegatus.CRANIUM.DORSAL,variegatus,Male,Java,Java,Java,-7.683374,108.57176,12150,100.00%
NHMUK.34.7.18.88.Peninsulae.CRANIUM.VENTRAL,-0.03134195467655623,0.010405696705444415,0.00708721711987432,0.004683730943823541,0.008865520042133649,-0.011967623445131937,0.0012631912569537572,0.014854729873396023,-0.01739493367461654,-0.004300288841212271,-0.0023107218644821117,0.0060956097847297734,-0.0031338694416627095,0.0038830410570955282,0.007118867027866868,7.76149531252931e-4,-0.005086495458123226,0.003063018509667925,-0.002419610855705199,-0.0011743024341618529,0.0016570425125820689,0.0035637795904279457,-0.0046650125298153865,-0.0017567291310044656,-6.9340990461394e-4,0.003122170042973335,0.0019609780082698166,9.026295036906099e-5,0.002403724791696874,-4.5196216254949587e-4,-5.138170352804515e-4,-4.856256771968579e-5,-0.002537232853951852,-0.00059951409051726425,-0.0018794417131271443,-1.911881523356066e-4,-0.0014887264637732716,-0.001629666405467403,9.975133471723865e-4,-3.0603585742668767e-4,1.670165804149279e-4,4.3329483993709674e-4,-8.145578701101954e-4,-3.139894853784119e-4,-3.6615449869050723e-4,-3.6144589925235504e-17,05/03/2021,34.7.18.88,NHMUK.34.7.18.88.Peninsulae.CRANIUM.DORSAL,variegatus,Male,Peninsular SEA,Peninsular SEA,Peninsular SEA,4.496415,101.570916,2005,75.00%
NHMUK.61.1162.Peninsulae.CRANIUM.VENTRAL,-0.012522400284388127,-0.00461926138033198,0.0033794081048973738,-0.006839717688466992,0.010016633053602715,-0.003118388903210229,0.018715438100209134,0.0014423953022093938,-0.005474842493500178,-0.004693429212919643,0.0045669987144725185,0.0014160422024731823,0.002780306230700748,-0.005700830528900472,-8.774007977927727e-4,-0.005136077342674799,0.006431832103118896,-0.0010329869697506319,-0.0016398751118707842,0.002149273228027035,7.971852464774615e-4,-0.0034684388532433934,0.0016958562709948324,-6.331028961431467e-4,-0.002851736769297839,4.3765383753114294e-4,6.989042343169096e-4,-1.0691567128805116e-4,-5.888065317123531e-4,7.356452461040162e-4,0.003166958961295757,0.0029586559229561942,0.0015105424871084774,-0.0021857781686436474,0.0013959549125595993,-2.51295188094495e-4,0.0018410318300648059,-0.0017437733053472396,-0.0013269486091728655,-0.0018453726440830055,-1.7494935791855198e-4,6.048232734540179e-4,3.731320137448951e-4,-0.0011397095800865075,-4.363040651994882e-4,-3.2329553530802135e-17,05/03/2021,61.1162,NHMUK.61.1162.Peninsulae.CRANIUM.DORSAL,variegatus,Female,Peninsular SEA,Peninsular SEA,Peninsular SEA,3.078114,101.853127,4000,75.00%
NHMUK.71.2621.Peninsulae.CRANIUM.VENTRAL,7.674038106187828e-4,-0.016317135650065477,0.0034921380771108096,-0.007701933933546192,0.007106689686822256,-0.008532347089748841,0.00519664956342015,0.005533184665484247,0.0020473663439232585,-0.010597527886765589,0.0015048350380067336,0.008743855288224385,-0.003868811780660038,-0.001116670071484167,0.0030822072689830906,-0.001832252001111119,0.0036645340051479616,0.004161811610901937,0.003318916552044702,0.005007245868398244,-0.00292038093811827,-0.0036855519237498327,-4.535281307343066e-4,0.0040244604990479806,-0.0011520568636494734,-5.551067751987495e-4,-0.0017192269338095712,6.303925005012985e-4,-0.003240656344405742,0.0027016198783934254,-5.563785108852442e-4,-2.375572335056804e-4,0.0010187112196490182,-7.31161355234742e-4,-0.0013556909337759603,0.0019054721232365042,-6.716634690741063e-4,0.0017574290040952851,-1.9328206319789356e-4,-1.0698755569306227e-4,-2.723964602763845e-4,-2.3687360155072242e-4,-0.0020338124463224984,8.31761922841689e-4,6.841995520785535e-4,-3.110304982317791e-17,05/03/2021,71.2621,NHMUK.71.2621.Peninsulae.CRANIUM.DORSAL,variegatus,Female,Peninsular SEA,Peninsular SEA,Peninsular SEA,3.242112,101.766468,2750,75.00%
NHMUK.79.11.21.448.Variegatus.CRANIUM.VENTRAL,0.026694075768950484,0.007935286435284756,-0.014350167420410224,0.004901745844938302,0.010174428321752329,0.00838258287296881,-5.739911222723845e-4,0.015682416379315386,-0.0016768669515242903,-0.001876536204635284,-8.605016590378505e-4,-0.004633076723294588,0.001863460290733883,0.00674270101111474,0.0016115297515856108,-0.0032288523438733134,-0.003316403267565412,0.00901334434915088,0.004294913254633855,-0.0024275608976274034,9.458839777969708e-4,-0.00248305142517055,-0.0017268785050187805,0.003737452133337591,0.0038180022195119733,-0.002783126632796235,0.003190010092349183,1.825427634035452e-4,0.001332551235329202,0.0017515506356463213,5.11463605336872e-4,0.0029438426059736423,0.0013384014924362857,0.0017768146995382986,0.0021121187478023934,-4.876432059681212e-5,8.368569246363104e-5,-5.565570817745668e-4,-3.7939253884847614e-4,7.372519634406466e-4,-0.0017643499770209948,-4.095389365943412e-5,3.0804718699178196e-4,2.3967011218792924e-4,-2.8578716465941855e-4,-3.6808663755882876e-17,05/03/2021,79.11.21.448,NHMUK.79.11.21.448.Variegatus.CRANIUM.DORSAL,variegatus,NA,Java,Java,Java,-7.620019,111.641876,27380,75.00%
NHMUK.8.7.20.8.Peninsulae.CRANIUM.VENTRAL,-0.004673555897509805,0.004020578790212738,-0.010728245004069449,-0.015649737321648767,-2.6563637764658564e-4,0.0015110822535890002,0.004833616345062295,-0.003287553487310134,-0.004381798979771229,-0.001347952685996649,0.013407792815153216,-0.0013484260789962939,-0.005060783168472545,-0.008455419772823556,0.0032566294921516563,0.01139131759316547,9.046883857792898e-6,-0.0035271310367865094,-0.0025211587714724995,0.0015159501441916693,0.0023918249845980098,-1.4556522329525512e-4,-0.0019834849155948974,-0.0028908333174905965,0.002618995193646342,-0.0012191681146577114,0.0012879937445605908,4.93458609345868e-4,0.0010747111518445284,0.002360546676339056,-5.736424918176081e-4,-0.0012651496533859705,2.3591320203627609e-4,6.286191797351176e-4,3.3515050549360226e-4,0.004003105280495663,3.6813726597611455e-4,-8.817874984696781e-4,7.550480479428645e-4,1.0109270983588796e-4,-0.0011777890090166978,5.013822470572932e-4,9.957880465856106e-4,9.246989174232491e-4,3.634250096440304e-5,-3.682899254661698e-17,12/03/2021,8.7.20.8,NHMUK.8.7.20.8.Peninsulae.CRANIUM.DORSAL,variegatus,Male,Peninsular SEA,Peninsular SEA,Peninsular SEA,3.488784,101.767941,34960,75.00%
NHMUK.9.4.1.86.Peninsulae.CRANIUM.VENTRAL,-0.00990322789158275,-0.026770399351925087,-0.008368970778450497,0.006181005059830066,0.005286033067928768,-7.845563922912921e-4,-0.0077054771524552555,-0.01161677181984671,-0.007412560474017788,-0.010308051870286855,5.937371584740245e-4,0.0017436832337946668,-0.0012422097235774841,0.00142680675076963,-0.0030060242342035983,-0.0025075276732814825,0.004344187613227581,-0.0031699747245502946,-0.0024017501508686897,0.005346384567181279,-2.7853483218370827e-4,0.0015485201256068724,0.004731748621055693,0.0018022086043738782,-0.0020261144937401827,-0.0021843217995043043,0.002512760843031356,0.002929571546710004,0.001399586281577879,-4.991752451469062e-4,-0.0017440850703168735,-0.001395683243999634,-6.842859856156567e-4,0.0029195199817026317,-2.081813510043561e-4,-0.001811817454970502,-0.001792614192056449,-0.002022545451125541,-0.0017378605682870432,6.829113442086439e-4,-6.977084476101198e-4,-2.913296180459447e-4,1.5175058382166425e-4,6.341581050567485e-4,-4.594592666719395e-4,-3.124535135831663e-17,12/03/2021,9.4.1.86,NHMUK.9.4.1.86.Peninsulae.CRANIUM.DORSAL,variegatus,Male,Peninsular SEA,Peninsular SEA,Peninsular SEA,1.35833,103.976175,3910,100.00%
NHMUK.14.12.8.105.Peninsulae.CRANIUM.VENTRAL,-0.02572356335517245,0.04046252452460477,-0.008151704297041944,-0.008804000284504272,-0.011196953497962493,-0.010643602588814206,-0.014257020991672689,-0.008869870018488473,-0.004573837003673537,-0.003343905678904605,-0.0028999716211703065,-0.0022381201088559947,0.0016107901361902856,-0.0047906564023281395,0.0028514875544216724,0.002420783889992156,0.005063499321876944,-1.252594785613164e-4,-4.939394055264973e-5,-0.003750656323129901,-0.003901669040583482,-0.008132938253605738,0.0033520999341677144,0.0013271593370995757,-2.0091198413288398e-4,-2.4012207149153017e-4,-0.0010526512215218147,-0.001794059305718097,0.002800213241171194,-0.0015470790162486674,-5.248588653704817e-4,0.0018965985959575478,9.82550032182287e-4,0.0014844886699255915,-6.953304810455783e-5,-6.491648656837717e-4,-4.998482186120319e-4,-1.986532903910706e-4,5.021644599169893e-4,-9.48981840221203e-5,-9.620640341932319e-4,-4.478244509431555e-4,-6.999549334857411e-4,-4.226265484077148e-4,4.916384542597736e-4,-3.8571339319119075e-17,12/03/2021,14.12.8.105,NHMUK.14.12.8.105.Peninsulae.CRANIUM.DORSAL,variegatus,Male,Peninsular SEA,Peninsular SEA,Peninsular SEA,10.14962,98.593368,795,25.00%
NHMUK.34.7.18.89.Peninsulae.CRANIUM.VENTRAL,-0.02065455522754337,-0.005544242586776972,-0.009872919059842148,0.013437671971198217,0.0035899870050147163,-0.00397050914109253,0.014627017419427794,-0.004432222147863954,-0.0057652837451829175,0.0047523384637863765,-0.0032135982549284874,-0.002436772318892335,-0.003450540718825694,-9.162875001031232e-4,-0.0032882108298377868,-0.00201485636595492,-0.001940063145582889,-9.902541116142232e-4,0.011037191249880271,-0.0017675990869377204,-0.003232358447436905,-0.0017714036055066875,-0.0031778363512198955,-0.0011395632601821765,-4.764570378690416e-4,-0.005199835905276973,-0.0012513947020068032,-0.0027466100847700786,5.566615691832675e-4,-0.0012428993973210428,-6.426149619892121e-5,-0.0012423027845627286,-5.623246826158201e-4,-0.0010018919420788958,-0.0019063011628908475,2.2589021800932825e-4,0.0014633751652080374,-0.0011505288452273955,3.2445748680220087e-4,4.8246007239006506e-4,5.16693899862729e-4,-0.00235065302157413,4.42397341021834e-4,4.094052638052971e-4,-1.7261004382216052e-4,-3.164515090942066e-17,12/03/2021,34.7.18.89,NHMUK.34.7.18.89.Peninsulae.CRANIUM.DORSAL,variegatus,Female,Peninsular SEA,Peninsular SEA,Peninsular SEA,4.496415,101.570916,2005,80.00%
NHMUK.55.1431.Peninsulae.CRANIUM.VENTRAL,-0.0035367995925877273,8.647295947515123e-4,0.001305875984281992,-0.015393029881200908,0.006352098604900128,0.015612229854731244,0.012600052166213365,-0.0046603559422995645,-0.0035873730279020874,0.006405995986764553,-0.002277924109446474,0.005411046347736831,0.0013177862091149149,0.0012429532814387549,-0.0030929401669486808,0.0028428671571419065,-1.787413473946241e-4,-0.004676647749463491,-1.807000354065677e-4,0.0032561105789123803,-0.0011408824788042844,0.0012632715756171994,-0.001972596016644656,-0.002343867571323759,0.002227906954596303,0.0012268647213194695,0.0016031295916727195,-0.005465546444953418,-1.6157345360275196e-4,-6.626561855198694e-4,0.004019802254524961,0.0015315878070889311,0.0011704311974246046,0.0013493384661607002,-0.0011504810268514985,-0.001878362488525427,-0.0033334731777937858,0.0020473743460952755,-1.5744238491002273e-4,1.9947250486808388e-4,-8.476877977618895e-4,-1.814952259625663e-4,-2.2484046842621508e-5,1.8087873844602548e-4,-6.5092683351828885e-6,-3.305291966775731e-17,12/03/2021,55.1431,NHMUK.55.1431.Peninsulae.CRANIUM.DORSAL,variegatus,Male,Peninsular SEA,Peninsular SEA,Peninsular SEA,5.776442,100.431575,7970,80.00%
NHMUK.55.1433.Peninsulae.CRANIUM.VENTRAL,-0.014109533965162442,0.004672591137860407,-0.007887689835460168,-0.004697269413043413,0.011041174778053092,-0.002405912663059141,-0.005059457109241385,-0.009480654606506317,0.016117723260513393,-0.015959820602319204,0.003038711016834643,0.0026786379131748237,-0.00906317289166083,0.00518312921557903,-0.008210232864898482,0.00605395383343389,-0.0054508277878746745,0.007856736300360684,0.0013986209275837398,-0.001968895707479119,0.003078835797017328,0.0028493036438332255,5.559102608515335e-4,-0.0026030406547480033,-0.003422789342577894,0.003882293678139836,-0.0021066669988402203,2.4730305828373254e-4,0.0019700000146950485,0.0012665430785002054,0.0015586623384984965,0.0012389116079490796,0.0015319229588457773,-8.59307277001449e-4,-1.1246857004919235e-4,-0.0012285166231728738,6.649065563436059e-4,1.2595338983412192e-4,3.7007879376762685e-6,4.444124417289793e-5,4.401270185042474e-5,-6.309939696210571e-4,5.587322933624861e-4,1.853920674449644e-4,1.8815620978089413e-4,-3.0330555775281987e-17,12/03/2021,55.1433,NHMUK.55.1433.Peninsulae.CRANIUM.DORSAL,variegatus,Male,Peninsular SEA,Peninsular SEA,Peninsular SEA,NA,NA,NA,NA
NHMUK.55.1436.Peninsulae.CRANIUM.VENTRAL,-0.011452908327441768,-0.00571378826341398,0.01705579504476758,-0.01573166450027401,0.00167747537530926,-0.005589346468540447,-0.0029473175498652754,-0.0026373667012087863,0.0034769466975771574,-0.003184541436086794,-0.0020832110000077774,-0.006755202988885942,0.004156439929644512,0.0041320410064487854,0.0032207878393063784,-0.003449729644593287,-0.0047088135038308295,0.002111829632069741,0.00102300850945749,0.005379717765755251,0.0013222179577907604,-0.0041233094462729235,8.044964439313754e-4,-0.00533231648690518,0.0018415371877096632,-3.8431110632433375e-4,-0.004638677381342776,0.0024069034864337762,-0.002032481067774226,-0.003383711572020062,9.271331773172617e-4,0.0023821289439829177,-0.0036005258474322128,0.0014775236743722634,0.0014760886204971126,0.0020249648380328594,-6.449068661874036e-4,8.815193812002351e-4,-2.606537939007207e-4,4.7519698764143076e-4,-1.1638580755403587e-4,-5.740241024005888e-4,3.425456712078336e-4,-2.7949932897241397e-5,-6.956118194810546e-4,-3.3227408454891694e-17,12/03/2021,55.1436,NHMUK.55.1436.Peninsulae.CRANIUM.DORSAL,variegatus,Female,Peninsular SEA,Peninsular SEA,Peninsular SEA,6.630211,100.185922,3300,50.00%
NHMUK.79.11.21.240.Peninsulae.CRANIUM.VENTRAL,-0.028676021740713892,0.01646975995931782,-0.004288277005562192,0.005933929380488821,-0.01377202300184454,-0.005574572918322243,-0.002940337505370827,-0.003542134999763256,-0.005066195135579137,0.007604576043055749,0.014029960542235018,-0.004821538836483642,-0.0022129904951822253,-0.0013519378533471975,-7.793819569373891e-5,1.2669291897833877e-4,2.819395703574442e-4,0.008775151269880953,-0.0013035461172184529,7.50321081815669e-4,0.0019137193954937735,0.0016680623723362702,5.624636917954467e-4,0.0019837497491000194,0.0011407422836755025,4.9383637528100215e-5,0.0040836034793247005,-0.0013310775945357004,-0.00462117028564617,-3.834672743811503e-4,8.378016721529103e-4,5.241381509214997e-4,-8.152526215414747e-4,3.6513691748384346e-4,-0.0011326080065662569,-8.149828230014589e-4,0.0010720311545762565,0.0016880658586527577,-0.0020252639467405347,5.316355470326113e-4,0.0015502672400676803,4.61969820881231e-4,6.0349941940825334e-5,5.128070381961424e-4,-4.031673432636739e-4,-3.499940138054769e-17,12/03/2021,79.11.21.240,NHMUK.79.11.21.240.Peninsulae.CRANIUM.DORSAL,variegatus,NA,Peninsular SEA,Peninsular SEA,Peninsular SEA,5.38255,100.247977,11080,100.00%
NHMUK.98.8.7.4.Peninsulae.CRANIUM.VENTRAL,-0.0066380424627508865,-0.013136446327337984,-0.005532336331678615,0.006162612176080808,-0.00721586454524973,-0.004902708828703376,-0.002787923088758705,-0.003239637671255921,0.004193494585252215,0.00522480833295511,1.9858089042910454e-4,-0.007002742679407918,0.006947491472605294,-0.001207863019379364,-0.002238352561763242,-0.007736673107597314,-6.400330772705851e-4,-0.0018116296927511632,0.0037946860249166597,-4.624650543025934e-4,0.001285000743189921,0.001085895968858672,-5.269669551821111e-4,0.0018984221713669266,-0.004637748267876934,0.004910342430420894,0.0035143609638896597,-0.001823652989312298,0.001855098031892432,-1.7616055688498864e-4,-0.0021460602675977773,0.002521733210479752,-6.526749182474044e-4,-0.0034402456688789845,3.495242552205098e-4,0.0028089972633044274,-0.0024379052258548324,2.1394771308984632e-4,-2.0777920458153778e-4,5.380402009908706e-4,-4.2378357290306186e-4,2.0518651973982436e-4,7.985865980712685e-4,3.0396947646401377e-4,6.376262399764274e-4,-3.3515399656958156e-17,12/03/2021,98.1.7.4,NHMUK.98.1.7.4.Peninsulae.CRANIUM.DORSAL,variegatus,Female,Peninsular SEA,Peninsular SEA,Peninsular SEA,1.589617,103.54477,5800,100.00%
NHMUK.98.8.3.1.Peninsulae.CRANIUM.VENTRAL,0.005885342210731517,0.005084540456610041,-0.016307814876607103,-0.01108932163453281,0.003253156285443873,6.339863243137331e-4,0.0049074641077925625,0.003760471211173018,-0.010069495672698917,-6.016135478273321e-4,0.006535454188269508,-0.008798776322859001,0.0037415906838270878,8.462542167698543e-4,-0.0033469350570136543,-0.0013775535031802907,0.003337325645921934,-0.0017963044167508043,-2.5184753601630963e-5,0.0011180605708610359,0.011555732208841743,0.004283818519660262,-0.001873054661878604,0.0014161192622912868,-0.00230414404016868,2.1381517005120002e-4,-0.004576633711489846,-0.0014215217778477329,-0.0017087942358532619,-0.0012575861610932776,-0.0027276569682211324,-0.0014920458015136783,0.001634289481474461,0.0013982365851237606,0.0014647752764957048,-4.730742962411771e-4,-2.304027956012104e-4,2.4647892979719123e-4,6.651735109196805e-4,7.991194595233541e-4,2.476841017092927e-4,-7.77189152184767e-4,-9.169749876405196e-4,-9.017261220525682e-4,3.1697911640227183e-4,-2.9327668765732895e-17,12/03/2021,98.8.3.1,NHMUK.98.8.3.1.Peninsulae.CRANIUM.DORSAL,variegatus,Female,Peninsular SEA,Peninsular SEA,Peninsular SEA,5.425962,100.252069,7500,100.00%
NHMUK.0.2.2.6.Borneanus.CRANIUM.VENTRAL,-0.029499544216539487,-0.003972121787844536,0.00264908434266779,5.1222167231738066e-5,-0.016731572008590156,0.008636188244092968,0.005914285736390959,0.016859360476245554,0.01091157271048677,-0.006448117739652588,-0.015197788967912105,-0.0015581025725723966,0.007847683345852707,-0.0027815743867638304,-0.00356981712245925,0.011682403204860057,0.002849580950510253,0.0012540627661206869,0.00321586829042411,0.0018342138061034799,0.003914905410797031,-0.0014825856788096244,0.004452138367829716,9.537242201281201e-4,8.773705409550502e-4,4.7674030568378646e-4,0.0019102897752623213,-9.448330202462914e-4,9.014222165167797e-4,4.6901706419899547e-4,1.863499540130972e-4,-0.002909984535256498,-6.794505907118219e-4,-6.818037374764475e-4,0.001308084706143131,1.9631645577335442e-4,-2.6576404615325823e-4,-1.9820774149204248e-4,-5.552953665953139e-4,3.2346043981018526e-5,6.316273912181304e-4,-1.2612246460609795e-4,-2.88718822508675e-4,1.4814132958843626e-5,-4.0981043362142114e-4,-3.323079658668071e-17,19/03/2021,0.2.2.6,NHMUK.0.2.2.6.Borneanus.CRANIUM.DORSAL,variegatus,Male,Borneo,Borneo,Borneo,3.333439,114.151928,5000,100.00%
NHMUK.0.3.30.4.Borneanus.CRANIUM.VENTRAL,-0.035655586888323286,0.01654540203444683,0.014663022515532463,0.018617766133199567,0.005284532031221311,0.023166831966300268,0.0037884596829531477,-0.0018499001388458066,-0.005337094094436584,-4.7908805048408427e-4,0.004799207564422339,0.0066529608185971565,0.004163490496214305,-0.0016143342292476886,-0.0016988047451942329,-0.006590860412986085,-3.7557518251524744e-4,0.004141607168055184,0.004107971975163397,0.0011691024539080307,-0.003952195869896322,0.002851026461235596,0.003624306816574855,-0.001306567160307448,-9.783106927675574e-6,7.822403483998528e-4,-3.085604605846999e-4,0.003130679840020382,-7.245992961650101e-4,-0.0019348270023909037,-9.758846073222408e-4,-0.002137621940280269,0.0016603058288364723,0.0011165037845284323,0.00202544559822674,5.412257605448312e-4,2.295501587597184e-4,5.920688533453238e-4,0.0017619929207521707,-1.4632220309587527e-4,-2.2338896496197915e-4,8.173431991003013e-4,4.464840277360127e-4,9.986240004070315e-5,6.25232062691168e-4,-2.5898879395247487e-17,19/03/2021,0.3.30.4,NHMUK.0.3.30.4.Borneanus.CRANIUM.DORSAL,variegatus,NA,Borneo,Borneo,Borneo,3.670523,114.442385,115000,75.00%
NHMUK.0.8.4.4.Borneanus.CRANIUM.VENTRAL,-0.003236600626149064,-0.008316198862474117,0.021231745326215593,0.01817999043569931,0.014982188969215009,0.011111651319511168,-0.014620007855114378,-7.289587187801078e-4,6.488138301519658e-4,-0.005215301425387432,0.005013007223567572,0.008489448053660906,0.0011411208363848748,-0.004883155883497977,0.003646507182740375,0.0025547660430498866,0.0030079193276183877,-0.005283944681455689,6.468289461013042e-4,-0.006572289351998443,0.005666431899969756,-0.005346452068731397,-0.0035709666579129113,0.001076460687772507,0.004544239062922917,0.0011146214802714178,-0.0011130893592316516,-0.0010155506459671676,-0.001976563764793771,3.2372738629804894e-4,-0.0027974679578096416,0.0012200159961426253,1.3193069571071337e-4,-0.0015261086041371348,3.4598182541424843e-4,-9.164545072272888e-4,-6.500054217146282e-4,1.7359697371219365e-4,-8.194126825981675e-4,9.404406049331863e-5,8.764115292201329e-4,-8.426939809318877e-4,6.458356174174226e-4,3.456661966762775e-5,-1.5127728619801487e-4,-2.6793346187548028e-17,19/03/2021,0.8.4.4,NHMUK.0.8.4.4.Borneanus.CRANIUM.DORSAL,variegatus,Male,Borneo,Borneo,Borneo,3.670523,114.442385,115000,75.00%
NHMUK.8.7.17.6.Borneanus.CRANIUM.VENTRAL,0.0018492099918987384,1.230463605688005e-4,-1.5546768980360107e-4,-0.002249566332830639,-0.01651901372161941,0.008550957837531768,-0.007142821810674476,0.0034538065472357535,5.839559874238721e-4,-0.006718148225043754,0.006070787438356576,6.620434568794468e-4,-0.004099612853976702,0.00850474684226967,-0.003486111604521863,-0.0014381404028922659,-0.0027071230280461423,-0.0048599576653115244,2.7019221917037867e-5,0.0011126249613927584,-0.001517931495011372,0.0011365231368837122,0.0024953341747563826,-0.0022134495086871624,0.0029769225319200123,-0.005456618377158048,3.0111344080605517e-5,5.714222745756861e-4,6.869745147264394e-4,-3.276109335661388e-4,3.411555859436575e-4,0.0024411027913570356,0.003388814241252861,-0.002314226582475687,-0.0013437931350852761,0.0016235337993597797,-0.0012802957197671353,-0.0012738381889590312,1.9954214768356555e-4,7.63683568421962e-4,0.002017667879240304,7.901508393759443e-4,-6.579853059607791e-4,-7.355132119112247e-4,-5.267532958968568e-5,-3.957337929572091e-17,19/03/2021,8.7.17.6,NHMUK.8.7.17.6.Borneanus.CRANIUM.DORSAL,variegatus,NA,Borneo,Borneo,Borneo,5.304512762,116.9350579,253000,75.00%
NHMUK.50.10.24.7.Borneanus.CRANIUM.VENTRAL,-2.7307889904222413e-4,-0.0021727121038581745,0.01355558823604176,-0.019990767677613323,-0.009209008824673643,-0.01137655079428103,-0.007019819674975697,-0.005518455794948495,-0.008367332931411137,0.0018371810222517556,-0.015004950709732076,0.00501736790945258,-3.976426847483592e-4,-0.006068000917551603,-0.004852111624708496,-0.005846624125596717,0.0016969063501809576,0.0036288276325262994,-0.00165179089897661,-0.0031619554782840193,0.004141505019306866,0.0045744649797598265,-0.001584909852837402,-6.283826837792927e-5,0.003212248411524579,-0.0028096688712025172,4.6517319505644575e-4,0.0033039917679886935,-5.643971782485024e-4,4.8309316369619167e-4,6.779757529513011e-4,-0.001182604469184741,0.002232771552697618,-0.003032731668999814,-7.546925711504123e-4,-2.8139202373088335e-4,3.898344882841174e-4,0.0011888669384801558,3.096026678489031e-4,6.787545876300563e-4,-0.0015518818884684101,-9.647939880697703e-5,6.073888903518018e-4,-2.8848895947214875e-5,-3.364924110774429e-4,-3.529078071440317e-17,19/03/2021,50.10.24.7,NHMUK.50.10.24.7.Borneanus.CRANIUM.DORSAL,variegatus,NA,Borneo,Borneo,Borneo,2.462345332,113.2457313,325000,75.00%
NHMUK.55.1430.Peninsulae.CRANIUM.VENTRAL,-0.01341699725994193,-0.0040476568959556805,-0.014291297450848667,0.006379804786972434,0.008253526823015916,-0.01450023193297324,-0.010335054344549875,0.01422205166318635,0.005486829860198968,-0.0014455770788065184,-0.0034787199283364133,-0.0023673159995647344,-0.003763712622659029,0.0028125799811402783,0.005335686264708021,0.002480983551816532,-1.4343487451748678e-4,-0.007091394003019743,-9.459194248906727e-4,0.0034754771536256238,-0.00493763904080834,0.004970356378751195,0.00326764321867184,-0.0016649897380599807,0.0012374872850983067,-3.959252128503125e-4,-2.4939814095460683e-4,-0.0032000484926449782,-0.00514732928151515,-0.0021794725745750967,-0.0015862863785055055,4.4430978278296165e-4,0.0011841003987451337,-0.0015695653441379033,0.0010267575557287708,-0.0014108137427443625,0.0012569098988565674,2.7381480647305445e-4,3.5373052139306004e-4,-5.5169063391668664e-5,-0.0013897175033978637,3.926250519606189e-4,8.199241901990825e-4,1.0985981173008578e-4,2.5644650656520094e-4,-2.5709144015062524e-17,19/03/2021,55.143,NHMUK.55.1430.Peninsulae.CRANIUM.DORSAL,variegatus,Male,Peninsular SEA,Peninsular SEA,Peninsular SEA,10.28768056,99.119288890000007,5000,75.00%
NHMUK.19.11.12.9.Temminckii.CRANIUM.VENTRAL,-0.018395594848176947,0.004191693269725217,0.006266568901986858,0.0020861889350257657,-0.012703702407889966,-0.0019488632109328009,-0.012310003183318803,0.009419589761817056,0.012366619103871483,0.006882440457132827,0.0014640323264512823,0.003436197593539852,-9.622905966500564e-4,-0.004395818260792364,0.0018611674013587222,-0.005880801233675215,-0.0014054039229054883,-0.004763090403330222,0.00498740941289169,0.0024191456698208513,7.840439692774301e-4,0.0023760692024342887,-0.0074459937164799185,-0.0016536162903241231,-0.0033439487921867344,-0.002254918487491567,-0.002331391132510927,4.47766874702183e-4,0.0015656512854476346,0.004522361872234587,0.0010842361915282086,-3.8333519362607335e-4,1.0992568765471212e-4,0.0037026698204642244,-2.978737808039495e-4,-6.476933358324981e-4,1.0546168452365648e-4,3.5967997906538384e-5,-0.001389140746970716,-5.802208594320491e-4,-3.0283316356888074e-4,5.994294550385263e-4,3.308341129153084e-4,-4.910710111908536e-4,2.1526822230654653e-4,-3.111660235033398e-17,26/03/2021,19.11.12.9,NHMUK.19.11.12.9.Temminckii.CRANIUM.DORSAL,variegatus,Male,Sumatra,Sumatra,Sumatra,-1.895761824,101.3143701,4000,75.00%
NHMUK.19.11.12.10.Temminckii.CRANIUM.VENTRAL,0.033207122448784675,0.01574524212542742,0.00764432221434816,0.025141819994646934,-0.0016390032689032445,-0.0249482922624401,0.008272783887410498,0.0024006630725870314,0.008683930264685077,-0.011870599679771051,0.006747621295169062,0.0019538678171934086,0.01059288593539548,-0.006156857990579339,-0.007632121718414428,-0.0019106320114686834,-0.002010608355387814,-0.0022925393434888495,-0.0028889385592533504,7.647871732885674e-4,-0.0026357342539774812,0.0018523123070017583,-0.0022720544919319374,-6.782410497099817e-5,0.004226131682742126,0.0018057637380869429,7.619751820984776e-4,-1.600766600963544e-4,8.36267573684875e-4,-0.0022052533701099534,0.0018526108919963453,-0.0015928759655114487,9.275240222466905e-4,0.0016245975694131744,-2.0498388928136778e-4,5.616582356284359e-4,-3.620306017010827e-4,-1.302084535455558e-4,-6.818869575264311e-5,4.739805050231568e-4,1.7744082700853084e-4,-4.3418053802892745e-4,-1.0895420442912876e-4,-5.470101730271528e-5,-5.917396943579047e-5,-3.258027528318941e-17,26/03/2021,19.11.12.10,NHMUK.19.11.12.10.Temminckii.CRANIUM.DORSAL,variegatus,Female,Sumatra,Sumatra,Sumatra,-2.706140547,102.5892621,10000,75.00%
NHMUK.94.9.28.35.Borneanus.CRANIUM.VENTRAL,2.9296851696714206e-4,-0.010211637886419978,-0.013123071428381946,-0.004811911954196932,-0.003599765986775231,0.002338593543239069,0.003141977163678017,-2.842138624131128e-4,4.8363659992426176e-4,0.0017724643182464484,0.0054018045197363855,0.0036115072953853532,-0.0012600954116227102,-0.001182197983438312,-0.0035201286686219295,0.0014669061370552981,-0.005320905467110689,-0.00471788126259878,1.554293369183751e-4,-0.0026347653279523682,-0.0037495332976557657,-0.0024090173932235313,-0.004735661019407532,-0.001668638868336205,-0.0018694290206259568,-6.351296902840304e-5,0.0011761200526465825,0.0020063741543178666,0.003638617598336967,-0.0030075887265185804,-0.0032180536704758036,-2.3938931191958083e-4,-8.214406083168179e-5,-0.0015987214236118197,0.002698061512842124,-0.0012487702447625626,0.0014471966746182872,0.002522461552522066,-6.840200184552324e-4,6.880691213848083e-5,-4.4652536170322734e-4,8.959047622461953e-4,-0.001451001429591706,2.043130228328224e-4,-9.102863102785907e-4,-3.236343484869231e-17,26/03/2021,94.9.28.35,NHMUK.94.9.28.35.Borneanus.CRANIUM.DORSAL,variegatus,NA,Borneo,Borneo,Borneo,3.939719,108.182629,32300,100.00%
