specimenID,PC1,PC2,PC3,PC4,PC5,PC6,PC7,PC8,PC9,PC10,PC11,PC12,PC13,PC14,PC15,PC16,PC17,PC18,PC19,PC20,PC21,PC22,PC23,PC24,PC25,PC26,PC27,PC28,PC29,PC30,PC31,PC32,PC33,PC34,PC35,PC36,PC37,PC38,PC39,PC40,PC41,PC42,DatePhotographed,SpecimenID,CurrentSp,Sex,Region,Longitude,Latitude,Extent..m.,Certainty
ZRC.4.966.VARIGATUS.CRANIUM.DORSAL,0.008865039852286611,-0.003052120163589782,0.0015366632710924679,-0.004350049693032109,0.013625885269655271,-0.0024760422974891253,-0.0017927122437813507,0.0043024963224453094,-0.005375905471678524,0.015724997866410576,-1.90351708857761e-5,0.003309355767629308,-8.86302301737442e-4,0.0081538452697269,5.509616155092572e-4,-0.010650442457798467,0.0011650880819880666,0.002182855470433157,-0.002830690198600839,0.0027318011766959936,-1.7636472275432317e-4,-0.002264139406277143,0.0048860598946653955,3.612415810311405e-4,-0.002935323930830014,0.0020055720811534,0.001592851889032538,0.0012864499230260426,5.695916693765673e-4,0.0021988636723356374,0.0022781171464573936,-2.149717595283191e-4,7.28661672585398e-4,-5.795558882142592e-4,2.0893204849648238e-4,6.395260627067449e-4,0.0011724898087401995,1.4036212083952182e-4,-1.5102597449544175e-17,-7.860465750519907e-17,-2.5970030162816848e-17,-1.2902005852577503e-17,18/08/2020,ZRC. 4.966,variegatus,Female,Java,NA,NA,NA,NA
ZRC.4.886.BORNEANUS.CRANIUM.DORSAL,-0.011130039701560955,0.03595256419530787,-0.014354721704570392,-0.01776330002017377,0.029800094659367775,-0.020369258218018632,-0.016914423428038255,0.0030282833528571993,-0.0013145098574977793,0.014052044185634384,0.001122177480168973,-0.008027148926007298,-5.627396697105162e-4,0.005499432507925996,0.0037086767395907937,8.474828805054784e-4,-0.0012625356612625026,9.994329724620971e-4,-0.006237645500453652,0.003524710280986814,0.0017344360894175352,0.005547875250841252,-0.004062994866509458,-0.0037840125219638842,-0.002207661986142154,-9.127988083708978e-6,0.0010369645824282736,2.945186156291272e-4,-0.001196065377836811,-0.0034473015819430036,0.0010654537094151911,-2.339761719589441e-4,7.757206730504113e-4,-0.0014781052719708121,-4.3447611516837234e-4,-9.873726403765652e-4,4.095771240769997e-4,2.1151071365778894e-4,-1.4415145509552585e-16,2.6291902682773483e-17,-2.4699480741935398e-17,-3.577867169202165e-18,18/08/2020,ZRC. 4.886,variegatus,Male,Borneo,3.9218,113.93024,70000,75%
ZRC.4.888.BORNEANUS.CRANIUM.DORSAL,-0.011716297798178068,0.009144845743334,0.018763693571264922,0.011744426372598824,-0.0034536525613387396,-0.002220238556392092,-0.0031404592076000114,0.002175066181539867,0.024370141407679388,0.010118361288874809,0.0076493066671111335,9.923156207524743e-4,0.001059180487169444,-0.010366584516364779,-7.617729418726963e-4,1.9159385959346677e-4,0.005539573179362947,0.004278893411190283,0.0049177073200454,-5.08782338817585e-4,-0.0028687077561806674,0.00430998957314228,0.001119661146646076,-0.005385805209869724,-3.9519462304579396e-4,2.0620277905986214e-4,0.0012167200891165055,-0.0014713733326241262,0.0016490579001631573,6.061309510484819e-4,-0.0019074349933592954,-3.2605417043910336e-4,-1.5773665568192315e-4,5.836532735563815e-4,-6.0893438873196744e-5,-2.346410845915117e-4,-1.6106149860651582e-4,-5.2815962682169334e-5,-2.6637492125253237e-17,-7.806255641895632e-17,-2.551940863487756e-17,1.713039432527097e-17,18/08/2020,ZRC. 4.888,variegatus,Male,Borneo,5.304512762,116.9350579,253000,75%
ZRC.4.899.Peninsulae.CRANIUM.DORSAL,-0.03226786064102587,-0.0030147032781956255,-0.010766574991133962,0.004022779001008899,-0.004724173838138852,0.011738133979436181,-1.0786660151724701e-4,-0.013739452046992316,0.010529860785327902,-0.008149458375907657,-0.0027358469700735624,-0.014587305263983072,-0.0035631841547604333,-0.009452211014260083,0.0016038013784211624,-0.0068031729814192945,0.003625962245316618,0.004206116977425242,0.005257762395797715,-0.0010111485509862106,0.0010748904321924687,3.76199011798443e-4,0.0037133196317924453,0.0022333747430899505,-0.0012440981504930086,-0.0019823657197271093,-0.0017294286034833265,-0.00407928776485398,0.0017772255719034618,-0.0045078644861570255,-9.57187044553282e-5,4.22508750550248e-4,1.869568913644814e-4,-1.172447453060121e-4,-5.775743334326504e-4,-3.704360666342947e-5,9.288414483036038e-4,4.3352866992335954e-4,1.679327521226376e-17,-2.835188681049594e-17,-1.3633842319005218e-17,-1.0408340855860843e-17,18/08/2020,ZRC. 4.899,variegatus,Male,Peninsular SEA,6.425678,101.820476,19710,50.00%
ZRC.4.900.Peninsulae.CRANIUM.DORSAL,-0.004224682361041919,0.00665792492499667,-0.005685453668470528,0.0033258709082533487,-0.010784345324549225,0.005873784716976165,-4.1930636926310516e-4,-0.014008644088092272,0.0041835961119457464,0.010838433154123445,0.0010406732290212327,-0.003936604779011031,6.0640100708969e-4,-0.005054310958856417,0.002394580939842497,0.003041202233662501,0.004869454720687902,0.004944146202621315,0.003466450585213245,-0.004803431864216879,7.632110468154861e-4,-0.0033816448444848853,0.0026253926560373597,-0.002777029528486274,-0.0018024484916782763,-0.0010735153168569705,-0.0014840249960258877,0.004642896347375423,-4.007395634394619e-4,-0.00185254386284276,-2.0552894563138414e-4,5.852006371467862e-4,2.636496920820294e-4,-5.555767834780347e-4,3.5673508434704444e-4,1.713184376955006e-4,-6.418527909742491e-4,-4.145427655943588e-4,9.18861341181465e-18,5.605325231750058e-17,5.2475385148298415e-17,-5.204170427930421e-18,18/08/2020,ZRC. 4.900,variegatus,Female,Peninsular SEA,7.068869728,100.621263,1000,75%
ZRC.4.908.Peninsulae.CRANIUM.DORSAL,-0.013065952936715685,0.01555710893156061,0.01591583318171217,0.012478126153969373,-0.010699308119676338,8.811605069411793e-4,-0.008930176733445084,0.013071948586506905,0.002821809785003154,0.007306167852472365,-0.012482090487498827,-0.009245992145071163,-0.004843124797809182,-0.001443648996455124,0.0019707240823676965,-0.0012195397734394437,-0.008169187906073483,0.0017029135839104772,0.0032570323419361205,0.0037236284300123782,0.002237275931128406,0.006059295242508777,0.004615367203685189,6.819070294503112e-4,8.065288253444257e-4,-0.0028522732415383863,0.001594645841499005,1.1969810957566755e-4,-3.839827629108619e-4,0.001608985054719228,1.622453116112002e-4,6.570781140106988e-4,9.254138013995314e-4,0.002622327156536328,0.0012830277603519695,-6.549836984888791e-4,-6.236105980314012e-4,-6.329973881441791e-4,-2.1149735066582076e-16,-3.61039323437673e-17,3.691030770955339e-17,1.1167282376600696e-17,18/08/2020,ZRC. 4.908,variegatus,Female,Peninsular SEA,NA,NA,NA,NA
ZRC.4.918.Peninsulae.CRANIUM.DORSAL,-0.009539786257857919,0.01711023067177498,0.005286650564489835,-0.007084318802767966,-0.01737419558043004,-0.0071168509718840455,-0.01432867565882251,0.011966163165967826,0.0051291888831167505,2.891361452396024e-4,0.00715222199107887,0.01567576122193185,-0.0018864228501460564,-0.0016430075144353523,-0.005165985962365927,0.0071104544862149914,-0.004795644686141865,-0.004307045354255829,0.002179514957708999,-0.003238601086075124,0.001731558750624231,-0.002126793246492448,-0.007585463766022095,0.0023321301071934255,3.8234679309068654e-4,0.0022840210091652617,3.3935268261729875e-4,-0.0017354606132934194,-0.001820032699128158,-0.0018911081997862453,0.0012672537748151704,0.0021097774203931692,0.0013362834462581799,8.788462533542445e-4,-5.444132170639485e-4,4.3783518609916215e-4,-0.0011187096791194246,-1.1283088057797852e-4,2.6894990141218544e-17,-4.5536491244391186e-17,-2.1006417091906648e-17,3.2526065174565133e-18,18/08/2020,ZRC. 4.918,variegatus,Female,Peninsular SEA,3.55023,101.7233,3500,75%
ZRC.4.925.Peninsulae.CRANIUM.DORSAL,-0.024654808887384673,-0.001831009952790777,0.005810362361951137,-0.004514346683345764,-0.0016931235103007126,-0.010996307708194724,0.004422665052658161,0.008914993575002049,-0.008889594467619716,-0.0151980503132156,-0.01627876093084845,-0.007341106800597296,0.0020444405672879274,-9.030801713005878e-6,0.002822455554647831,-4.913575734916309e-4,-9.645027605535009e-4,3.115913070221949e-4,0.0015275586207570376,0.002705781646502839,0.001591742931129645,0.0015383360022177494,-0.0013326376114606053,0.0021233589525240307,0.0020281223035962695,-2.8924681357166322e-5,-0.002710019850433428,0.001040049665169886,-0.0030429374601043126,9.639033518541716e-4,0.0013611154322530374,2.1722248229447477e-4,-3.695912289766986e-5,-6.441462358327013e-4,0.0011789131927651192,-9.123817986614311e-4,-4.999840536799641e-4,4.6404262244512226e-4,2.7199922002230092e-17,-4.651227319962814e-17,8.199278929421627e-19,1.4148838350935833e-17,18/08/2020,ZRC. 4.925,variegatus,Male,Peninsular SEA,1.4208,103.80113,3100,100%
ZRC.4.937.TAYLORI.CRANIUM.DORSAL,-0.02238272791688499,0.008190210779311133,0.01100637520165001,0.01342047509165264,0.017661216962773486,0.008886751913706801,-3.2726054539474337e-4,-0.001055981870014047,-0.0028442561899567446,0.01157946950002741,-0.0028160283089559853,-0.0025102820644876903,0.007599884974943346,-0.006174180353450045,-0.0026302147045903944,-0.0041070109283811345,-0.004145871643820003,0.004392451485684611,-0.006616002995020012,0.002876935651191935,-0.005059771441819076,-0.004731018259652205,-0.0015584717194741002,0.005228780746341196,7.447620844792441e-4,-7.78650845563016e-4,-0.0028833375876154907,-5.4721461031274985e-6,3.4346005757438083e-4,1.3115681729536794e-4,0.0018804663736431467,4.1938439611094577e-4,-2.4145997892570397e-4,3.287863517768279e-4,-0.0016569967866004534,2.6281217645354515e-4,0.0010573580068469939,5.223487333978849e-4,-1.402008934295318e-17,1.734723475976807e-18,1.0747154034762563e-17,-9.107298248878237e-18,18/08/2020,ZRC. 4.937,variegatus,Male,Peninsular SEA,2.789944,104.202186,1450,100%
ZRC.4.938.TAYLORI.CRANIUM.DORSAL,0.0013472844540397281,-0.030123832741092548,-0.005513865344700411,-8.535979162578136e-5,-0.005288381026499333,-0.009232204353695567,-0.004030311093082287,-0.0055048765972591064,0.015575396219793975,-8.96561481581095e-5,-8.864483044240895e-4,0.015504572808561178,0.011878639892774897,-0.0028808694732650863,-0.002903136214722889,-0.00098409822071582765,0.004541786780237207,0.0012761139711770036,-4.5629417445225423e-4,-6.389024010659147e-4,2.4349616139913202e-4,0.0035998345185210886,0.0032803990119338704,-0.00335743700767538,0.001617534761391861,-0.001802937919971871,7.379107470892994e-4,9.307313831341814e-4,-6.586585382840935e-4,6.235249141575852e-4,0.001451109054692546,0.0017589732141655963,-2.538614419077698e-4,0.0014954386611864393,-0.0013560264117268852,2.3625850258410496e-4,1.3631542740921989e-4,5.298104415264364e-4,-8.49319936211887e-17,3.1008182133085427e-17,3.949375819867901e-17,-8.273817828780006e-18,18/08/2020,ZRC. 4.938,variegatus,Female,Peninsular SEA,2.789944,104.202186,1450,100%
ZRC.4.941.TAYLORI.CRANIUM.DORSAL,0.0107055638739662,-0.0067191198435184955,-0.012753396128104761,-0.02505200258237752,0.009419170776473071,-0.0034050416528267347,-0.017353786378814635,-0.006044295843480215,-0.008461594941011442,-0.011800268207695013,-0.0029638645081915883,3.6265778809842046e-4,-2.816580827968688e-4,-5.0838812598470165e-6,0.004295781387694634,-1.621841647659389e-4,0.0024315181302457843,-0.008522856609974571,0.0032280501723378143,-0.00565108663494299,-0.001604562779055413,0.00247898097139735,0.0038593687705269788,0.0011585338314328093,0.003987668451302915,0.0023302132770043338,-0.004033965261830997,0.0026644660867704163,0.0010709095294144538,4.8147456724525724e-4,-0.0014093458432916173,8.34083967121266e-4,-3.7311537110470267e-4,-2.659010797970156e-4,-2.8143165065779165e-4,3.411955198254199e-4,5.798792282545194e-4,5.021858188256783e-4,6.402213828526904e-17,-1.1275702593849246e-16,3.594130201789447e-17,-8.239936510889834e-18,18/08/2020,ZRC. 4.941,variegatus,Male,Peninsular SEA,2.842241,104.159311,1000,75%
ZRC.4.939.TAYLORI.CRANIUM.DORSAL,0.006905581847693969,-0.021153480305072907,-0.003361360610860572,0.012096192389099506,0.0025746658957314142,-0.01417438586899145,-0.0061944345808636805,-0.008997133775361372,0.004580278521054245,-0.0014438530395192919,0.0021683242169037355,-0.0016185425584791168,0.0020259321738666206,7.623525735073516e-4,0.004484972071535013,-0.0033456820539677495,-0.0019078231487320743,-0.004950287962881091,0.003153998814863042,0.001379078541913427,-4.6281409097766527e-4,-0.0023675540951960806,-0.005894253628323574,-7.826635371990965e-4,4.946641704483466e-4,-7.451248670612673e-4,1.4517777904359536e-4,-2.745760637581851e-4,-0.0015157292330165446,7.223971789610076e-4,-0.0018132336748555677,-0.0012832116067354245,0.0019979016078923214,9.811040867214056e-5,3.6594664010339224e-4,8.218858316048771e-4,1.387305810227788e-5,-6.099645440603595e-4,-1.0804921681765306e-16,6.314122402012456e-17,4.746772636413099e-17,1.021860547567588e-17,18/08/2020,ZRC. 4.939,variegatus,Female,Peninsular SEA,2.789944,104.202186,1450,100%
ZRC.4.940.TAYLORI.CRANIUM.DORSAL,-6.233297986572463e-4,-0.027369513568994766,-0.003963617101353389,-0.007574400314482156,-0.003799604792571371,0.00879972751027292,0.009373833023844348,0.001944297070175614,0.0017186506030028993,0.008536236945889099,-0.015014237022383059,0.007129026030700551,-0.001422951808609576,2.151261181339173e-4,0.00759722447196169,-4.6794663653131156e-4,-0.0016562567527430903,-0.003735256475170589,-0.00250091038054427,-0.001382921127543287,0.002418772909568506,0.0021645625773133335,-0.0023719014624633493,0.0017407749321863375,2.6751084523380736e-4,0.0030781279647675995,8.882048442817189e-4,-3.678329233007127e-4,-8.676694767146117e-4,-0.0018206571097008444,-0.0027493201867930415,4.8492750004409523e-4,9.72453556231304e-4,4.254675051898854e-4,1.2516577598698154e-4,6.806037370104694e-6,6.482151229686235e-4,-5.452231917900778e-4,-7.267542687441897e-18,-7.746624522408929e-17,2.4198037237160852e-17,2.5045070184415152e-17,18/08/2020,ZRC. 4.940,variegatus,Female,Peninsular SEA,2.789944,104.202186,1450,100%
ZRC.4.944.TEMMINCKI.CRANIUM.DORSAL,-0.03894499878365709,-0.025992477120279796,0.026160053298985863,-0.03310183304726762,-0.0038177553957475675,0.012008743118105299,-0.011254444956084934,-0.001767896046899377,-0.007539583704895278,-0.002711426945307188,0.015476940630247453,0.006437372348682156,3.098977504864531e-4,-1.0698462402335087e-4,0.007470061145162355,-3.818729658610275e-5,-1.8677334309546824e-4,0.00495303726336078,-0.0033340951121683675,0.004309840274368557,-0.002742407039251325,0.0020356052235408124,2.2407119987807232e-4,0.00289320786237305,0.0014626585397937459,-7.854353018913219e-4,1.2177801223275146e-4,-0.0010774949745665815,0.0010849729393124972,2.329729459175695e-4,0.0014443323034618086,-7.513566824951935e-4,-0.0012811875873768553,5.038763764094885e-4,-6.209843906225454e-4,5.658952764877179e-4,-1.0509883456972621e-4,-5.648657355028595e-4,-1.4802917192805604e-16,6.207057437479513e-17,-2.0523608311971697e-17,-4.797594613248357e-18,18/08/2020,ZRC. 4.944,variegatus,Female,Sumatra,-1.895761824,101.3143701,4000,75%
ZRC.4.947.TEMMINCKI.CRANIUM.DORSAL,-0.003951428882957074,0.007536424869449022,-0.006206542424766499,0.0035233882595787002,-0.005642819845825315,-0.012099414661489623,-0.006680997010349418,-0.0078102869616917285,5.512281858057735e-4,0.0054248006607498555,-5.209002038369492e-4,-0.0012234020407223042,-0.00988568021605422,-6.574643648420223e-5,0.0030974767542594358,0.00851328286955385,-0.0029985490076229926,0.0021186309519046647,-0.0016377606350609576,-0.005319123753148553,0.004013245580948193,-0.0016812407600025568,1.0551149767618336e-4,-0.003976480170521667,0.0014184110486729902,0.0012326292012424787,-0.0034415298276188337,3.2644333129750803e-4,0.003020028877932953,-5.26047876706087e-4,8.523490702159889e-5,-3.348703346403904e-4,-0.0012175984077492127,-2.216214530278017e-4,-0.0016100351815640402,4.0809697666415e-4,0.0010355744067658316,3.86215489970979e-4,-5.713067822640805e-17,-2.710505431213761e-18,-4.6363195400911383e-17,-1.0842021724855044e-18,18/08/2020,ZRC. 4.947,variegatus,Female,Sumatra,NA,NA,NA,NA
ZRC.4.962.VARIGATUS.CRANIUM.DORSAL,0.013793904691892827,0.006262542544243427,0.014796827233427979,-9.60878105884616e-4,0.00444440685127511,-0.015048026692937403,-0.002881866011678011,0.014572360897047049,-0.006710256671170869,0.006024893941395901,0.011274188416352677,0.0051370594472377904,0.004735346714127669,0.0018828798811261406,0.004013333869269849,-0.007099283740058911,-0.0037589396281822642,-0.002505082546924471,0.0046775454400643035,-3.349882857312163e-4,0.0020518157537755604,-0.003340419002018701,3.168238360293385e-4,-5.910996771401719e-4,-0.002381111004680554,3.721570711151199e-4,4.5471151648769463e-4,0.0011765794749684828,6.70095219019575e-4,2.2610796425867456e-4,-8.200522050440418e-4,-0.002451808789564035,-8.886240651516302e-4,8.094403234400762e-4,-0.001011429857060317,-0.001220980987876919,-6.076279051373581e-4,1.9654047589623741e-4,4.660714088972062e-17,-3.252606517456513e-17,5.785235029746871e-17,2.3744027577432547e-17,18/08/2020,ZRC. 4.962,variegatus,Female,Java,NA,NA,NA,NA
ZRC.4.965.VARIGATUS.CRANIUM.DORSAL,-0.02030925484308801,-0.04259311074499828,-0.005043223498301895,-0.016698253130170038,-0.012547892592874801,-0.007635085162417551,0.021068239843898592,3.491336814572642e-4,-0.00361423394895459,0.006530335363561206,0.012579248468335566,-0.00607881345478855,0.010811193001234858,-0.0033287956695711046,-4.194807384969074e-4,0.0016601458036514208,0.00196664315602003,0.004194029058158545,-0.00335567643988693,-8.831047410787665e-4,6.763521257503371e-4,7.816508619774469e-4,-0.004313833016511147,-0.002334817113845633,0.0011021522870672596,9.860918315724495e-4,7.665147479967543e-4,7.704529500933017e-4,6.695063355514205e-5,-0.0011427705682793522,5.456988178376841e-5,-0.0019981778111877553,0.0031027137071700382,-3.130784558770371e-4,9.870349338271045e-4,8.850701272188378e-4,1.794163094187584e-4,2.076005753900022e-4,4.865992523739142e-17,-8.622795403048777e-17,-1.8484800007930596e-17,-5.082197683525802e-18,18/08/2020,ZRC. 4.965,variegatus,Male,Java,NA,NA,NA,NA
NHMUK.7.1.1.220.Temminckii.CRANIUM.DORSAL,0.005491237650176069,-0.019400924220613246,0.014311322394944164,0.011523678831404462,0.001330998957179936,0.0040247524490092095,0.0023423460068240187,-0.01327678599779443,0.0010963575982770204,0.008431213934138695,0.004111761720606885,-0.0032743330660215176,-0.009644299340193487,0.009041903010839005,-0.0023616472775882156,0.001580676393767118,-0.008766608698077015,0.0021424586298166167,-0.0039402845655370925,-0.0031391579799665606,-1.8822742467363319e-4,0.005579977309064143,0.001231105922860177,8.735576673560317e-4,-0.0024402011805258568,-0.0015062726675790132,-0.0015246889688192815,-5.182785873204002e-4,0.002138960671668062,0.0013879737657311656,-8.161772046791898e-4,-9.172434696596474e-4,1.634701593892996e-4,-6.733473952182707e-4,2.2975213340762463e-4,0.0011478489735074916,3.2561381671390423e-4,-1.1288652779074296e-4,7.721552347170202e-18,4.8490942164414186e-17,-1.0950441942103595e-17,-6.2341624917916505e-19,05/03/2021,7.1.1.220,variegatus,NA,Sumatra,NA,NA,NA,NA
NHMUK.7.6.18.2.Tellonis.CRANIUM.DORSAL,0.012411295417681609,0.003845485021285656,-0.013385461336330232,0.00884772524797506,-0.013493618523397295,5.703524380919796e-4,0.004641657257445522,0.010015548922550223,-5.773202421387818e-4,0.003936575689780696,0.004042900955726867,0.0011575947216196578,-3.6119905056895433e-4,0.0041568241610315075,-0.007503892175879326,-0.007154059958736054,-0.0024599136504260314,-7.609380507000707e-4,-0.002005737851822855,-0.009640097664563098,0.001761233968860427,0.0031526492252100568,0.0024320872510587154,-0.0020089886819749875,-0.0013457975437193514,-0.0019436987943233577,0.0015845649437650087,-6.740934465682817e-4,3.9650027021407886e-4,-0.0010547091243111014,4.6794001983539897e-4,-0.0022069714722776066,-0.00175365883265408,-7.475487526603402e-4,9.178105854485481e-4,-3.151866796934211e-4,4.327017588499556e-4,-2.5149847499236923e-4,3.0842163675423584e-17,6.833184192089892e-17,-3.2356658585114273e-18,-2.179246366695864e-17,05/03/2021,7.6.18.2,variegatus,Female,Sumatra,-0.063028,98.276616,3040,100%
NHMUK.8.1.25.3.Taylori.CRANIUM.DORSAL,-0.0100381863304429,-0.024078880407143184,-0.01479230312526559,0.004134375993215401,7.075099340790703e-4,0.013713619667481717,-0.008430081154366031,0.008383382356992711,0.005720551215159191,-0.0032603287009403655,0.0010288804885599065,-0.00453458910522855,0.0034399057806454576,0.003711737615184807,0.011192245230729068,1.5308881798335036e-4,-0.003647350407615153,-2.1417265068646147e-4,-0.0018594128110743424,5.949860152980412e-4,9.517695908094225e-5,0.0016783706753629821,-0.0029359426861924032,-0.001655965236948858,0.003561347529798309,-7.633229614089909e-4,0.0020150625949893184,-4.8497641413199955e-4,0.0023448342532919053,-1.4835919686502532e-4,7.138861115334931e-4,-0.0015267294793737231,-0.0023400985457986776,5.657647799920474e-4,-1.5148658674206145e-4,2.792453685797307e-4,-0.002497472787825007,0.001988157017152194,-6.596353780037589e-17,1.3877787807814457e-17,3.110304982317791e-18,1.5612511283791264e-17,05/03/2021,8.1.25.3,variegatus,Male,Peninsular SEA,2.789944,104.202186,1450,80%
NHMUK.8.7.20.10.Peninsulae.CRANIUM.DORSAL,-0.003932238759179594,0.02605539502206058,0.005423035617268099,-0.006488215785652509,-0.019295952718890414,-0.0222234032337578,0.0029877829872772235,-1.716384800847334e-4,0.0054270315603794205,0.005357386192622058,-0.01170979238406628,-0.00732385552081178,7.138446267663661e-4,0.001448135497944483,-0.00228336590747042,-6.332513728486766e-4,-0.0038005698020591155,-6.207984966645483e-4,2.0604165283270642e-4,-0.0015450244854757712,-0.010059006125073922,-0.0026578525634793427,0.007891687580201869,-0.0011482969795726145,0.004070542368084787,0.0020412353019206545,0.0030478959286499,-0.0014553794192523908,-0.00107189245619831,-4.85795755987126e-4,-0.0015039204442952143,-0.001431349577574843,5.121186685324429e-4,-0.0013245308012796333,-1.608993318973117e-4,0.0022660667976217375,-9.142041000915692e-4,-5.001878788822773e-7,3.871957008488858e-17,6.5052130349130266e-18,-3.7838655819744105e-17,7.37257477290143e-18,05/03/2021,8.7.20.10,variegatus,Female,Peninsular SEA,3.488784,101.767941,34960,80%
NHMUK.9.1.5.519.Variegatus.CRANIUM.DORSAL,-0.010483754552810889,-0.014902742673926758,0.00579736571217327,-0.003943904260144782,0.0033910620038024963,-0.010585377689770428,-0.0034041576671409663,-0.002718415437939505,-0.013195174872119162,0.01278046117238769,-3.1799421919159775e-4,0.0032278538614136914,0.0012381608485335712,-0.008582477322759054,-0.0011202527693941829,-0.007244371005764025,0.0023882201904717386,0.0016744329371771306,0.005136211349542637,-0.0026784407786059304,-0.0033963241009446225,-0.001410995286130386,-0.0024260447308725942,0.0037819045600845213,0.003959598409496991,0.0012147514290031325,0.0029405505017123888,8.224338381959493e-4,-8.000214474036275e-4,-1.946021295817598e-4,-0.0011495894554497581,-2.0019370417718747e-4,-0.0025543667661598528,-6.336405445275882e-4,2.1852164403510428e-4,-0.0012023283492800432,1.6352674877379939e-4,9.898772318645281e-7,-2.8019849895172255e-17,-8.673617379884035e-18,-1.146543797403421e-17,1.3227266504323154e-17,05/03/2021,9.1.5.519,variegatus,Male,Java,-6.21462,106.84513,21405,75%
NHMUK.9.1.5.520.Variegatus.CRANIUM.DORSAL,0.00690470646049208,-0.004599699668584512,-0.010086553355528403,0.007669961002018178,-0.009853618679739743,-0.009878636141703314,-0.010482707665786087,-0.0012557923719060905,0.007974729625191756,-0.006646779411111828,0.012403814848473235,2.1245066153396397e-5,-0.001671115421470937,2.0054031776059846e-4,-0.006399394111101342,-0.006069436260423075,-0.0014241960023125158,0.005062388920856377,0.004845391936813143,-0.004193865627527527,0.001867364584945642,-0.007932986353990626,-2.267875949550397e-4,3.435977489139921e-4,4.8437492209369923e-4,-0.0011173686436936863,-0.004350234610276901,0.001728031746362059,-0.00380426617743382,7.849337845696176e-4,-3.772833871213412e-5,-3.5765221299575517e-4,7.433920902602894e-4,-4.2359921892408706e-4,-5.573015517181958e-4,4.097540343139837e-4,9.142891663655222e-5,4.0732814272241384e-4,-9.501962662739538e-17,2.8677994495188847e-17,-1.7228173691119638e-17,-1.5841633696023552e-17,05/03/2021,9.1.5.520,variegatus,Male,Java,-7.683374,108.57176,12150,100%
NHMUK.9.1.5.521.variegatus.CRANIUM.DORSAL,-0.001526905933361523,0.028633418268736874,0.013666009364107773,0.01958420662348095,-0.022229709351868968,-0.004550398127690054,-0.006980844492149573,-0.02149384810133996,-0.010769533171641766,-0.004332439336485745,-3.783877611909015e-4,-0.005135333082119978,4.918025139858703e-4,0.001203092570677439,-0.004391893656981529,-0.0024010450244032902,0.004913390958300639,4.09842468554396e-4,0.0039486884168305186,0.001039894640709711,-7.607447703302992e-4,-9.820495492122421e-4,-0.004823498021576914,8.800767996309021e-4,-0.002894625012512759,0.00470030029563625,-5.612068147421424e-4,0.0017096541098243771,0.004327582323224239,-7.128976984950966e-4,-0.00243525068508392,2.549933441576041e-4,-2.9942231597170397e-4,-4.900790934896428e-4,3.2953411608365227e-4,-5.68671023812843e-4,3.694176093041389e-4,5.86405521531365e-4,-6.281596336837891e-17,-6.483528991463317e-17,-4.178921748573816e-17,-2.461138931542095e-17,05/03/2021,9.1.5.521,variegatus,Male,Java,-7.683374,108.57176,12150,100%
NHMUK.9.1.5.523.Variegatus.CRANIUM.DORSAL,-0.0034105196283910288,-0.01232610940454952,0.006635348370240822,0.02390358786901542,-0.01726700760013539,-0.017264837913463442,-0.005494126985328262,0.006720483326050535,-0.001147639947743556,0.0011455586643180048,0.00840647199269406,-4.903385512817262e-5,0.011666983293886818,0.00438346994305678,0.003086871636447811,0.003145483305595663,0.005352025142305359,4.913429826276928e-4,-8.239417539674244e-5,0.009126425869977705,9.564821478748592e-4,-2.1679098087772127e-4,-4.633331050425672e-4,0.0026772409655637457,6.730180037396987e-4,0.0011959150541883004,-8.196415234855002e-5,-0.0026577152468678956,4.1844366432133796e-5,-1.8987862694081484e-4,-0.0031063826489259863,4.1196661439386515e-5,-0.0013142148800100542,-4.505880378741177e-4,-9.850521785503628e-4,2.233987762893996e-4,-1.286955204591434e-5,2.922959281219517e-4,-6.436095146417076e-17,7.058156142880634e-17,-1.5151725360484924e-17,4.7704895589362195e-18,05/03/2021,9.1.5.523,variegatus,Male,Java,-7.683374,108.57176,12150,100%
NHMUK.9.1.5.524.Variegatus.CRANIUM.DORSAL,-0.007187704302009562,-0.0018218832194914947,0.02566305569399988,0.016361186695034547,-0.008923154242398012,0.005456039726111424,0.0013155566178202599,0.0055885045275898566,0.0026713267874182377,-0.01242552868996898,0.007396415946114804,-0.008521846100417672,0.009019392135772901,-0.004606955260906798,-0.0014450394661810538,-8.980046363973101e-4,-1.0239058461169992e-4,-0.005217971050521592,-5.666391108706648e-4,0.004713400340484231,-5.007638458434578e-4,0.0011798658002103724,0.0020015430989566655,0.0011531209487728208,-0.004771439312828031,-0.0026033594084171044,-6.488354698324177e-4,5.90999690670696e-4,-8.048828015337479e-4,-0.0013792265706512158,1.2125052918749097e-4,9.625818879797712e-4,-0.001023556813853614,-0.001107780294339528,-4.102530753006499e-4,0.0011355663019037582,-8.883175231590819e-4,-7.392427384710191e-4,3.8868647883605334e-17,-8.500145032286355e-17,-6.722053469410127e-17,8.673617379884035e-19,05/03/2021,9.1.5.524,variegatus,Male,Java,-7.683374,108.57176,12150,100%
NHMUK.9.1.5.525.Variegatus.CRANIUM.DORSAL,-0.008441516890806494,-0.0028948587293942123,0.013941742051860658,0.010712199557428886,-0.005510036298405299,-0.006048741257052279,0.0010127623620549279,-0.006160588411268629,-0.0055627993238367346,0.013276983207766125,0.004414369076055944,-0.011391411324027951,0.005343895079782758,-0.0020521378295726565,0.00242485130372449,-1.291274661015606e-4,-0.006269733990366767,-0.011178480652230307,-0.004282924979409583,0.007454953531305588,0.010018211464333177,-0.007108108980537164,0.0040910480391792015,-0.0024133616065106916,0.0035531983016648676,-0.00263986024268158,-0.0010510146592809784,3.1739443397825343e-4,7.664340800808473e-4,-0.0010476582310654165,4.116309551812794e-4,1.289878300006291e-4,0.0010911199183199502,9.9183002318565e-4,6.990734918735166e-4,-6.982511408072191e-4,4.164315124917591e-4,2.1128643336667337e-4,1.1926223897340549e-18,3.0140820395097023e-17,-8.51098705401121e-18,2.168404344971009e-17,05/03/2021,9.1.5.525,variegatus,Female,Java,-7.683374,108.57176,12150,100%
NHMUK.9.1.5.527.Variegatus.CRANIUM.DORSAL,-0.003106525102808926,0.016456318850165432,-0.001858689967313948,-0.02517065351192165,-0.0026960505538640178,-0.0038424112367942045,-0.020231838563388158,0.00306114215289439,-0.0010087624318836556,-0.0014149635155540122,0.0030989618916541454,-0.002574012227404649,0.0021034084618380975,0.004177051664854029,-0.0036423553937060212,-0.012585625814680009,0.011485933053309392,-0.004158940423116049,-0.004386813775648938,-0.0029656741205558953,-0.0010906108916565102,0.002493229741383205,5.480934195572537e-4,0.0017053797157596303,3.2140192151238606e-4,-0.005897124121389357,-7.335881834051082e-5,0.0011248026795531827,0.0012217752901701369,-5.909976800825238e-4,6.990760455177943e-4,0.001626487018898966,-7.550706220024679e-4,-6.956641728064547e-4,-2.743517648011356e-4,3.8165000834860114e-4,-1.1093587359438465e-4,-3.802091120256063e-4,3.4545391720819385e-17,5.084908188957016e-17,-9.405453846311751e-18,1.4203048459560108e-17,05/03/2021,9.1.5.527,variegatus,Female,Java,-7.683374,108.57176,12150,100%
NHMUK.9.1.5.529.Variegatus.CRANIUM.DORSAL,5.60852325607302e-4,-0.012081973019814196,-0.026343142447919285,0.005748167439325803,-1.744592264569112e-4,-0.004109970741667493,0.02338023815699723,-3.2729765463504777e-4,-1.5531676832683227e-4,0.010677237021656563,-0.0011335566198976922,-0.00978528278942322,0.00685985400983237,1.0630828798074705e-4,0.006610963248507486,-0.0030789725476026656,-2.266418354675599e-4,-0.004722485528901641,-0.0018914269814222521,-0.002141760218064817,-0.001998963203534722,5.126735746054141e-4,-0.001107192851870597,-0.0016610884002494465,0.0017076707286791362,0.0021492288294857544,-0.0011522162222478748,-1.342530859985609e-4,0.0011860185068546683,0.0011852273338046214,-5.976768378439887e-4,0.001854132477948692,-0.001943434044136353,2.3851520330822932e-4,0.0018110835831063625,-6.978754138013091e-5,-7.145877312299484e-4,-2.187940085507587e-4,-1.0657707355532509e-16,5.7462715141731735e-17,-8.115253261054001e-17,-9.107298248878237e-18,05/03/2021,9.1.5.529,variegatus,Female,Java,-7.683374,108.57176,12150,100%
NHMUK.9.1.5.530.variegatus.CRANIUM.DORSAL,0.0011743529427920433,-0.009732204161160765,0.006025525179091325,0.013626457690271895,5.673297434912151e-4,-0.023195233136082377,4.711414464757222e-4,0.012815619996295656,-0.0025804090560214753,6.761763725858719e-4,-0.004208093519860312,3.006588962804282e-4,0.009569702183909852,7.138031799872686e-5,0.00342258214356967,0.0038382746492486193,0.003077130558483632,-0.0031198930557407405,-7.728140107544202e-4,-0.0020492388273556593,-0.002150095947017,-4.940687286320446e-4,9.282564775273034e-5,-0.0017572501467012277,-0.001045810609858049,6.060823990847381e-4,-0.0021772001500883795,0.00145337649551655,4.673921259807089e-4,-0.0023664925791119485,0.002121963217000507,0.0014371796585158358,-6.420391260746392e-4,7.334159274558578e-5,6.629893839785049e-4,-2.2939372579727885e-5,2.155365021350479e-4,1.2133751657547166e-5,3.6229293219960934e-17,-7.318364664277155e-18,-6.047476430216803e-17,-2.2768245622195593e-18,05/03/2021,9.1.5.530,variegatus,Male,Java,-7.683374,108.57176,12150,100%
NHMUK.34.7.18.88.Peninsulae.CRANIUM.DORSAL,-0.004687352527595484,0.01294257150433652,-7.192876210895572e-4,0.020490919884460734,0.005419069811862616,8.995720434330801e-4,0.011369372407197377,0.020996064257295464,0.010309457966732728,-0.0015553988325128336,-0.0032349704144801253,0.0035130906632399863,-0.0021485519569951414,-0.004406592468270194,0.0033016731801405724,0.002118339712267696,-2.6689780667116556e-4,0.008395136526117664,0.001027513080718867,-6.413435362512732e-5,0.0010039198647937096,0.0020109803234942274,-0.0025827362423786935,5.349428789035986e-4,-0.0020263966332073387,0.003408777790275506,-0.002537567717170506,0.003459732710084132,9.151504808600508e-4,5.634129260783211e-4,-8.278075548566244e-4,8.01078696533771e-4,0.0013801575395311293,-6.0421643964642444e-5,3.3830934469531983e-4,3.180562765176231e-4,6.677015830869223e-4,6.811130405438052e-4,7.3332724441488306e-17,2.1738253558334364e-17,9.893344823930228e-18,3.2526065174565133e-19,05/03/2021,34.7.18.88,variegatus,Male,Peninsular SEA,4.496415,101.570916,2005,75%
NHMUK.47.1427.Terutaus.CRANIUM.DORSAL,-0.008521648361822178,0.02279949259403143,0.011579441448093555,-0.004964014689091646,0.010762684084547345,-0.005201331314646534,-0.004285908939197384,-0.006466651303592191,0.0017086947961217484,0.0040741571049250636,-0.010869206744204591,0.0036733640474169195,0.0019745708776645944,0.004099982640899969,0.0014078700807149645,7.691644111297994e-5,0.0038150336690928772,0.004679864817706728,-0.003937073209380985,-0.0020856323084915847,0.00235226594706904,-0.0038008339743497875,8.692733125574106e-4,0.0012473866322949563,-7.286063458856904e-4,0.0041662628758236606,0.004533402677226543,-1.1641382738525135e-4,-2.7284676569705576e-4,1.7981060450807335e-4,4.280759238799983e-5,2.2938368846523425e-4,-0.0022748763262747792,0.0012547818172372592,-1.4113541083863107e-4,2.2455510068465355e-4,-6.331080605196803e-4,2.630839598042943e-4,2.796563978654798e-17,7.589415207398531e-17,3.9302328752599536e-19,-2.168404344971009e-18,05/03/2021,1947.1427,variegatus,Female,Peninsular SEA,6.612945,99.650898,13860,100.00%
NHMUK.47.1428.Perhentianus.CRANIUM.DORSAL,-0.007990490200616152,0.030555452226600825,-0.008418603699505088,-0.007634002842391808,0.02362252483386899,-0.01631858527548939,-0.005599741406116755,-0.012701196182625383,0.0025267654730713037,-0.015645869520381894,0.007327469614190481,-0.00331024678663497,0.0058944068111694975,-0.0016843342366658941,-0.004086437939695042,0.0013296308540078196,-0.007045171905937782,0.010621487040305315,-0.0034251754355475237,0.002778486668264683,0.0012844666352872691,-0.002960083029895794,4.2008618628602937e-4,0.0033857174984309657,-0.0022990397008976825,0.0014133991537468476,2.252510998175327e-5,2.3017258915721103e-4,-0.0011933406119895454,5.935568936273756e-4,-2.804060113603333e-4,2.2606301294882418e-4,1.270905748797289e-4,0.0019508763389901006,0.0010190089827458787,1.5925049784706823e-4,-6.650170592111802e-4,-3.3706843929650905e-4,1.017930314692328e-16,-2.1033522146218786e-17,-6.636672548326894e-17,-3.3610267347050637e-18,05/03/2021,1947.1428,variegatus,Female,Peninsular SEA,5.902628,102.754195,2720,100.00%
NHMUK.50.11.22.philippinensis.CRANIUM.DORSAL,0.07088115685286553,0.02775662820126916,-9.7946361295023e-4,-0.03328302021217866,-0.0107543694484206,0.006830828728593462,0.01255773398626071,-0.0015867142879056008,-7.339769276576993e-4,0.002468036938910587,-0.008386042706806906,-0.003772445481010932,0.006122706338154869,-0.013371687940835932,-9.314704724105889e-4,-2.5414263749421893e-4,-0.0048043397623501035,0.0024708604318659506,0.008152599194012395,5.707457340477678e-4,0.004299702052640202,-6.520137123502989e-4,-0.002932140566035207,0.0011442738507821397,-0.0022148988540210456,-0.0018227027509103975,0.002790103685662394,-0.004309042022461934,-0.0018922371328508282,-0.0021712274170734903,0.0012379729282525893,-9.248352313754539e-4,-6.343977315386596e-4,-4.8020602942414265e-4,-8.911714307002368e-4,3.904688387270228e-4,0.0010738146470157055,9.946257986155928e-4,-2.947674656444965e-17,5.442694905877232e-17,-1.723881454251952e-17,4.336808689942018e-19,05/03/2021,50.11.22.,volans,NA,Philippines,9.834221,124.16833,55000,100.00%
NHMUK.61.1162.Peninsulae.CRANIUM.DORSAL,-0.04121245279482972,0.0012792873218192718,0.015905564136662224,-0.011610359215073748,-5.017556331846114e-4,0.00814478682519359,0.0022067343708779574,-0.012816336153074934,0.007147071196344394,0.0015712583453560325,-4.973518568753547e-4,-0.0025548333674077677,-0.0026179359436236385,0.00885681376455107,0.009285283514508712,-0.0028818809234748325,-0.0057554683495221375,0.001167352993490002,0.0029435287798772487,0.0024358332780482607,-0.0012272363707565748,8.084330364109112e-4,-0.0021588171351776494,-6.871099725640327e-4,6.267706269982731e-4,-3.9277898114213855e-4,-0.0016505991305400566,2.6177962802630074e-4,-0.002104919259812244,-0.0011594426764357665,-3.52157207411583e-4,5.05525661394748e-4,7.653701775450987e-4,3.5685186447108363e-4,4.797048675640014e-4,6.56161383229676e-4,1.053075251468306e-4,-8.121057207298357e-5,-6.457779189866786e-17,-7.296680620827445e-17,1.849919956803392e-17,8.890457814381136e-18,05/03/2021,61.1162,variegatus,Female,Peninsular SEA,3.078114,101.853127,4000,75%
NHMUK.71.2621.Peninsulae.CRANIUM.DORSAL,-8.905977874996626e-4,0.005852426628254542,0.014701304416823541,-0.015619301621045304,-0.009840946288679552,0.010886281071543394,-0.009290541312314464,-3.52058714924234e-4,-0.010667549772245755,6.065077264609255e-4,-0.0017042048795490568,1.6011795882010386e-4,0.008185682987800544,0.004644274422181702,-0.008461461481689268,-0.0024052808379863527,-0.0031361997812846907,-0.001456260999194721,-9.684985717961995e-4,-0.0028834047198594255,0.0024911717400895664,0.002605569983856043,3.5923825283702357e-4,-8.579331850217437e-4,-0.001133828755915509,0.0038760479524185495,4.5350735167108247e-4,6.093123188787619e-4,7.614596229279597e-4,5.483177591541679e-4,-0.001297600284307032,-9.020670377395538e-4,-2.266829126162855e-4,5.2137414428852895e-5,4.5473035049631977e-4,-4.8572691909811016e-5,-3.7379883939653817e-4,-4.193827866946884e-4,-5.2593969760914017e-17,5.990217002982412e-17,-1.1824579943670033e-17,3.903127820947816e-18,05/03/2021,71.2621,variegatus,Female,Peninsular SEA,3.242112,101.766468,2750,75%
NHMUK.79.11.21.448.Variegatus.CRANIUM.DORSAL,0.008074262287542107,-0.009371323074229634,0.017198703526841854,-0.01777360262248617,0.008716749188297663,-0.006888854517970719,0.01960381693913773,0.004907765030251054,-0.005280308659848187,-1.526641068182493e-4,0.0054152366800247695,3.090796100415624e-4,1.2904454536731043e-4,-0.00748365296842284,5.592045687344919e-4,0.01206037943211091,-6.513383364213038e-4,7.704984698118197e-4,-0.003697852835947377,-0.009123688705133698,8.501369598755485e-4,-0.0035081314263447063,0.007205756792168867,0.0030607862959837707,0.0021330358051748,-0.0024136328168712644,-0.0012371941899035868,6.029858094611025e-6,-4.033581391550267e-4,0.0033057566747567335,-0.0035163320705763547,0.0015249804568085972,-3.914318966141356e-4,-4.85041252222558e-4,2.3934502848480535e-4,1.3377586083946518e-4,1.1975831172831927e-4,2.858465312409457e-4,-1.1990598401331876e-16,7.223496974184673e-17,4.690868461894315e-18,-3.2526065174565133e-18,05/03/2021,79.11.21.448,variegatus,NA,Java,-7.620019,111.641876,27380,75%
NHMUK.8.7.20.8.Peninsulae.CRANIUM.DORSAL,-0.009187972331703407,0.030414648925909706,-0.020941173576704362,0.015969782465709653,9.552379964538193e-4,0.005880822477234904,-0.00882899585378813,9.779467886504342e-4,-0.0057714230990185585,0.0070025913152058005,0.013843329685653513,0.003291552152483063,-0.0012460047743538252,-0.009931775763233248,-0.003562947453440434,0.01034537909078543,-0.002431687691192278,-0.004673044503564867,0.002768309959327104,-0.002453739805215476,-0.004516032956726095,-4.4591390052756136e-4,-0.001993498631619257,-3.405454731682599e-4,1.7224888373291926e-4,0.0010661594764265314,0.001699609445861745,6.788782328082111e-4,-0.0014745403297108924,0.002017151905384762,0.002206354942987364,9.419564780509355e-5,1.8575938341735553e-4,-5.255925662789584e-4,5.424848439296774e-4,9.800022274097963e-4,-9.804353950051683e-4,-3.4898075481851545e-4,-1.0011421216777477e-16,1.2197274440461925e-18,-1.5165277887640993e-17,8.61940727125976e-18,12/03/2021,8.7.20.8,variegatus,Male,Peninsular SEA,3.488784,101.767941,34960,75%
NHMUK.9.4.1.86.Peninsulae.CRANIUM.DORSAL,-0.0036717856552685915,-0.00240274543340058,-0.00544801178888753,0.013741047622086276,0.01828791233804506,7.125030722187273e-4,-0.00499101109599459,0.005432083422978378,0.017757302853196856,-0.004086835688435051,-0.002114021228447616,-0.001715166892320572,-0.002898889387649426,0.0033357393441692793,-6.108408262404561e-4,-0.0046080486673801425,-0.00613040151833298,-0.008892915504739014,-0.0017353973243332689,-0.004978376837659254,0.0011075162377558686,-0.00196926668507142,1.0987064726751745e-4,0.0018167311001799507,0.0021979997466113925,0.0012834240756706252,5.99724027987778e-4,1.1598106213362661e-4,-4.647473997207714e-4,0.002311796006841913,8.185728260038264e-4,-5.094354000002889e-4,-0.0012662982190641753,-4.248030509985879e-4,-9.89746728023229e-5,-3.342879873474824e-5,0.0010677483772822008,3.612746235836917e-4,-5.436596268657001e-17,-2.168404344971009e-18,-3.096752455161722e-18,3.323079658668071e-17,12/03/2021,9.4.1.86,variegatus,Male,Peninsular SEA,1.35833,103.976175,3910,100%
NHMUK.14.12.8.105.Peninsulae.CRANIUM.DORSAL,-0.009112570723534715,-0.02178463452922722,-0.010956813331739541,-5.143964826411753e-4,-0.00202262593566369,0.014660697550051768,-0.01142000850758347,0.00365204344652722,-0.02510161341606854,-0.003034969554314125,0.0024526958406048895,0.005828907421875888,-0.005321105356730421,0.0045682089900053666,-0.0010750976105878686,-7.449707468299254e-4,0.0011762216274817246,0.00656853862007421,0.007212119607585228,-2.8702481453480536e-4,-0.0017316548268947601,0.0025582416021849848,9.265748529272705e-4,-6.444835806768753e-4,8.908757236012087e-4,-9.827446220625217e-4,-0.0010640788113131703,0.004593777144962798,-7.08971073281927e-4,-0.001214672891294632,1.548445531209631e-5,-1.7557167345443536e-4,0.0015559197126107148,-4.858830139875081e-5,6.79250295713778e-4,4.55429971942925e-4,-8.734750973460622e-4,5.915585302871042e-4,-2.2707259249993283e-17,5.789639601072594e-17,-5.0903291998194433e-17,2.8189256484623115e-17,12/03/2021,14.12.8.105,variegatus,Male,Peninsular SEA,10.14962,98.593368,795,25.00%
NHMUK.34.7.18.89.Peninsulae.CRANIUM.DORSAL,-0.004576590195545658,-0.012699421766230313,0.006967344978061858,0.009071315211255,-0.00567500582989048,-0.012913111889984693,0.011997949153696905,-0.017579154382199303,-0.0022796922644713127,-0.004409967353063765,0.0021561588829615316,0.006746664218484764,-2.3063293275641425e-4,0.008063635183806686,0.0036638242348805985,0.004071187221189835,-0.001344467460753908,6.737238646023087e-4,0.0010634532209753693,-2.099442315841743e-4,-0.003674061650523946,6.144551023306088e-4,-0.0010953162835791634,-7.961596863322303e-4,0.0010282610231484727,-9.98734935998952e-4,0.0037056306410830123,4.136069978793596e-4,3.701921127106428e-4,0.0013938497317983506,0.002537020871341882,0.0012121152184354504,-2.826303812355273e-4,-4.631673460370519e-4,8.530424200476726e-4,-0.0016387501772575307,0.0013778101914769256,2.698132616375563e-4,1.234025360195845e-16,-2.2171934427328566e-17,2.8744910098021936e-17,-9.974659986866641e-18,12/03/2021,34.7.18.89,variegatus,Female,Peninsular SEA,4.496415,101.570916,2005,80%
NHMUK.55.1431.Peninsulae.CRANIUM.DORSAL,-0.02985624155300012,0.02790247159031937,0.020060676304400133,-0.005422901670294893,-0.0015127614212238744,-0.004476688171342663,0.0025445365243909413,-0.006896106672379337,0.006767646449787985,-0.0046723230867530665,0.005995693449967337,-0.001020969142131397,-0.002367046330639868,7.204627399311783e-5,-0.0031836300324692354,-0.001958562229328966,0.0015420501561294582,-0.0018255624786239798,-3.521904351391839e-4,0.0030710031182141885,-0.0018555599789769938,0.003834281673087107,-0.0016122854500261366,-0.003382362607881305,-8.397531028177946e-5,0.004700728576339093,-5.281365149870305e-4,0.002684949990782354,-2.856949874766305e-4,0.0011797062516419599,2.872806450813064e-4,-9.157173251135337e-5,-0.0015259742304052823,-6.919526583771859e-4,6.629099021303045e-4,-4.679397454839798e-5,-6.508243638128229e-4,8.181915377764776e-5,-1.683901499141549e-17,4.3042826247674526e-17,-4.300216866620632e-17,-8.673617379884035e-19,12/03/2021,55.1431,variegatus,Male,Peninsular SEA,5.776442,100.431575,7970,80%
NHMUK.55.1433.Peninsulae.CRANIUM.DORSAL,-0.04030556685160391,0.0011064509406956413,0.007270806813743769,-0.004343564019606948,-0.008059314141717004,0.008532952307103608,0.003075748499848755,-0.004649953665749655,0.002379323905073984,0.01222729787357536,4.5337943121346767e-4,0.0045477124630019985,-0.0034492745050853937,0.0033207336364456364,-0.005198081121941875,-0.0047345795016277385,-0.01019350340686326,-0.0016600372047519104,0.00642074483914618,-0.0038807485972488804,0.0021428055713775865,0.002038086545926816,-0.004320304492073022,-9.285368596624768e-4,0.0027981854171395103,4.822144224229168e-5,-0.0022994924728780577,-0.0029031142325629286,1.1354485682331026e-4,-2.866623639935671e-4,0.0018886604092689298,0.001500613095789342,-0.001129263747550935,7.212116710139463e-4,8.10967365405872e-4,6.521845958273122e-6,-7.418253746409754e-4,-2.626981919449434e-4,1.3402602324404794e-16,-1.1763593571467723e-17,-8.300922883092143e-19,-1.0083080204115191e-17,12/03/2021,55.1433,variegatus,Male,Peninsular SEA,NA,NA,NA,NA
NHMUK.55.1436.Peninsulae.CRANIUM.DORSAL,0.008971419032824076,-0.0031111058249282406,0.010762393914009261,0.0063724156707374024,-0.01405029074340686,0.02000824816708057,-0.01847790677283954,0.0017676520975097097,-0.00335933148343075,0.006306470909927883,-9.423985223097382e-4,-0.003128313340370278,0.004562577820147083,0.003869957082860723,0.004592029762342464,-5.25934746379084e-4,0.0077098627538170926,-0.0018991226759966086,0.004720945054820942,-0.005123756943933849,0.005924766047174681,-1.1919628613553266e-4,0.0032713359017905704,8.590252063296451e-5,-2.1064926075390331e-4,0.002367782995867618,8.861166672933401e-5,-8.365821275363411e-4,-0.001928224405582967,1.824857495289895e-4,-5.358705498896233e-4,-5.9229361054168e-4,9.884183506150524e-4,1.3521225116675797e-5,4.626854181495299e-4,-2.4575517430125795e-4,-2.851939061389651e-4,4.112790281560137e-4,1.8217984629545492e-17,1.1600963245594897e-17,5.36341262201423e-18,-5.583641188300348e-18,12/03/2021,55.1436,variegatus,Female,Peninsular SEA,6.630211,100.185922,3300,50%
NHMUK.79.11.21.240.Peninsulae.CRANIUM.DORSAL,-0.006913801660884604,-0.008294947229676157,-0.01499440495500987,-0.006492073181350663,0.00605365023967346,-0.00892048979988803,-0.005893112281293529,-0.0064463765465203994,-0.0027220129099372443,0.00745946961682122,-0.00589061578785507,0.005181478025021523,-0.002687145184128648,-0.0014646905979953891,-0.0019530837849539337,-0.004816005665418735,0.003346313397875256,0.0010750318589583725,0.005933460318241594,0.0017402114823618444,9.080429984123704e-4,-0.0025891458022091413,-0.00280482779263287,0.004048084123576057,0.0033533401121595384,6.037314798382188e-4,-0.0025213633087500784,-0.0015879942120836663,0.001838074876927167,-0.0014667203838454324,3.642924098571014e-4,-0.0020113393679044773,9.59236826594273e-4,0.001071179252333996,0.0013610140485518874,9.093158062936541e-4,6.869173259977662e-5,-5.933970169546886e-4,-7.878253442412247e-17,7.911965353712969e-17,-1.3129010682441655e-17,2.1955093992831465e-17,12/03/2021,79.11.21.240,variegatus,NA,Peninsular SEA,5.38255,100.247977,11080,100.00%
NHMUK.98.1.7.4.Peninsulae.CRANIUM.DORSAL,-4.4467098290102347e-4,-0.027579359499356155,-0.004031753593429335,-0.01979648934569867,0.005917796590958135,0.010825066375257665,3.47442985163693e-4,-0.0033662868659599483,0.0151345519503314,0.008489663789942311,-0.014445586280788542,-0.010134852114334087,0.002285669919579489,0.011837999853291335,-0.014261055139260148,0.015295064591345234,0.00825554287298958,-0.0048156493956036965,0.0040251342540846766,0.007234045289078936,-9.329554766073546e-4,-0.004433522519667919,-0.0017474830938997642,0.002956438824250073,-0.001882052689890078,-3.704015103424751e-4,-0.0010261079297874437,-4.411527721353277e-4,0.0011225021160867245,5.574050457736038e-4,0.0015912573591970601,-5.323389791776633e-4,-9.185748179705514e-5,-0.001607417471246744,5.849634107844823e-5,8.683391075786715e-4,-8.166881840124284e-4,2.724205582404037e-4,-4.824699667560495e-17,2.6237692574149207e-17,3.8082601308553343e-17,-5.5294310796760726e-18,12/03/2021,98.1.7.4,variegatus,Female,Peninsular SEA,1.589617,103.54477,5800,100%
NHMUK.98.8.3.1.Peninsulae.CRANIUM.DORSAL,-0.012391887620649203,-0.011972484244534353,-7.663570734945198e-4,-0.005516962672455216,-0.0010376396482216948,0.0064217439047634314,0.0023780209349479778,-0.003314665168624697,-0.0038399717649082845,-0.002664107312669682,0.005419082455247996,0.0018492009805760688,-0.011213439257832464,-0.009022434350234912,0.0030745209770528218,0.011060437750527514,0.0019543678842192506,-0.005360600911141824,-0.00338278642815148,0.0016682971147528377,-0.0018323012009837686,-0.006721546316435936,-0.0030741421520199632,-0.0016079412404406252,-0.003991699716163285,-0.0023774820959417105,5.848698221049681e-4,0.001889174810957069,-8.19981295097501e-4,-0.0021944391426212745,-0.0021166349228314064,2.515634429356131e-4,-0.002155061590894903,8.547966994952081e-4,0.0010171803816605733,-0.0012287222481877451,9.587236252303212e-5,-1.4323138184113728e-4,7.063915966921963e-17,5.654114329511906e-17,2.051852611428817e-17,5.800481622797449e-18,12/03/2021,98.8.3.1,variegatus,Female,Peninsular SEA,5.425962,100.252069,7500,100%
NHMUK.0.2.2.6.Borneanus.CRANIUM.DORSAL,-0.02308192179718258,-0.0036911887435851216,0.009750940423828935,0.0033091413313027147,-0.0016401806413356512,0.0037119782352362215,0.023640458674297034,0.003645046792625275,-0.019390902506782725,-0.018075559644707855,0.005298089179024116,-0.0025872877209796694,0.0014587645686989308,-0.0018476717400160657,-0.005791169507255624,-0.008472104338465174,0.0018944512148130243,-0.004766728488962685,-8.159669836212562e-4,1.659100169890096e-4,0.0059219679346291755,-9.352409425879561e-4,-0.0019142347829279654,-0.004255839547836779,-0.004680165125998401,0.002766519195258047,3.067203054462875e-4,2.4877719489528713e-4,-2.548060401764353e-4,0.00194872645956207,0.0021793470538579206,-0.0011669405369727113,3.3550207502221983e-4,2.0119021203162865e-4,-1.1836812389436771e-4,0.0011882021016129648,5.065711560779075e-4,-2.4182772934623257e-4,-1.1496608786493168e-16,5.312590645178972e-17,1.9312351197398048e-17,7.589415207398531e-18,19/03/2021,0.2.2.6,variegatus,Male,Borneo,3.333439,114.151928,5000,100.00%
NHMUK.0.3.30.4.Borneanus.CRANIUM.DORSAL,-0.01752363921414636,0.016157540635294173,-0.009452737765385985,0.016785617228023325,0.02218857575932442,0.0075518806545155645,0.014034532403731894,-0.004604955369887297,0.0059873526876368195,0.006023342702044847,0.012514539380080746,8.803694582397661e-4,-0.005735874720085507,-0.003895902552876066,-0.004749762232039767,-0.0052283290226298115,0.012020569971017777,-1.737087112336774e-4,-0.001731950233919247,0.0013795986265788935,0.005512216286357423,0.0015663261194346007,5.869351691237746e-4,0.001230814030336127,0.0045315670281999105,-0.0012570470420501954,8.230656225332129e-4,0.0017043122863099457,-4.574495175099051e-4,-0.0022807231005101047,-6.982230291950625e-4,9.615190103308628e-4,-7.932830254386281e-4,0.0015024592830453496,8.092079088403408e-4,0.0014935939871719571,-6.283391373979728e-4,4.743105252393661e-5,-7.048161154103033e-17,-3.9437854024160224e-17,-4.1386029802845115e-17,-1.702197410802242e-17,19/03/2021,0.3.30.4,variegatus,NA,Borneo,3.670523,114.442385,115000,75.00%
NHMUK.0.8.4.4.Borneanus.CRANIUM.DORSAL,-0.02744443459522512,-0.020553211181288958,-0.012471650097854493,0.002377179957346897,0.015046777149897045,0.006994114173510602,0.01645748375586897,-0.0014674705434670316,0.004887089218449366,-0.009725355315205637,0.0029812055942094215,-0.0029341981590759797,-0.002459505979203632,0.0069274482311428515,-0.0015229497403136147,0.002230403170792036,-0.0012086046796247133,0.006240860157393046,-9.442368434390634e-4,-0.0010668271698980418,0.007581997805091052,0.0016938767699555754,0.001437798742194456,4.497532867391866e-4,-0.0014712117339079102,-2.7554178839161146e-5,0.002469413832470842,4.0840787865903535e-4,-0.0011398322669765827,-0.0018721317608800282,7.321280846153132e-4,0.0027411747628591126,-0.0010602299786305796,-2.9407795071776516e-4,-7.922166979167436e-4,1.6462999918926796e-4,-0.0010593503433325114,-6.004232270875486e-5,-9.549280040755531e-17,-4.252783021574391e-17,-5.082197683525802e-18,-1.2468324983583301e-18,19/03/2021,0.8.4.4,variegatus,Male,Borneo,3.670523,114.442385,115000,75.00%
NHMUK.8.1.25.25.Aoris.CRANIUM.DORSAL,-0.011860573582869257,0.010198365345148199,-0.03168699953857635,-0.006446239398892299,-0.0019649695062209783,-0.0015431108981347399,0.001052685972892256,-0.00648459982911936,0.003179572134076441,0.0010214040172378586,-0.009119203439426543,0.006787524246318099,-0.005442912048549048,-0.006562947653419763,0.007490705805424223,-8.395432709879039e-4,0.002599462815179448,0.003758181770762566,-0.0021429841912989417,0.005345911756803464,-0.002278668202604947,0.001006334483964786,-0.001305319131736883,-0.005536609128956314,0.0013642195488132436,-0.003146037772216593,0.001072039894585206,0.001628006273925291,-0.0013643095193485865,0.0014391256948534429,-0.0012767666738302277,-0.0012064351476350932,3.895499599050541e-4,-1.7841387126142416e-4,-5.654581561522865e-4,-5.224813269417888e-4,-6.501172663435266e-4,-5.40922457945191e-4,1.839077935078537e-17,2.4774019641293776e-17,-4.820633909413674e-17,-1.0516761073109393e-17,19/03/2021,8.1.25.25,variegatus,Female,Peninsular SEA,2.448942,104.520053,2630,100%
NHMUK.8.1.25.26.Aoris.CRANIUM.DORSAL,0.0027764098960193725,-0.0071897646698538,-0.027840499046540818,-0.008722038792056743,-0.004077691623634398,-0.0027006856883013447,-0.00711801020134022,0.013655660990166667,0.00186798932988924,0.0011833579265369764,0.005041343560843427,-0.0022518161606715813,-0.0048038113820865844,-0.001629341528008537,-8.1985893357967e-4,0.0010021399948257727,0.0012664482707421486,-0.0020742744536562745,-0.004752327743578409,0.0039464978444752954,-0.0029957770972078804,-0.0030716288497992777,3.78694550680007e-5,-0.0030310844441395843,5.859160273700202e-4,2.472635879843165e-4,-0.005177806752536758,-0.0020421116664582615,0.0014466816235567891,0.0022599244663702384,7.01753970194985e-4,-0.0015140919439706078,-5.135191156467782e-4,3.3447397049979745e-4,-3.125589635325761e-4,-2.9160533622403262e-5,-6.324003359782301e-5,-5.911083601087913e-4,-7.918635738172596e-17,-1.308056039785871e-16,-3.744309143337635e-18,-4.458781434346637e-18,19/03/2021,8.1.25.26,variegatus,Male,Peninsular SEA,2.448942,104.520053,2630,100%
NHMUK.8.7.17.6.Borneanus.CRANIUM.DORSAL,-0.023376774388215137,-0.002312631407718507,-0.00874623305156946,-0.012922805264728814,0.01142786291131978,0.003184205074277359,0.007480938445510316,0.011205872896030948,-0.003230303316598014,-0.007819267798670723,0.0054910455554192834,-0.005253576815380212,-0.002085826083635178,-0.008537033893518935,-0.007553957672758905,-0.0069457288663765295,-0.001791192726530473,-0.0022380509182322998,-0.0035503089670196153,-0.005744149277099516,-0.0018221214804015123,-5.498111683954433e-4,0.0016083131608781514,-0.003061099773437264,5.248900980373728e-4,0.002572798831415776,0.0022088912873969684,-0.002045478927210825,9.239150579956573e-4,-5.2459328335290414e-5,-6.109154046524934e-4,7.475020185468931e-4,0.0022769642259997266,-5.921652102341545e-4,-6.354569481554896e-4,-5.265745863879856e-4,4.041998344301068e-5,8.008261142771369e-4,-1.0091889346766636e-16,2.1955093992831465e-17,-1.570060271030571e-17,5.9631119486702744e-18,19/03/2021,8.7.17.6,variegatus,NA,Borneo,5.304512762,116.9350579,253000,75%
NHMUK.9.11.1.10.Pumilus.CRANIUM.DORSAL,-0.01699375376166861,-0.011715376892118486,-0.009492308794313033,0.008081519366878679,-0.0018737725064245185,0.005764044661155518,0.005873470671055665,1.0499077864899132e-4,-0.006243428473187482,0.0022122940317320277,-0.010001054587220557,0.002064669582294714,-0.0015070811381890249,-0.00841211934707751,-0.004873984096572979,-8.962888888098154e-4,0.0036266682813618904,-0.0022556897633661944,0.0032573308866781165,0.0033463985628193497,-0.003961745515973348,-8.970898870920091e-5,0.0034513720470391073,4.6413526764440833e-4,6.411210584780816e-4,1.0133516474260048e-4,0.0020212193449787724,4.4141504697451224e-4,-0.0010824531131088783,4.115073796706046e-4,9.09126278487684e-4,-0.0016612301502972261,8.659528299825688e-4,0.003379482713999091,-1.0867713100610443e-4,-9.547880414505581e-4,5.499245564990374e-4,3.094517318195623e-5,8.7847481025638e-17,4.683753385137379e-17,-3.414898030150437e-17,-1.3037531124138191e-17,19/03/2021,9.11.1.10,variegatus,Male,Riau Archipelago,6.239468,99.810481,6960,100.00%
NHMUK.50.10.24.7.Borneanus.CRANIUM.DORSAL,-0.01395796630371608,-0.004733995300526922,-0.011401614481779867,-0.0014583632603203038,-0.01723980710880902,0.009262522737429122,-0.016337335897068393,0.01906813264286599,0.0018039972595079456,-0.007807908153263678,2.6470030352959104e-4,-0.01363556916766081,-0.0019343725676463832,-0.004329709404956514,0.001073863066999882,-0.0016485882312571364,-0.009940468928391582,0.004654263711727537,-0.00619975289921374,0.004830469952746084,-0.002293371142723722,-0.001008103654003715,-6.563687917992677e-4,8.892801877568784e-4,0.0010486539826357853,8.285348185626801e-4,-8.58262562989294e-4,5.057535052298583e-4,-5.158333764732801e-4,1.0750693826107276e-4,-0.0019159329239418455,4.540337910423939e-4,5.074188975302027e-4,-6.269759469556115e-4,6.625150657882253e-4,-2.459590611299841e-4,9.134230715545506e-4,-2.7317263971817166e-5,8.287539762525525e-17,1.3682631416767066e-16,1.100465205072787e-17,-1.2793585635328952e-17,19/03/2021,50.10.24.7,variegatus,NA,Borneo,"2.4623453322243933, 113.24573130691233",113.2457313,325000,NA
NHMUK.51.183.Natunae.CRANIUM.DORSAL,-0.03882318538437072,0.016475714343855707,0.011573445264781459,-0.0063908067583013225,0.003048446594735016,0.019326753151307313,0.00789922132212095,0.0020731420933353577,0.005927914480048344,0.003124443532721725,0.016409685519658313,-0.004137029482294925,-0.006118017897514877,4.1673306685657797e-4,-6.150013251501768e-4,0.0061164038089178835,0.003943631381717369,-0.0012202103623464734,-0.0012963344421684482,0.005119218094084064,-7.111172496985276e-4,0.002158405671424509,0.0015433770441308154,0.0021432936809237775,0.001711397173926982,0.0014649565528139644,7.328091445082748e-4,2.7210261279769315e-4,-0.002722643263872663,0.0018107498962293505,-8.628954302002403e-5,-0.0022017463972468575,-5.166573974200205e-4,3.818800294138947e-4,-0.0011578309131257283,-0.0010606964167045102,7.463058445086854e-4,2.424505036524128e-4,1.0663266009248865e-16,7.469983561835675e-17,-4.59282439824963e-18,8.114575634696197e-18,19/03/2021,51.183,variegatus,Male,Borneo,2.468095081,114.4048301,100000,75%
NHMUK.55.1430.Peninsulae.CRANIUM.DORSAL,-0.014618005677518028,-0.009213795977110632,0.005849726746906638,-0.003321027446982938,0.006228533956784727,-0.006302231501979825,0.002284861366865624,0.013049398524281726,-0.0010251340516357415,-1.7118496037318696e-4,-0.004775254553830278,-0.00783764216193414,-0.0068013645935589995,0.006852923215658556,-0.012145073875184221,0.0018918386997217101,8.699793331419771e-4,0.004773040907153907,0.01225922595635124,-7.289974389562964e-4,0.003060343563139256,-0.002162810247884359,-4.684988561848286e-4,-0.0026084320815053133,0.0010926019104177203,-0.0015291026647065676,0.002070478447923488,-0.0016055140256128007,8.488900512310343e-4,0.003989384851630678,-0.0017458397604996744,0.0010619119300795206,5.922508511938676e-5,6.868728021377333e-4,-0.0011130512372475952,-6.501032402618197e-4,-1.4141985569078293e-4,-2.843912676377375e-4,-5.4992767067538195e-17,-2.821636153893525e-17,-4.1965400338767056e-17,-1.463672932855431e-18,19/03/2021,55.143,variegatus,Male,Peninsular SEA,10.28768056,99.119288890000007,5000,75%
NHMUK.55.1444.Aoris.CRANIUM.DORSAL,-0.00501226859158122,0.013822117395204806,-0.011319625976178933,0.0061123479276317194,-0.021724838841733776,0.005964002383182018,0.004447736130297795,-0.0016799081005528394,-0.0036335699841669755,-0.006763006262346299,0.0042268497670431655,-0.0014777548897377448,-0.0030732842708125468,0.005812816092543781,0.006837177441181828,3.553085787081845e-4,-8.652251248721071e-4,0.00282734902411004,-7.145515404668669e-4,-4.3071109181034043e-4,-0.003120556998906342,-0.006974196615628627,0.006679187210310571,0.0013572559984954542,-1.5356449540409494e-4,2.931280887522816e-4,0.0032509152288203846,8.122970769948077e-5,0.004866233756825018,-0.0015707657729984214,0.0028900044703445535,0.001212998297120771,0.0015639761745833258,-7.264664163453686e-4,-1.2026245971094091e-4,-0.001063071729733974,-0.0013700167147798435,-3.1990727661771823e-4,6.182662888598589e-17,-2.439454888092385e-17,3.5961630808628575e-17,4.336808689942018e-18,19/03/2021,55.1444,variegatus,Male,Peninsular SEA,2.448942,104.520053,2630,100.00%
NHMUK.55.1445.Aoris.CRANIUM.DORSAL,0.004934463882631216,0.012186113139167667,-0.02839534353644528,-0.003306891486203695,-0.009225526062955895,-0.01257676003016727,0.014415357445001145,0.003897908802585483,-0.004463105813008282,-0.009055080510128932,0.011283211965529002,0.005295040462905493,0.004866563829513079,0.004913657646904931,0.0014717013781012512,0.0035585606241026863,6.012254096477968e-4,0.00391551217690774,0.006958835519827501,0.00916727699553138,-0.002454955071244668,0.0080563147155632,0.0035666019514855596,6.072358277252573e-4,0.0012470518325396248,0.0014801750239734088,-0.0031144798827211686,-0.0034992489355479737,0.0015723761603548706,6.68651708401063e-5,-1.7718426243245371e-4,0.0011082766874561216,1.4737664326520405e-4,4.6982717395330985e-6,-9.064648722410443e-4,-4.298066588095371e-4,6.34760395606705e-4,-2.216725737105518e-4,-1.8893916921454423e-17,6.978196232659828e-17,3.7499842640842385e-17,2.3852447794681098e-18,19/03/2021,55.1445,variegatus,Male,Peninsular SEA,2.448942,104.520053,2630,100.00%
NHMUK.55.1446.Aoris.CRANIUM.DORSAL,0.026165877343128797,0.007524863436244805,-0.021866711179946992,-0.014834987857785807,-0.0012144690496958032,-0.0074277439968131916,0.01177426152813008,7.773652976026377e-4,-6.283190319810261e-4,4.5092574187714443e-4,0.002116195357818182,0.0013487729900977853,-0.004588337046155668,0.0022814659028824696,0.0033330428293235144,5.889985113808743e-4,-8.129366018433707e-4,8.731308683887718e-4,-6.935550304830066e-4,-0.005286811317803217,-8.247141970569522e-4,0.0014494386100026722,-2.668088517490584e-6,0.005409981262665289,-0.007540799387341004,9.097069161397912e-4,-0.004332388799976938,-0.0029625524083909927,2.1444615671725812e-4,5.135950802499723e-4,-6.70312820284706e-4,-0.002003106806116699,-0.0017102660085006381,0.0014429739093580662,0.0013023414487444431,-1.143554811022323e-4,-0.0010784337383024029,1.0970006588537608e-4,1.6860190815096848e-17,4.8382521947165635e-18,-9.039535613097893e-18,-1.0679391398982219e-17,19/03/2021,55.1446,variegatus,Female,Peninsular SEA,2.448942,104.520053,2630,100.00%
NHMUK.55.1447.Aoris.CRANIUM.DORSAL,0.004156029661599158,0.0061123764147954195,-0.025304236963838617,-0.007918238752033636,-0.011674773165229205,-0.0028058004232979455,-0.010840850121168654,-0.0043833845384867905,0.014355894388031662,-0.0024542490086088666,0.009475289261337923,0.0049748979819653465,9.06890050072218e-4,-0.002569654379967034,0.0019657335797633115,0.004037743240697305,9.674982692127697e-4,-0.0032689844717842587,-0.006551975965353737,-0.002201251235153099,0.006536341868754553,0.002834430310573378,7.459138166783864e-4,0.005339481662300728,9.539140804884094e-4,0.0010611326402118126,0.004594035262152766,-0.0023625576813970737,0.0012194243729165008,0.0019782803308953673,5.163515548833823e-4,4.57609244648479e-4,0.002655808218799611,-5.324081645704357e-4,0.0019247086327593428,-4.659465028137457e-5,2.8612044642036265e-4,2.5365698235026336e-4,7.175046689601727e-17,-3.2526065174565133e-18,-4.215513571895202e-17,-5.9631119486702744e-18,19/03/2021,55.1447,variegatus,Female,Peninsular SEA,2.448942,104.520053,2630,100.00%
NHMUK.55.1448.Taylori.CRANIUM.DORSAL,0.0017099443435972328,-0.019862278458143506,-0.012587953459586597,0.00586105647991395,-0.012184780183806447,0.007724557250028524,-0.009950609284314089,-0.003202985337488439,0.007707748188531255,-0.005491642225709451,-5.879797984952473e-4,-0.007392175567107594,0.003517425944860826,0.006199920849691013,0.00935741193246884,-7.770845307425097e-4,0.0037203334734681437,-1.7963552642982273e-4,-1.0307776528355476e-4,-0.006478333058663976,-0.006881238036949326,3.961150168484495e-5,-0.0025541094461798627,-0.0013504796185539293,-0.008497730254606223,-4.7474914960119385e-4,0.0036633080417600317,6.0990415459687836e-6,-0.002430369061013174,0.0011187783541504893,-7.317930214366145e-4,-9.164624838515565e-4,1.5093787770707355e-4,0.001572582588709542,-2.3115156045168617e-4,5.7224047859153414e-5,0.0012053890595491129,1.4718713789655722e-4,-1.5050759033172212e-16,-1.6479873021779667e-17,2.087089182034596e-18,6.071532165918825e-18,19/03/2021,55.1448,variegatus,Male,Peninsular SEA,2.789944,104.202186,1450,75%
NHMUK.55.1449.Taylori.CRANIUM.DORSAL,0.009922107214741514,-0.02064679620995694,0.0186515157589253,-2.0430109744048623e-4,-0.014959496840021527,0.008889327915804756,-0.0055458244731372,0.00691808492748816,-0.007152832062972443,0.0027829518150768707,0.0022624660157059186,0.002457453040593524,-0.012583025411711753,-0.007439896200403427,0.002928191845585286,-0.0017696979807041665,-0.005553128081011291,-0.0041082672700932625,2.3865661483529364e-4,0.0025509665316491375,-0.00444043848568689,-4.693818134997916e-4,6.62409726916693e-4,9.471422838746083e-4,-0.0020595061233781653,0.001046446612311068,0.001299357953160612,-9.540185142593779e-4,0.0010126909473931677,-5.70032321046987e-4,0.0019614520892391463,0.0018162643780076078,-6.341336140745319e-4,2.0699992618009808e-4,-6.611445644060091e-4,9.120875049431094e-4,1.1095613544727419e-4,-1.0097495231924913e-4,-3.640801717183159e-17,-3.61039323437673e-17,-4.8965280614876594e-17,2.938187887435717e-17,19/03/2021,55.1449,variegatus,Female,Peninsular SEA,2.803797,104.168595,9730,100.00%
NHMUK.55.1450.Taylori.CRANIUM.DORSAL,0.009964997263801813,-0.009469833652954954,0.00283475347037618,-0.019886237185134173,0.0019024913408617983,-0.009559888786148434,0.01198954139705017,0.00664622996202863,-0.001295685845214105,0.006405255594741649,-0.011761301150175603,0.006628270948258546,-0.0027924823889661234,-0.007829915687122838,0.004236241983614097,0.0032455131443880026,-0.0028112536532425114,-0.0021847871264560077,1.3212848654770048e-4,0.004778382840263289,0.0038251100701855376,0.0018585746554953756,0.002591616411460443,0.0033837653331492044,-0.0038416353769441277,0.004102470254446574,0.0017109247253881362,0.005004321309125537,0.0020655879465896316,-0.001220041321446198,-4.7834085337538035e-4,-7.901474211870262e-4,2.2433343377549633e-4,-1.7542651066128882e-4,-0.0015215070295572445,6.480343521273428e-4,-8.686644525330708e-4,-3.8702215509470416e-4,-1.1375652481625254e-16,-4.3503612170980865e-17,-5.2753211954997825e-18,-1.0950441942103595e-17,19/03/2021,55.145,variegatus,Female,Peninsular SEA,2.789944,104.202186,1450,75%
NHMUK.55.1451.Taylori.CRANIUM.DORSAL,0.01169621180751037,-0.01223889509434503,0.01632166714233082,0.011422554905714642,0.014010670983604293,-0.018346217163064758,-0.008381836643410169,-0.00636142420744074,-3.264895479469643e-4,-0.003528027685423969,-0.005095974113197382,-0.009693901594345496,0.0023909851748808476,-0.008566296538805907,0.007829823499709393,0.002988080923773314,0.003311916225327863,-1.854859126728097e-5,1.0276612595670601e-4,-0.006791932654736611,0.002617520493473233,0.004574451873328081,-9.810178916419342e-4,0.0019770449114578145,-1.5902562649965953e-4,-3.78527048273774e-4,-6.97031010751435e-4,-0.002032656050453882,0.0016948662243705358,3.1129775571335615e-5,0.00208572895408216,-1.1961448510788489e-4,-1.1505441296001735e-4,3.5082727004692754e-4,-4.5112640875934467e-4,-9.665885965378771e-5,6.073913774657469e-4,-0.0013581796894677374,-4.811147140404426e-18,1.039207782327356e-16,-4.1020111569631257e-17,1.1980434005964824e-17,19/03/2021,55.1451,variegatus,Female,Peninsular SEA,2.789944,104.202186,1450,75%
NHMUK.76.10.4.2.Philippinensis.CRANIUM.DORSAL,0.05305878125316632,-0.0011243675618155659,0.01852857518288907,-0.03156956597698677,0.031420889790367744,0.016396061365164267,-0.004166544248970837,-0.006234355234731082,0.011453094068446685,0.0035005113030151503,0.00933267456491143,6.57030225926875e-4,0.008783877467672962,0.004331512312804207,-3.4183942039589223e-4,-8.186913073369786e-4,-2.639427889568721e-4,-0.0022559688890493087,0.0033655181988624747,9.096747685148126e-4,-0.0047955435189444414,-0.0035192740492799115,0.003597985944447483,-0.005272147046633331,-0.002521602556425504,0.0022565576899571116,-0.0023976978520038545,-0.0012024624882190514,0.0011146770898104652,-7.879556389610773e-4,-8.968844544617495e-4,0.0021463907001344714,0.0017880653678451239,0.0018689090470770883,9.60271173111537e-4,-0.001653258506628398,-8.901982318779887e-5,-2.2051650978458998e-4,-2.8175703957467046e-17,7.26415455565288e-18,-4.30767075655647e-17,-4.336808689942018e-18,19/03/2021,76.10.4.2,volans,NA,Philippines,9.834221,124.16833,55000,100.00%
NHMUK.77.10.6.3.Philippinensis.CRANIUM.DORSAL,0.08869657379908745,0.003539937967726423,-0.01769398449048711,0.0034421635540703276,-7.084161018991235e-4,-0.00543627292271131,0.005856517903762372,-0.007301587430418206,0.0024862565450488486,-0.006848749113965788,-8.270327498610295e-4,-0.007721949173626006,-0.00932494903318739,0.005071229867809669,4.8634708185317933e-4,-0.0016030598619876059,-0.0029483443896787965,-0.006407550501355932,0.003007247472883078,0.0045694473997632025,-0.00249821497876302,4.909891419392262e-4,-5.606494491701208e-6,-0.001910144864614131,0.001109281425801187,0.0033187196808169145,0.0013554044859234197,0.0023602428378583025,-9.276458858112702e-4,1.3743866287126838e-4,0.001152391582744025,0.003100631899420281,-2.065503179392451e-4,0.0020903278900486,-0.0010508440253233834,0.0015896152449127263,8.22151980007387e-4,2.0869998919577945e-4,3.97089045672816e-18,1.2153906353562505e-16,-2.699663409488906e-17,-8.023096076392733e-18,19/03/2021,77.10.6.3,volans,NA,Philippines,9.784633848,125.5587085,17240,75%
NHMUK.77.10.6.24.Philippinensis.CRANIUM.DORSAL,0.06391019174235107,0.008433196421146037,0.03565388098884013,-0.004320582793365252,0.0017404920028203635,-0.005320109261772498,0.013119354578138957,0.005268634588104568,0.014648196386122619,7.566817343837483e-4,-0.002655076264394352,-0.0043174727282324,-0.001337802130475534,-0.0032344202562181183,0.005983074267025146,-0.005448430805647319,0.0015663134340260585,-3.520932909352584e-4,0.0012147455118964071,-0.0016810307262950022,-0.0020832631615378596,0.004035531417713647,-0.004296730417834123,0.002594396757296852,-6.864621954843499e-4,-0.005252673066760732,-0.0028973345446944403,0.002926505752685925,3.4576548475815375e-4,0.0026666299231488475,0.0010603316260255386,5.3180710830283065e-5,0.001779737460761971,-9.160829266410939e-4,6.017362142754632e-6,-6.832605663115585e-4,-0.001827547783123298,6.77422136138438e-4,9.117123831066387e-17,4.289374844895777e-17,-3.730333099707939e-17,6.993104012531504e-18,19/03/2021,77.10.6.24,volans,Female,Philippines,10.18402393,125.5967767,30000,100%
NHMUK.77.10.6.27.Philippinensis.CRANIUM.DORSAL,0.07843683988029813,-0.004941707138339946,-0.017044338267084826,0.0218235158818217,0.010333361892323959,0.01815634360229425,-0.009470981551696584,-0.0020324859664011216,-0.007329475475174114,0.0024579073259548517,4.4533827159523375e-4,-0.00290784094725076,0.007646646137470291,3.571012419546887e-4,-0.008344398682081164,0.0050482661690741835,-0.007866170667288369,0.0071748901964750885,6.828823795427224e-4,0.0013644876188700548,-2.1044110452769793e-4,0.002219022998619074,0.0014443689097376389,0.004119218503779462,8.06558196907322e-4,-1.7561374063392206e-4,9.47108479955223e-4,0.0015086991592361024,0.00082220711007660065,-4.121320887935277e-4,-0.001097608635932929,5.353425093645027e-5,-9.403099461195365e-4,-7.860630647556052e-4,0.0010115819330882715,-0.0012180520099071754,1.2113486114495662e-4,-3.1512968345934065e-4,-1.739060284666749e-16,-4.358492733391728e-17,-3.7947076036992655e-18,9.107298248878237e-18,19/03/2021,77.10.6.27,volans,NA,Philippines,10.18402393,125.5967767,30000,100%
NHMUK.97.5.2.10.Philippinensis.CRANIUM.DORSAL,0.09838968867440405,0.013921157474210893,0.01348815036054252,0.0074578281171834605,-0.01066565699257568,0.009400039037995583,-0.0017425043843924913,-0.018362815026593416,-0.014832829786622707,-5.326176454448569e-4,4.293431040425221e-4,0.0013513648862266327,-0.004026340347424868,-2.4091467192137315e-4,-0.0013663259750717079,0.002349869309176317,0.0034918016691548397,-0.002356417418192655,-0.008578085125371422,0.0021753150725129407,-2.772091657053579e-5,0.004887086834779089,0.001916040395124605,-9.847103632819798e-4,0.0024405789247384175,-6.098504906373423e-4,-0.001919925205930871,-0.0014665427504848738,-0.004266277026105948,-1.53964288121621e-4,-5.057324523950016e-4,-4.416241342457617e-4,-3.191271685304712e-4,0.0010950209337087851,3.1689247497250673e-4,0.001001509903996716,-6.089845953309906e-5,4.247099418335947e-4,-3.515525544284248e-17,-7.448468924975415e-17,8.348356728138384e-18,-9.540979117872439e-18,19/03/2021,97.5.2.10,volans,Male,Philippines,11.93002776,125.1272935,100000,100%
NHMUK.956.b.Philippinensis.CRANIUM.DORSAL,0.09152704051349334,-0.016290420957647468,0.009475789238606076,0.007325184317237906,-0.0031541004018400998,0.0018649989215802681,6.117208438005714e-4,0.003454066301888252,0.010476735458827748,-0.012154979943671238,-0.00444686701955538,0.009977030997523204,-0.011157220490649303,-0.005066030228809577,-0.005318674756204907,-0.008879649779505434,0.006690614961119242,0.001346526949969387,-0.00684216103726195,0.005901128554356623,6.599501224098689e-4,-0.003738470174739411,-0.0032352090356105507,-0.0019093363143561728,0.001643933376985679,0.0014192729076771319,4.2500579869812944e-4,-0.0036279681731604336,0.0020598114046455813,1.4697379584706138e-4,-1.1269517580847271e-5,-5.933209303625467e-4,5.3462379763393364e-5,-0.0015313452111726858,7.455222384359473e-4,-0.0011896541650456857,-0.0011065606319273515,-2.541005766435181e-4,-1.1210650463500116e-16,2.3852447794681098e-17,7.020209066843641e-18,8.673617379884035e-19,19/03/2021,956g,volans,NA,Philippines,10.18402393,125.5967767,30000,100%
NHMUK.7.6.18.3.Tellonis.CRANIUM.DORSAL,0.0036271480669227783,-0.00314076617972285,-0.021461639156408793,0.002152727916202263,-0.013199248114800128,0.0027727984794081377,4.6857870996431454e-4,0.007224732403233772,0.01192685305060583,0.01248062322156736,0.0013723417468742998,0.008046858215972915,0.0061771270829536085,-0.0027404877822918613,-0.008993130750874344,9.067860931569801e-4,-0.002522445543450066,-0.0059866233774393705,0.001843559109386628,0.0024296401108823023,-0.001448457221353484,0.0018418980123781556,6.283593542452507e-4,0.0022886101669081682,-0.0034689965322428355,-0.0029507589948586264,-0.001031596194523527,0.0036405552274751695,-0.001012626742878517,-2.461843792205943e-4,0.0017239156515901272,7.529073406989876e-4,-0.001042784202919087,-0.001237970883512698,4.310386965304736e-4,-9.646135358496337e-4,0.001356643640620367,1.0032372036978063e-4,-8.847089727481716e-17,-3.8163916471489756e-17,-2.1372335325120506e-17,1.8648277366750676e-17,26/03/2021,7.6.18.3,variegatus,Female,Sumatra,-0.063028,98.276616,3040,100%
NHMUK.7.6.18.4.Tellonis.CRANIUM.DORSAL,0.002454261551890237,0.008401428724118965,-0.0033194831258427926,0.0010116513752741192,-0.008720221536342946,-0.0029792916512033246,0.006181943134949657,0.013766229727286531,-7.818433017022608e-4,-0.005433002800610101,-0.00119070910832073,3.8441470307778606e-4,-0.0010529695135080425,0.010927510963956654,-0.009609389376010384,0.002684219992128781,-0.0010721118003405913,-0.005755731855252242,-0.00557975532399872,-0.003941004337683315,1.828568013829187e-5,0.0024542563025808295,-0.0011204745907537582,8.357035351301769e-4,0.001735577198672646,-0.0029877410216984897,-9.680987117765982e-4,9.970164844765252e-4,0.0012085597435505756,-0.003445358237292946,-0.0020456215940262805,-0.0019315337332719133,6.05884093562242e-4,0.0031043925437971884,-0.0023997655894724785,-0.0010490607270352051,-5.750605795605155e-5,-1.1588516493136542e-4,4.5102810375396984e-17,-4.889751797909625e-17,-5.780152832063346e-17,2.656295322589486e-18,26/03/2021,7.6.18.4,variegatus,Male,Sumatra,-0.063028,98.276616,3040,100%
NHMUK.9.4.1.93.Peninsulae.CRANIUM.DORSAL,-0.017179418673831465,-0.024395173563065232,0.012717270042109456,0.01475564980128907,0.006332783760993253,-0.017383841144981513,-0.0023615553970317868,-0.0033095111281698326,0.00359373210688505,0.001889260624227563,-0.006823804865474508,0.005441533203318768,-0.010709887465577533,0.0026532069252038974,-0.0059619587400781505,0.004823772865384402,-4.852248857017764e-4,0.006123444376989819,-0.003160244019514539,-0.0024718631780122524,-9.878642036110154e-4,-7.435594782605082e-4,0.004034454459371989,-0.0032397311408141854,-0.003366896126675873,-4.3196079738788045e-4,-0.0022142897365804467,-0.0030827927780963274,-0.002153899143501967,-0.0020109598691903075,0.002261064609520438,-0.0015780165679120104,-2.2275069065527943e-4,2.4361581662077204e-4,4.648309221987343e-4,2.4998183557570802e-5,-4.703090867130684e-4,2.354911548501816e-4,2.6752688606079822e-17,3.4206578541917665e-17,6.010545793716515e-18,1.8865117801247777e-17,26/03/2021,9.4.1.93,variegatus,Female,Riau Archipelago,1.004349,104.451249,27700,100.00%
NHMUK.9.4.1.96.Chombolis.CRANIUM.DORSAL,-0.016214048637729996,0.007713417059926736,-0.0058390492837131925,0.02162965209758537,0.005477158070725395,0.01665468150018272,-0.006468821550971541,-0.0015032471426251472,-0.010653967300420914,-0.0029301358203594544,-0.012459342744950655,0.010206055066445906,0.013043262024700672,-0.004437599910240756,0.004348317651430007,0.004652371159974213,0.0036594946968019934,-0.0011337572523420665,-0.003007130900674008,-0.005624986326037445,4.264836551045617e-4,-1.047435499346433e-4,-0.00011557316394811891,-1.0491906660922527e-4,-9.300321076862748e-4,0.0015781047030877812,-0.002741858018706212,-0.0031972200274554973,-4.7371400019926245e-5,0.002427287419591026,0.0012118243592110437,0.0014809876327719867,0.001353383510537137,3.327269448382847e-4,-0.0016591792643607113,-1.1901946819463159e-4,-8.678796385935722e-4,-2.7311763749743816e-4,-4.072534410398676e-18,3.0140820395097023e-17,6.545870616381233e-18,1.6479873021779667e-17,26/03/2021,9.4.1.96,variegatus,Male,Riau Archipelago,1.05586596,103.3631257,11120,100%
NHMUK.9.4.1.97.Chombolis.CRANIUM.DORSAL,0.002797900653339391,-0.01098821854667435,0.005280065868093301,-0.007904429939016524,-0.0031657465733682566,-0.004624201933666002,-0.012376220242867816,0.009069718904469896,0.0036747488772134614,-0.015137722269802922,-0.010481524135175408,0.012923358812541712,0.0038741030923200494,-0.0022459806087331805,-0.004066690634553973,-0.0011417146216771412,0.0014010496304604045,0.005882405003123149,-0.0011108611041979676,0.004704299795668336,0.003741372014514345,-9.342646065710793e-4,0.005250039843868524,-0.002367367688180071,2.3050522731900335e-4,-5.397541414659681e-4,-2.3695133620319403e-4,0.0022172070292387296,-1.938223094470373e-4,-4.2409364182736297e-4,8.865632409468437e-4,-0.0011880031387395905,-0.0012625803250477217,3.619235405210786e-4,0.0019219212102875173,5.018190525870332e-4,9.870007815514815e-4,7.785052016000686e-5,3.8685688766998405e-17,-2.222614453595284e-17,4.54009659728305e-19,2.5912431922403556e-17,26/03/2021,9.4.1.97,variegatus,Female,Riau Archipelago,1.05586596,103.3631257,11120,100%
NHMUK.9.4.1.98.Chombolis.CRANIUM.DORSAL,-6.250241430875137e-5,-0.0036948735925343788,-0.007936669569373904,0.007519679314382849,0.019988600761752507,0.0017660723377571066,-0.012308434648158041,-0.005394850769855355,0.0026141598788666357,-0.010067794612642969,-0.006143828702274385,-0.004177990659509361,0.005319906150864129,-0.002346943253200104,-0.005222769895090872,0.0026151895959163752,-0.0036116608671783283,-0.0030506864853927953,-0.0022054158938486345,-6.568360899450171e-4,-3.2716140160125883e-4,4.767717491837948e-4,2.5692498300287556e-4,-5.143577886483576e-4,-0.0011710741195152703,-0.002742104289362297,0.0027842112994156385,0.0019852617703258317,1.7786237407301056e-4,-4.655595680054318e-4,-0.0016108301594174872,-0.0016276903836708492,9.549750987212045e-4,-7.047659245333962e-4,-0.0012421277834356985,7.182668476632756e-4,-0.0011792856719171343,-4.918201438557244e-4,8.423573253854566e-17,-1.0408340855860843e-17,3.720168704340887e-18,8.890457814381136e-18,26/03/2021,9.4.1.98,variegatus,Female,Riau Archipelago,1.05586596,103.3631257,11120,100%
NHMUK.19.11.12.9.Temminckii.CRANIUM.DORSAL,0.002512256582859672,0.009031551720552816,0.015459907992063173,0.014527920015840313,5.367006052083506e-4,0.004894015183611143,-4.0146021183878135e-4,0.012057381242875509,-0.0047538204495889335,0.004389956257909138,-0.005736902102307309,0.0029164369505499345,-0.006110198311822449,0.00716659680232115,-0.001749419012414568,0.005176717027139704,0.006465935467403842,2.076976230920678e-4,-0.004695338010053214,-5.908131141962384e-4,6.859119405218186e-4,3.5025103654374567e-4,-0.002538243073178918,7.570262567080094e-5,7.253427821921619e-4,0.002208151174418612,-3.7837291461447885e-4,-1.4679464415440362e-4,-5.401354292359451e-5,-0.0019682872381644036,-7.554357134823771e-4,0.001112888303804565,0.0018379737920915411,-5.723582910324061e-4,1.1065959597708614e-4,-8.788414148587266e-4,4.993194320314251e-4,1.950052015383922e-4,-6.113036780334286e-17,1.0760706561918632e-16,-2.061847600206418e-17,1.5504091066542713e-17,26/03/2021,19.11.12.9,variegatus,Male,Sumatra,-1.895761824,101.3143701,4000,75%
NHMUK.19.11.12.10.Temminckii.CRANIUM.DORSAL,-0.008599814259551556,-0.004534273958240782,0.017145422384075657,-0.004744401246163421,0.019779952178044152,0.005508635328101656,-0.013616093812306163,0.01841927728931501,-0.007421292364859714,-0.003763155868862844,-0.0025826097105732648,-0.007760683682468332,-0.0032867409279609392,-0.006413154229543783,-0.0022938945802520798,0.009855647296781124,0.004116781200419752,0.0018803819001762911,0.0012468323579416106,-0.0010643092877159169,-0.0014486943760383783,0.003170945530782204,-0.0027641332869282912,-0.004551235780739234,0.0015993446129013134,5.80745109621439e-4,0.0012353102250082012,-0.0019247365889885105,0.0011202748088631588,-1.6506289995139541e-4,1.7930794528184192e-4,6.926671039584797e-4,-7.409355588317249e-4,-0.0010043682415057705,0.0012795996458834205,0.0010620468246636775,0.001448176462187112,3.252995749685531e-5,1.0088501214977619e-16,-9.475926987523309e-17,2.7850443305721395e-18,2.0057740190981832e-17,26/03/2021,19.11.12.10,variegatus,Female,Sumatra,-2.706140547,102.5892621,10000,75%
NHMUK.77.10.6.29.Philippinensis.CRANIUM.DORSAL,0.0846944663925084,-0.010279877857313885,0.003326957164320922,0.003416698591021852,0.00822962473993189,0.010695497357701532,0.008370483099929098,0.004822284883671305,-3.631006724404399e-4,-7.190482148950992e-4,0.0077773494444329325,-0.0031877217717147964,0.006171116951500475,0.004137975825683118,0.0056686684505493695,0.002369181765985291,-0.004221594094167993,0.009117175128701355,0.0023444757071113807,-0.0046007622260786415,9.714794314228618e-5,-0.0026266158731790548,-0.003338592573837297,-0.002733084308087161,0.00633212776695517,0.0012012339807054772,0.0010400199694107902,0.0016254949224107393,-7.069665401213519e-4,-0.0017658641084647008,0.0017542712305402858,-0.0015981184826933214,-6.869448887566573e-4,-9.920311139947017e-4,-0.001332421309931242,-3.07784152302471e-5,2.49806572801428e-4,-0.0011748803969903472,6.317510533801474e-17,-8.998878031629687e-18,5.9631119486702744e-18,9.75781955236954e-18,26/03/2021,77.10.6.29,volans,Male,Philippines,10.18402393,125.5967767,30000,100%
NHMUK.94.9.28.35.Borneanus.CRANIUM.DORSAL,0.0077890595129233055,-0.005703255872507722,-0.004823973031651441,-0.0019961842118546157,-0.00700548086915976,-0.006729861540192961,-0.0034422226080782587,-0.004451403757439447,-0.010235605898034425,0.010887768193775217,0.0027323441474317546,0.009556902717728633,-0.0012464292898389415,0.0034996394661243766,0.0030854247478220784,-6.02653874684936e-4,-0.002909910432480463,2.618967313444685e-4,0.00103712697560971,0.003817709985247303,0.005559088683051425,3.000249176363735e-4,0.0036232391583370972,-0.003789631144172032,-0.003224627828075663,-0.0021585281690003014,5.752715549910847e-5,-0.0032066674868931424,-0.0030234714466462263,8.506984206399141e-4,-0.0025011886131173257,0.0020563847653344678,-1.619639578982747e-4,-0.00294708267805518,-7.062237225730154e-4,-9.276215852459105e-5,-3.524501298892692e-4,5.885386275766814e-6,5.930585883495709e-17,-8.023096076392733e-18,-5.1797758790494974e-17,1.3010426069826053e-18,26/03/2021,94.9.28.35,variegatus,NA,Borneo,3.939719,108.182629,32300,100.00%
NHMUK.9.4.1.89.Peninsulae.CRANIUM.DORSAL,-0.017932071286871125,-0.0037172789378316176,0.022903882626523937,0.01184809867961197,0.015760811586517976,-0.005801810565317088,0.011739447496836487,-0.0013444667417786844,0.005273826295496964,-0.008496774608881432,0.0036070950736346846,0.014666761705875272,-9.124719959018213e-4,0.0050976906000547596,-0.0024467291512340656,-0.0014320478062794142,-0.00359253598054304,-0.003092552684872433,5.960811240249697e-4,-0.002040382217832294,-0.008131635226972222,5.377204045734781e-4,0.0014021084607445395,0.004827364572245156,0.001778309526273533,-0.0012152651025914489,0.0013713460068972287,-0.00070205110801691375,-9.135876045596046e-4,-0.003714029033726729,-0.0015259002641534293,-2.949606203807542e-4,0.0013376175611091742,-0.001194049252969747,6.610575950907315e-4,1.5509140044822004e-4,5.91643679438504e-4,2.3756145135676407e-4,-1.4369236323811402e-16,1.7997756063259374e-17,-1.4497815925204605e-17,-8.51098705401121e-18,07/04/2021,9.4.1.89,variegatus,Male,Riau Archipelago,1.004349,104.451249,27700,100.00%
NHMUK.9.4.1.92.Peninsulae.CRANIUM.DORSAL,-0.0020345793535853154,-0.0064428852691119755,-0.007804163206800095,0.018170795643665513,0.029988952541965194,-0.002589617629663809,-0.007405693891883985,-1.6791481341503966e-4,-0.012748299557480762,0.00653864092451478,0.002709355721063337,0.0016143108384370232,-0.008863535693022664,-3.859311013819887e-4,0.00976619003413096,-0.004605280359612489,0.002166567073178122,9.148680477373367e-5,0.0029838073477472943,0.0031830830889900616,2.9393586802959324e-4,-0.0020294829752697525,0.0013161249500782592,0.002537812771405169,-0.00227290405754649,-6.274175599695583e-4,3.512240157938324e-4,-0.0019703803433020993,-0.0010980442634979236,0.0012713154317618761,3.506373046582434e-5,-3.9655887179693334e-4,0.0010624076576804685,-5.166907262048276e-4,-7.34403362102239e-4,-1.4521799895393195e-4,-3.9129132618191773e-4,5.353439377697227e-4,4.725681516026467e-17,-8.271107323348792e-17,-8.092976294541213e-17,3.889575293791747e-18,07/04/2021,9.4.1.92,variegatus,Male,Riau Archipelago,1.004349,104.451249,27700,100.00%
NHMUK.9.4.1.94.Peninsulae.CRANIUM.DORSAL,-0.0021859179258368823,-0.023121908714116967,-0.005063568308311087,0.0011382998386734624,0.006126765685408305,-0.00871901126640331,-7.351465062806775e-4,-0.023035477233456128,-0.00782261579425875,0.002038113516555883,0.002962204666413657,-0.0045595306563384974,-0.004707901501689501,-0.004258904890285275,-0.010038472275999728,-3.578881939817681e-5,0.0013144732805740124,-0.002742676349014792,0.0012052181095637336,0.0016746120579954737,6.839091002019597e-4,0.004649107273143476,-0.00238623950608403,0.0027403001207769915,-2.6932164020132516e-4,-7.775740948900846e-4,0.0017422689229235583,0.0011186388985676618,0.0015029282044871498,0.0024684038601826288,1.711058758899788e-4,-6.896272575131669e-4,7.96655969981237e-4,-7.222999341004199e-4,-0.0011437181360068524,-7.796003617223349e-4,-5.800607537123284e-5,-1.243720436580977e-4,1.3944195190879194e-16,2.7647155398380363e-18,3.533821455944941e-17,1.5612511283791264e-17,07/04/2021,9.4.1.94,variegatus,Female,Riau Archipelago,1.004349,104.451249,27700,100.00%
NHMUK.9.4.1.95.Chombolis.CRANIUM.DORSAL,-0.031825761553708205,-0.002077128146990949,-0.005629417143409159,0.009232068756563537,0.016601277768380614,0.012020952784078108,0.002663458204739572,-0.007950417481688702,0.005096652949252408,-0.008051788224211757,-0.008877001647911819,0.008316154287566846,0.009295838658132643,0.002944188232582428,-8.640926761951259e-4,-0.004564504495658298,-0.006157761398581223,-0.0031549981591617628,6.121131513040412e-4,0.003928279812054356,-0.0010083148699093342,-0.0014871463502160209,-0.0036172559129279296,-0.00229666731943296,-1.4418204512680233e-4,-3.2164742621031963e-4,3.3319357113280584e-4,-0.002360764844843987,1.708997838884863e-4,5.474384958546184e-4,-0.0026480583812609673,3.8057677737068495e-4,-0.0012195011229290396,-2.0441056392993398e-4,3.3525082546943894e-4,5.83507794664813e-4,1.4463916703376492e-4,-1.274550537593969e-4,1.478851763270228e-16,-2.1358782797964437e-17,-2.2104171791548222e-17,-1.0950441942103595e-17,07/04/2021,9.4.1.95,variegatus,Male,Riau Archipelago,1.05586596,103.3631257,11120,100%
NHMUK.9.11.1.3.Pumilus.CRANIUM.DORSAL,0.01754106143453087,0.03761541787093668,0.0017781902893493047,2.1751264221080713e-4,0.0027255467382873884,-0.001527624365642398,0.008488539403952082,0.014412857765947805,-0.013969347739921138,-7.875229004979892e-4,8.510761473676862e-4,0.0033797847701700122,0.002071101059786731,0.00983105615150635,0.006086433139581616,0.005618262993431337,0.006757806235126232,0.00132461921492721,0.0028724352475653844,6.969480559662534e-4,-4.087732081746304e-4,-0.004037120269018573,-0.003695117157035946,4.965841262009852e-4,-2.338562225732739e-4,-0.008360470211528616,0.002694534198682212,-0.001172127779318862,0.002640561407600223,0.0013226545055748714,-2.5395885994067844e-4,-1.2359709576618348e-4,1.9068068879995103e-4,0.0012797863306679305,0.0011210334624122292,0.0017516964486013285,0.0010591673021596187,6.135373363515219e-5,-2.2659825404947043e-17,-3.230922474006803e-17,-5.210946691508456e-18,7.26415455565288e-18,07/04/2021,9.11.1.13,variegatus,Female,Tarutao,NA,NA,NA,NA
NHMUK.55.1437.Pumilus.CRANIUM.DORSAL,-0.008269221793560058,-0.0020143847924716475,5.040106847428285e-4,-0.009390927551223758,-0.013315078690899507,-0.002113598484497065,-0.0021795613796598487,0.006194067482641685,0.013819522155414838,-0.010302788235556717,2.3909094877208518e-5,-0.00669952611799743,-0.007537687050991189,0.006160638123619034,0.0072147593135563895,-0.0020065536605426803,0.0071542262312903945,5.298289297767024e-4,0.0013723392500227132,-0.001579896949927633,0.003484728066146586,-0.003007428119217096,-9.13337107048624e-4,0.004559480538627877,0.0020711178007695482,0.0016602388231426802,9.671827857762338e-4,9.772512773611073e-4,-0.0034008387193109986,6.346366589875876e-4,-5.383698838485338e-5,0.001081984517998874,-8.046441180087117e-4,-6.847335737353981e-4,-5.292437119478534e-4,-8.757058112877477e-4,6.74786775866615e-4,-9.805168207447004e-4,-4.319190404639128e-17,-5.616167253474913e-17,-4.1470733097570545e-17,2.3852447794681098e-18,07/04/2021,55.1437,variegatus,Female,Tarutao,NA,NA,NA,NA
NHMUK.55.1441.Terutaus.CRANIUM.DORSAL,-0.019737581514278464,0.018912074713875848,-0.013160385232498824,-0.0016903191704272806,0.014880768297544145,0.006079874921513739,0.00838798746381128,0.0035062660826771707,-0.011389131232397267,-0.009095748323449969,-0.0060388677833350226,0.004895122767363237,-0.0035643333345409165,-0.002278322173715224,0.002234207445816557,-0.003261529983730603,-0.002478621568796382,-0.0071049933457100825,0.004039142062660443,-0.0011636571303545677,-0.0015399190789558666,3.97910615896983e-5,4.131554756594063e-4,-0.0021202550496398904,-3.648844532647349e-4,-0.003581367288390165,-3.175145331452588e-4,-3.6732027711294747e-4,2.8032438890881984e-4,-0.0014718323919980564,-7.412005000440531e-4,9.834003104029737e-4,-2.414447800331578e-4,-0.0017405893623222961,2.8182811869729616e-4,-5.137459852994946e-4,-3.3218522573422816e-4,-2.954507886971778e-4,-7.787112697287685e-17,8.112542755622787e-17,2.090816127002515e-17,-2.3689817468808272e-17,07/04/2021,55.1441,variegatus,Male,Tarutao,NA,NA,NA,NA
NHMUK.55.1442.Terutaus.CRANIUM.DORSAL,-0.02754511943022888,0.013052069180016716,0.008190301311463541,-0.006583264243059571,-0.010275005585498202,-0.005721559616396616,0.004406882322263406,-0.020614792605508348,-0.007879966725260238,-0.012559742527685597,-0.006175667015122561,-0.003052632417393685,0.0034579687859073553,5.000318860757874e-4,-8.829728705030465e-4,0.00777746131913896,-9.304905479959328e-4,-0.0012754100627872295,-0.0013631635075832711,-0.0010779056186733457,-0.0011613641411354061,1.2158972162514618e-5,-5.939218793455224e-4,-0.0021364817062010915,0.002920185475625228,-0.0013897230578228217,1.8492265593639372e-5,-6.319672253505235e-4,-0.0014549496559774682,3.693513086413325e-4,0.002136431172207262,-0.001566461345677403,1.9991768318876598e-4,-1.725932884623661e-4,1.540822437618379e-4,-0.0018851273882647347,-2.5499225866682223e-4,3.263649486656868e-4,-2.123325251518135e-16,-6.144715812561596e-17,-9.225205235136036e-17,-1.7320129705455933e-17,07/04/2021,55.1442,variegatus,Male,Tarutao,NA,NA,NA,NA
NHMUK.55.1438.Pumilus.CRANIUM.DORSAL,-0.02217307141378814,0.01187193587287636,-0.009806038762905651,-0.003297624823231065,-0.012695792094431214,0.010132698822055057,0.014972865227886715,0.0031387020438609914,-0.008089611097263562,0.014372007256828467,-0.009395602304473985,-0.005800895248161544,0.003096074057545849,0.0033348749132125597,-0.0058672903200405946,-0.006849442369235369,0.006312099227351376,0.0069852009823531255,-0.009241233028211525,-0.001226553756627008,-0.004986253926084837,-9.727393262476951e-4,-0.002376292461784159,6.396338276674717e-4,6.667231030228533e-4,7.281699385622032e-4,-0.0016038129344047997,-0.0010546201390489954,-0.002477069168961116,8.924457626544192e-4,-7.794422124604569e-5,0.0017184914866836345,-1.4153185808105947e-5,-2.1566884445684172e-4,-5.985392639059604e-4,-3.4019677373094343e-4,-2.9332199066397537e-4,-4.386002372387247e-4,1.353558649712372e-17,-3.984442983884229e-17,-1.3552527156068805e-18,1.0516761073109393e-17,09/04/2021,55.1438,variegatus,Female,Tarutao,NA,NA,NA,NA
NHMUK.55.1439.Pumilus.CRANIUM.DORSAL,-0.01679374101545788,0.011210139539060028,0.006256065956153411,-0.011989518066322322,-0.01741495032255072,0.0068988515041034475,-0.0015974241143730562,-0.014516475920302965,0.005224915672907217,-0.0014239180390569323,-0.007697600259431978,0.011010691980446971,-0.0010211168659063918,-0.0015149679528452394,-1.6236930952562734e-4,-0.00228706021506555,-0.006257005642781924,0.006606061895720003,-0.0058208971763136184,-8.107953182597783e-4,0.0027836743061330116,-0.002257433735478914,-0.004400705734381901,-0.0015005712767426427,6.165857689891945e-5,-0.004032248305357448,-5.31567029655784e-4,0.0025554746061856597,0.0034307801931004363,0.0024218356584107736,-0.0012872744574618168,0.0013655952862311415,1.978612560625302e-4,2.497951329061003e-4,-7.180818960745456e-4,5.776899718084522e-4,9.835225798533434e-4,1.5192158169680283e-4,-8.936197593532869e-17,3.3610267347050637e-18,-5.757791162255832e-17,7.589415207398531e-18,09/04/2021,55.1439,variegatus,Female,Tarutao,NA,NA,NA,NA
NHMUK.55.1440.Terutaus.CRANIUM.DORSAL,-0.018900447035158106,0.03680763649116272,6.427809241136034e-4,0.006669809905664424,0.0037885604324168305,0.024028689531392904,0.010898928625297023,-0.002106068775077779,0.013076236381928546,-0.0025357096486146352,-0.003614718613683134,0.010045465389955061,0.0012240069635667435,0.0028196497158517212,0.00792542760686881,0.0022742222826476386,0.001528129621079812,-0.004581379684462133,0.003915575761443817,8.102946977900735e-4,0.0025874451198714186,-4.798769354582722e-5,0.0037128578607192753,-2.088893185267341e-4,0.001426530752199996,0.0016928300114164515,-0.0023203453115552618,5.939010286935217e-4,6.09696358403553e-4,6.299269892635589e-4,8.549991819979323e-4,-0.004097837278834863,1.6423652007292017e-4,-0.0018034568530845127,-2.193000012457063e-4,1.736158839649608e-4,8.253781116645322e-4,-4.40685742420482e-4,-3.0818023236426836e-17,2.433356250872154e-17,-6.79494065452136e-17,-4.353749348887104e-18,09/04/2021,55.144,variegatus,Male,Tarutao,NA,NA,NA,NA
