specimenID,PC1,PC2,PC3,PC4,PC5,PC6,PC7,PC8,PC9,PC10,PC11,PC12,PC13,PC14,PC15,PC16,PC17,PC18,PC19,PC20,PC21,PC22,PC23,PC24,PC25,PC26,PC27,PC28,PC29,PC30,PC31,PC32,PC33,PC34,PC35,PC36,PC37,PC38,PC39,PC40,PC41,PC42,Date.Photographed,Specimen.ID,Ventral.ID,CurrentSp,Sex,Region,Latitude,Longitude,Extent..m.,Certainty
ZRC.4.966.VARIGATUS.CRANIUM.DORSAL,-0.007297043366033171,-0.01215331098265982,-0.005243360281131572,0.008829140060960841,-0.013017482148871096,-0.004457910838871201,0.0063144191306485475,0.008531058369825007,0.012132245256283628,-0.006619431113982329,-1.3843374449345696e-4,-0.0015187291467501775,-0.005595684620522456,-0.006535140111001376,-0.00762867009773178,-0.006053545251443463,0.003103209941944266,-0.0031258226934902764,-0.0036331608448092615,0.003561809886575582,0.001905452543384523,-0.0014026922654327327,-0.002705508382228674,0.0011329927708097088,0.0038841810741091034,-0.001345832086077883,-0.0010634037216071708,-1.2278992113025355e-4,-8.565620991400913e-5,-0.002813736762826043,-3.400186117601076e-4,6.587037936992936e-4,0.0012812585719322038,8.007013777967181e-5,-6.738681487746838e-4,-4.6442963076419194e-4,-5.189440881791153e-4,-6.076883631028568e-6,-2.7430314963883262e-17,2.531612072753653e-17,1.9657517123404175e-17,6.451002926288751e-18,18/08/2020,ZRC. 4.966,ZRC.4966.VARIGATUS.CRANIUM.VENTRAL,variegatus,Female,Java,-7.033653888,106.4589885,11900,75.00%
ZRC.4.886.BORNEANUS.CRANIUM.DORSAL,0.03271482090150527,-0.020236290074186453,0.013290761331632815,0.01203120229026237,-0.03564127030217918,-0.003403947412943944,-0.010973206605301255,-0.005304966731180146,0.005505110820016096,-0.019066213202790897,0.004391661607821111,0.004582139721336932,-0.002325805459637889,-5.020298430901843e-4,-0.008147638653937923,0.005593580400745526,-0.004265862901446622,-0.001670724432674552,0.001572553993437134,0.001665523878587425,-0.001944597228265902,0.006358716592627809,0.0017655305765058857,0.0031731260274969384,0.0018303564873392764,0.002069555461517155,-6.036999144919875e-4,0.0020891027788782802,0.0014181464667811095,0.0011491939393920277,5.875273045472662e-5,0.0014778176238824875,5.737879026973126e-4,-4.281612636512797e-4,8.329820233713581e-4,-0.0011479717575236326,3.768705662765152e-5,-2.11988606114432e-4,1.4127154307486123e-16,-2.190088388420719e-17,1.1815897855960676e-17,2.168404344971009e-19,18/08/2020,ZRC. 4.886,ZRC.4886.BONEANUS.CRANIUM.VENTRAL,variegatus,Male,Borneo,3.9218,113.93024,70000,75.00%
ZRC.4.888.BORNEANUS.CRANIUM.DORSAL,0.012220323814817855,0.007082499476153476,-0.018599171547894318,0.0017113559761098263,0.00961685519874178,-8.468945605915774e-4,-0.007715352723033539,-0.01724913507712734,0.017205190607903258,-0.004233836537119337,-0.008527188722465716,-0.0014663661479336414,-3.881680580654291e-4,0.00723006542716956,0.005362954574333024,-0.0018400564835878927,0.009561133929477068,4.809110980496991e-4,-0.001043832786034989,-0.004771837837332279,0.002012474625361185,0.004287520414986816,5.782077003212304e-5,0.0050950328113521575,-6.910134868354009e-4,-0.0014750346522316477,3.08347492776105e-4,-0.0025910843979351696,7.795365984007723e-4,8.82360081319834e-4,2.1599274742703045e-4,-8.570941229275866e-4,5.35145671318033e-4,5.850162861974174e-4,-1.6574121084427028e-4,-2.025542154198914e-4,0.0011216833197747675,7.193286606944487e-5,4.228388472693467e-18,7.502679033599691e-17,4.6404700015326844e-17,1.1167282376600696e-17,18/08/2020,ZRC. 4.888,ZRC.4888.BORNEANUS.CRANIUM.VENTRAL,variegatus,Male,Borneo,5.304512762,116.9350579,253000,75.00%
ZRC.4.899.Peninsulae.CRANIUM.DORSAL,0.005488361856064873,0.021489500163346144,0.02035730183747429,-0.0016721396659325311,0.01457509134306108,-7.921040935394128e-4,-0.014454102158840772,-0.0032741238770808115,-0.00318573152500046,0.0024104330330361676,0.0019965808790915834,0.013294575163421439,0.00346398124226714,0.004413003340332531,0.0022061407726108686,-0.007972650608253239,0.00855003156753298,0.0013894472860386355,-0.002770371619021513,-0.002850618883580605,-8.501446925358436e-4,-5.440390422508936e-4,-0.0019055883836836937,-0.0018319918673064609,-6.674255558311989e-4,0.005316621970549842,0.001167573127064303,-0.0023315419681429806,0.0042962052816609446,0.002062345374411446,6.583084422241207e-5,4.3685199777696395e-4,2.200574505160977e-4,-4.121498390193667e-4,4.6002479718080635e-4,-0.00106104703674558,-7.077400499336115e-4,-6.909334030481931e-4,-1.3335686721571705e-17,2.0030635136669694e-17,-1.730340080474766e-17,3.469446951953614e-18,18/08/2020,ZRC. 4.899,ZRC.4899.PENINSULAE.CRANIUM.VENTRAL,variegatus,Male,Peninsular SEA,6.425678,101.820476,19710,50.00%
ZRC.4.900.Peninsulae.CRANIUM.DORSAL,0.005045721973207513,-0.004838385341980456,0.0027828891135348844,-0.007151280299126967,0.012013495403332108,0.0030277917649303926,-0.009700863280278605,0.009587070043217565,0.01098259627429594,-0.0014697770074331834,-0.001758887002284712,0.005724847886299894,0.0013960433027394024,0.005828548337262318,0.0034842855131412775,0.0012866114443440125,0.0060658873596853725,-0.002879983882149521,4.692713660504221e-4,-0.00479741146374334,-0.0018120020670566474,-0.003503181440532628,-0.0013109780249389567,0.00381479302108677,8.006340662754648e-4,0.0010335987391040277,0.001115893979315953,0.00481539541411625,7.761230848227228e-4,5.877335141955887e-4,-6.232429255639822e-4,4.5978944538738783e-4,2.1039688771814553e-4,1.0378397550903182e-4,-6.951557826437174e-5,3.3856257505650105e-4,2.137221627624273e-4,4.782392263431184e-4,3.5887091909270197e-17,-3.209238430557093e-17,-9.634152742070412e-18,-5.204170427930421e-18,18/08/2020,ZRC. 4.900,ZRC.4900.PENINSULAE.CRANIUM.VENTRAL,variegatus,Female,Peninsular SEA,7.068869728,100.621263,1000,75.00%
ZRC.4.908.Peninsulae.CRANIUM.DORSAL,0.017428162401474937,0.003897880768580104,-0.019884989900358682,-0.00468314250306115,0.009276501183431148,-0.010867274160989676,0.002039575234117832,-0.00771502804944038,0.0029738544307226886,-0.008167388062998876,0.015552272014573152,0.0046698120243799735,0.007012497561186391,8.04139857842828e-4,-0.0025278415282170897,-0.004368277113374442,-0.003201815992113724,2.6141413043069377e-4,-0.006397749939537367,-0.0034261326560131727,-0.002320116670770987,0.0052255620275781095,-0.0036392886827507553,-0.0016209879848895505,-0.00321197323712134,0.0025147575225777713,-0.0027869564182933506,5.517767058648344e-4,-0.0019153387582304233,-0.0013691078755135126,7.518508656339753e-4,-6.436240828019363e-4,3.1241715792792776e-5,0.0018707194776051838,-0.0015515888101559597,3.407518614421386e-4,5.279610927909918e-4,2.753615214878154e-4,1.7198156961051314e-16,5.231275482242559e-17,4.022135950037045e-18,-2.0599841277224584e-17,18/08/2020,ZRC. 4.908,ZRC.4908.PENINSULAE.CRANIUM.VENTRAL,variegatus,Female,Peninsular SEA,NA,NA,NA,NA
ZRC.4.918.Peninsulae.CRANIUM.DORSAL,0.014901329707293628,-0.00742670712326618,-0.010071160628388736,-0.021053315898686073,-0.002441313287116051,-0.005724440128880631,-0.0024734752307462517,-0.012096930258819047,-0.0014493383742298388,-0.005232924180703969,-0.005541142537371126,-0.017564454731787325,0.00426116942416334,-0.002291867314842047,0.006058717482353711,0.004377158657749879,-0.005924582109479776,0.003759164373243008,0.005332391908816967,-0.0013040529514466786,-0.0026267035329561525,-0.002939597464431321,0.00610062173430997,-0.0031202252241805803,0.001175584956021933,0.0018209851756231575,-0.0015450278345272744,-8.544054594211086e-4,8.333125887481322e-4,7.119442520989449e-4,-6.07851271595363e-4,0.001991486753573983,1.9296418897830474e-4,0.0014106055565824868,7.801682968759664e-4,9.21494728679218e-4,-2.3394555793084014e-6,-1.7769004707198036e-4,5.421010862427522e-20,9.540979117872439e-18,1.8777873407680584e-17,1.1817803680091998e-17,18/08/2020,ZRC. 4.918,ZRC.4918.PENINSULAE.CRANIUM.VENTRAL,variegatus,Female,Peninsular SEA,3.55023,101.7233,3500,75.00%
ZRC.4.925.Peninsulae.CRANIUM.DORSAL,0.0027630476975740417,0.014634464913413157,-6.129043167664482e-4,-0.00210691778847454,-0.00808686403423252,0.006245589472683582,0.00629456670537227,-0.00833706309743305,-0.018597468238386396,0.0022342631493868005,0.019829953008217275,0.00265830991951247,0.0014478181986092935,0.0023850837119331943,-0.0028508300071934146,3.3958015512498737e-4,3.7493943727530887e-4,0.0031401726136505706,-9.9091517763335e-4,-1.2969298683705821e-4,-0.0024002617303089395,3.227878649976056e-4,0.0012612514206953313,-0.0032871368892838965,-6.292808791095645e-4,0.0018353352618248062,0.001210755069389344,0.0018550961240930612,-0.0032026424618759727,-0.001579563382448687,1.114094889680329e-4,6.91800718017662e-4,-2.3637343984216235e-4,-0.001077099244015343,-3.911303436922927e-4,3.016207775308557e-4,8.634496816513513e-4,-6.913706435144385e-4,-1.134346522962959e-16,-2.225324959026498e-17,4.778536371935135e-18,1.9949319973733282e-17,18/08/2020,ZRC. 4.925,ZRC.4925.PENINSULAE.CRANIUM.VENTRAL,variegatus,Male,Peninsular SEA,1.4208,103.80113,3100,100.00%
ZRC.4.937.TAYLORI.CRANIUM.DORSAL,0.015871976333124767,0.01724219648236405,-0.0045901043722856305,0.019344347021484867,0.0013447868587368227,-0.006891867980750962,6.885620931322569e-4,0.005581961607358029,0.007061403608215227,-0.008835642103340544,0.0036725335704662155,6.804572347798016e-5,-0.008540904706968517,0.004408661140517717,0.0029869310730162115,-0.003108678243537992,-0.0033887753182658183,-0.008813198266095433,-0.0025601374903367223,0.0017171166747590256,0.006112357298518841,-0.004965610588942248,0.0017361648312407489,-0.003969896128702667,-0.0016998609758907752,0.001094157448791503,0.0026691242118727317,2.9346030053201046e-4,3.053617164755449e-4,-0.0016135345765012415,-7.949031952775006e-5,3.641891575218792e-4,1.389211261495361e-4,1.2680960656490234e-4,0.0014506872827462604,-8.061760048950761e-4,-5.883642560250736e-4,-4.567280200812992e-4,5.654114329511906e-17,-6.938893903907228e-18,2.989433380744602e-17,-9.75781955236954e-19,18/08/2020,ZRC. 4.937,ZRC.4937.TAYLORI.CRANIUM.VENTRAL,variegatus,Male,Peninsular SEA,2.789944,104.202186,1450,100.00%
ZRC.4.938.TAYLORI.CRANIUM.DORSAL,-0.03189014978237966,-0.002722815062303095,0.001079195415970912,-6.508099311022216e-4,0.004291801836680352,0.004988607813830408,-0.012574447119086014,-0.010322794797969832,0.006355584686099177,0.006794889943915084,-0.0014299136921064285,-0.015479975161788314,-0.010401004161186047,0.0023298172293336034,0.004038776374321143,4.3863152390124165e-4,0.005018015771402834,-0.001289109219640467,5.636140347034867e-4,3.761257423731331e-5,-9.527420619772304e-4,0.0027664881968427076,-0.00404497860572101,0.0027031292967093752,-0.0014076331770325455,-7.256003382915002e-4,1.0302680528692188e-4,1.6380993067483963e-4,-5.379403214966915e-4,-0.001238901313272865,-0.0010759640792339573,5.833264189607281e-4,-3.457105632231015e-4,0.002126142989289464,9.654735892424893e-4,-1.022608219995736e-4,-2.4157286341096182e-4,-5.320274869353116e-4,3.846207206892327e-17,-8.849546123028754e-17,-3.08205444829339e-17,-1.4135285823779764e-17,18/08/2020,ZRC. 4.938,ZRC.4938.TAYLORI.CRANIUM.VENTRAL,variegatus,Female,Peninsular SEA,2.789944,104.202186,1450,100.00%
ZRC.4.941.TAYLORI.CRANIUM.DORSAL,-0.013960622198941711,-0.017705033826037476,0.010981675122705993,-0.006213248723911605,-0.02645476013244544,-0.009965522693882378,-0.010069954523606808,0.008664804585078255,-0.009247355872719864,0.011114676453729747,-0.0010896518439946095,0.002265051792612318,-4.052908490556501e-4,0.0027405237758322595,3.497397705651134e-4,-0.002558862849613094,-7.12648318619068e-4,0.007952564294624074,0.0035480607757934638,-0.003136085271046048,0.001180933207107499,0.0013550266233505696,-0.004049856145125175,-0.0025129091377240212,7.31933716183866e-4,-0.0032254461251337947,0.004480502876975182,0.0023330912630789274,-4.5729144870965447e-4,3.4667861907542857e-4,-0.0017955952211845393,-9.841546942576922e-4,5.110547300952093e-4,0.0011546659182118002,-5.672503887118524e-4,-2.32444767713846e-4,-6.478729792251932e-4,-4.0256677073412527e-4,-7.583994196536104e-17,3.404394821604484e-17,2.8866882842426556e-18,1.8214596497756474e-17,18/08/2020,ZRC. 4.941,ZRC.4941.TAYLORI.CRANIUM.VENTRAL,variegatus,Male,Peninsular SEA,2.842241,104.159311,1000,75.00%
ZRC.4.939.TAYLORI.CRANIUM.DORSAL,-0.023948835594061326,-0.00916159155289506,-0.006804654620412714,0.01214205900903425,0.004804889291186984,0.005206357098588519,-0.014952883475673999,-0.0020281116350217886,-0.0027146399190585936,3.0292633712240906e-4,-0.0021154878717861256,0.0010295748308615288,-0.0014605792882050963,2.92250959769647e-4,-0.0047016829133728144,-0.0020698806032892593,-0.002745369571337599,0.005574970306667543,-3.658426561809459e-4,2.2850985018373188e-4,0.0013102100701463005,-0.0020144909558342024,0.005473436401635409,0.0019022233668365483,-0.0017962546226561365,-0.0019452803956192233,1.6808137116777988e-4,-5.007581796170484e-4,-0.0018532870403364762,0.0015693658681598084,0.0014430529126674221,0.0014627866675661577,0.0013231766748109718,4.424445052550564e-4,-1.3097201090784107e-4,6.813110350399822e-4,3.42766156773891e-5,4.784013011449705e-4,6.267027370145117e-17,-2.1141942363467336e-17,2.2890747762192246e-17,1.6398557858843255e-17,18/08/2020,ZRC. 4.939,ZRC.4939.TAYLORI.CRANIUM.VENTRAL,variegatus,Female,Peninsular SEA,2.789944,104.202186,1450,100.00%
ZRC.4.940.TAYLORI.CRANIUM.DORSAL,-0.028247559637880122,0.004369856347732899,0.00691791990973327,-0.003747159767500494,0.0019019166470493785,-0.0016125910103519726,0.009797970445517898,0.005753518371247264,0.01386854094516234,0.007330338850574781,0.01077286955733665,-0.00552717586907806,0.0020723778170292024,0.005188306818276478,-0.00457474831315997,-0.003100254724471941,-0.0022333804888742337,0.0017809473035563339,0.002234873712473139,0.0014915447552844698,-0.002282837818413918,0.002249237652176827,0.0034454422444504013,-0.0026441199789707386,4.5793084146299705e-4,-0.0010074771597403122,-9.39626947176927e-4,-1.0060321426931594e-4,5.756032939752966e-7,0.0034527392749798312,6.287199697221452e-5,7.530191693571614e-4,2.4000164033205685e-4,5.762686492875154e-4,-7.445188993956571e-5,-5.579457064422656e-4,-4.292440646870557e-4,4.0404128170775993e-4,-9.393256571871289e-17,4.911435841359335e-17,2.253107639696439e-19,3.447762908503904e-17,18/08/2020,ZRC. 4.940,ZRC.4940.TAYLORI.CRANIUM.VENTRAL,variegatus,Female,Peninsular SEA,2.789944,104.202186,1450,100.00%
ZRC.4.944.TEMMINCKI.CRANIUM.DORSAL,-0.01471940226576656,0.04704531501840873,-6.393599409079799e-4,-0.024890662093259196,-0.024567038894088913,-0.009877775989431719,-0.001984310670372026,0.0029176040873017646,-0.003946554964297685,-0.005947154156712175,-0.01516748041797546,-0.008100738833018001,-0.0018301123347988725,0.00504269602209284,-0.008099726725599004,0.003303279082576715,0.0018637424312439772,-0.0035398949622786825,-5.424208371996518e-4,0.0010438325571263368,0.0033255310700933934,7.641917474750658e-4,-0.0016516048481105474,-0.002006346668375313,-7.749672018937437e-4,0.0010964405395935246,6.546350459810135e-4,-0.0010139530458541845,0.0010513695275764707,-0.0015869614693232571,7.92148305755204e-4,-0.001359269635678329,-3.7681089150053815e-4,-2.4059755472011633e-4,7.53778519339717e-5,5.182734024969472e-4,-3.076088830304928e-4,6.672463316221275e-4,1.3814768556538737e-16,-7.399679827213568e-18,-2.140579312653705e-17,-5.421010862427522e-19,18/08/2020,ZRC. 4.944,ZRC.4944.TEMMINCKI.CRANIUM.VENTRAL,variegatus,Female,Sumatra,-1.895761824,101.3143701,4000,75.00%
ZRC.4.947.TEMMINCKI.CRANIUM.DORSAL,0.004729041743647942,-0.011348822622981458,-0.001598264893866208,-0.0019619707076683687,0.0014176956193368631,0.0060139708351280305,-0.012288987629008978,0.0013418610749812454,0.0017671489187097186,-0.005528900409351626,0.0021072831156361284,0.001054682896333689,0.013399990490489403,4.044192845936348e-4,-2.9671647308154007e-4,0.0041576964823289535,-0.0031184958360847394,-0.00256718596048007,0.0050681405585863825,-7.960753592227117e-4,-0.0058957415984828235,-8.450195647529936e-4,-0.0014248734240266336,0.0011509005809616014,6.119540828719784e-4,-0.001982355231364727,0.0037751414097945595,1.5345523973286403e-4,0.0021988219603284874,-8.741751665387695e-4,-3.9062417280900745e-4,-0.0021097976530672414,6.299221945990101e-5,-5.363634448995077e-4,8.968811092804176e-4,-2.1737113903460084e-4,-0.0016746119008827483,-2.2650096627598103e-4,9.513874063560301e-18,-1.22514845490862e-17,3.907701798862989e-17,1.6479873021779667e-17,18/08/2020,ZRC. 4.947,ZRC.4947.TEMMINCKI.CRANIUM.VENTRAL,variegatus,Female,Sumatra,NA,NA,NA,NA
ZRC.4.962.VARIGATUS.CRANIUM.DORSAL,-4.3562121673096523e-4,-0.018107959164962276,-0.024600163261593,0.0028586318896895798,-0.013131583808141225,3.793238887802046e-4,0.010087846279401905,-0.0019238789649402826,-9.852817927321128e-4,-0.007730834388914749,-0.00903437459376969,-0.005372272604907706,-0.005815059432554825,3.815689928982651e-4,-0.006455502326389052,-0.006074501713381349,-0.0012580320041701315,0.003034797581782023,-0.002326284123809662,-0.003906687588408775,-9.803617643238663e-4,-0.003760670840061341,0.001760812346876405,0.0027730408824661063,0.0014357754429032423,8.420237300040283e-5,-3.2375698167933637e-4,6.518344867339383e-4,8.31177057120411e-4,-1.8603610444679005e-4,0.0019282887949417138,-0.001859515410969487,-3.496257453723461e-4,2.4077106618558146e-4,0.0012900224108004135,-6.056049832949398e-4,0.0011119334833931927,2.299818724352399e-6,-8.692590917902532e-17,7.589415207398531e-19,-1.0894961284058438e-17,3.2526065174565133e-19,18/08/2020,ZRC. 4.962,ZRC.4962.VARIGATUS.CRANIUM.VENTRAL,variegatus,Female,Java,NA,NA,NA,NA
ZRC.4.965.VARIGATUS.CRANIUM.DORSAL,-0.03900964968148211,0.020998262490134947,0.013967029759783721,-0.012789861125879043,-9.938797176885954e-4,0.022183121390883284,0.01068398590794747,-0.004280963562559912,-7.284709973924809e-4,-0.012858730188516118,-0.006253198782180176,0.003369409951450193,-0.009412807156148954,0.005968912100211366,4.686691402892645e-4,0.00444492497312507,8.081831509463991e-4,-0.004453714174176451,0.0031624189781850947,-0.0027049769753870064,-0.001991954068127012,1.3083609575606105e-4,0.0030072275685949497,0.0014141847360122195,-3.9382424913197707e-4,-0.0015267839767464,-7.221797425637419e-4,0.001278705940783592,0.0013122590491290562,6.579763742792839e-4,0.002838378055219762,0.0015735759421873785,0.002267407349731115,-8.480037527394504e-4,-6.372006490021031e-4,3.387733675859532e-4,-1.3582050782814866e-4,-8.64670762147801e-5,-1.1404790415010801e-16,4.0549161250957866e-17,1.246504273091269e-17,-6.5865281978494394e-18,18/08/2020,ZRC. 4.965,ZRC.4965.VARIGATUS.CRANIUM.VENTRAL,variegatus,Male,Java,-7.033653888,106.4589885,11900,75.00%
NHMUK.7.1.1.220.Temminckii.CRANIUM.DORSAL,-0.01924274568775831,0.00527038018889784,-0.01634013574503005,0.007971686839722492,0.006584070827422396,0.0024336358788335302,-0.0046818693415855775,0.011072830254314742,0.012278896629543679,0.003412848785041759,-0.007646947925695802,0.0072805149549153795,0.0073371716996980234,-0.01026684999795058,-0.0034907123889106415,-0.0022772949240944273,-0.007367189203169377,-0.007422304155021156,-2.817454683929006e-4,-7.933216696269953e-4,0.0014788603462189344,0.006335572426057485,-8.509732830695595e-4,-6.669306168677825e-4,-0.0016251255150481535,-1.28115404385037e-4,0.002188996799196031,-3.567547130816441e-4,-5.948061589239439e-4,-4.4286284156998636e-4,1.9389076749557643e-4,-5.875959818606513e-4,7.14608785325524e-4,-6.846207749046806e-4,-6.693914309597315e-4,7.965206367371562e-4,-2.96311581540274e-4,1.3575952448302087e-4,-2.13316777436523e-17,1.168227840853131e-17,-2.022164106627554e-17,1.680513367352532e-17,05/03/2021,7.1.1.220,NHMUK.7.1.1.220.Temminckii.CRANIUM.VENTRAL,variegatus,NA,Sumatra,NA,NA,NA,NA
NHMUK.7.6.18.2.Tellonis.CRANIUM.DORSAL,-0.0032664217700086456,-0.024129425242906153,-4.2898660596683147e-4,-0.005099773578807115,0.015314675335684619,8.584534748308444e-6,0.010596763405323987,-9.965952484583594e-5,0.0010995866084341766,-0.001791944958363558,-0.002730364320953379,6.039752310867169e-4,-0.0026346236301061027,-0.009446357804853962,0.0028795569759362807,-0.008550214334788649,-0.0012935083458644114,-0.003295137651812986,0.005741312747928255,-0.002033090253025529,-0.002291622487678973,0.0032378412582699414,-0.0025777634108217796,0.001774694422006162,-8.899360320494321e-4,0.001027325264434908,-0.0011956394008032429,4.922066159099238e-5,7.636867173338034e-4,3.944552349383612e-5,0.0016683239165716374,9.258085660678645e-5,-0.002130055598354469,-0.0023481454798913504,1.027928876541273e-4,-5.59643460959239e-4,-1.88177463347202e-4,3.4601890540277046e-4,1.1153729849444627e-17,-4.095573706563993e-17,-1.476590185301059e-18,-1.6046192152785466e-17,05/03/2021,7.6.18.2,NHMUK.7.6.18.2.Tellonis.CRANIUM.VENTRAL,variegatus,Female,Sumatra,-0.063028,98.276616,3040,100.00%
NHMUK.8.1.25.3.Taylori.CRANIUM.DORSAL,-0.021315311008795256,0.004952678712034549,0.014818464818691559,0.002662719528571684,0.010417198973704814,-0.01810311454742901,-2.981144267210907e-4,-0.0061747901627451475,-0.0026371015463486024,7.1781200633421e-4,-9.026795313651356e-4,0.002592391489107364,-0.0020181010200627865,0.003808067471818344,-0.011313124472338575,0.0022126603508099618,-0.004402418940832707,-0.0011879670558258277,0.0014238910288556987,-0.0019378538147373668,-4.565173785203583e-5,0.0011184038531986448,5.693618575779466e-4,6.820256675144068e-4,-0.003152750364717443,-0.0038315759521365548,-9.663115468201226e-4,-1.6808406547765302e-4,0.002293728900043993,-0.0010705747729429468,9.072485159671381e-4,-8.364637875839032e-4,-0.002811526370830855,-5.953252239286341e-4,0.0011719833232205342,0.001561353667917397,0.0012959697424577254,-0.0015152675225974972,2.6969529040576923e-17,-3.0899761915836876e-18,-3.1577811790113944e-17,2.2551405187698492e-17,05/03/2021,8.1.25.3,NHMUK.8.1.25.3.Taylori.CRANIUM.VENTRAL,variegatus,Male,Peninsular SEA,2.789944,104.202186,1450,80.00%
NHMUK.8.7.20.10.Peninsulae.CRANIUM.DORSAL,0.02064406956130671,-0.014221063514291808,-0.012564678585224726,-0.018342795507982696,-0.0029172861586846534,0.01850007897634285,-0.0038546143312331374,-0.009034234517965593,0.004006227778419257,-0.00401295667936081,0.016864584691846395,0.004966704875787486,0.0018421140869203613,3.8456224627603827e-4,0.0011831240533399202,-0.0038448021480886442,-0.0019312507154808612,0.001646692233526177,0.0011948814455128261,-0.0023107284747991546,0.008960106196467614,-0.0020490351465256244,-0.0077128817154226365,1.330315475556952e-4,0.0015464445358023115,-0.003023923380090157,-0.002098711955649453,-7.695689626045013e-4,-2.5166950345495843e-4,0.002440803883082061,7.007871990159116e-4,7.526218101409132e-4,2.6374227698923284e-4,-8.310970148162932e-4,2.2499048911103607e-4,0.002170462954540441,-0.0012768754893217535,-3.5794306193355556e-4,-4.049495114233359e-17,-3.3393426912553537e-17,-2.6962752776998888e-17,1.2576745200831851e-17,05/03/2021,8.7.20.10,NHMUK.8.7.20.10.Peninsulae.CRANIUM.VENTRAL,variegatus,Female,Peninsular SEA,3.488784,101.767941,34960,80.00%
NHMUK.9.1.5.519.Variegatus.CRANIUM.DORSAL,-0.013951800859274943,0.0065840316118978585,-0.005431322515709457,0.002959732118110854,-0.010202614587532749,0.00442780185267812,-0.002568487720177872,0.009240649587180452,-4.28689628655051e-4,-0.016156655233886517,0.0036832344214737934,-0.0065915488070846535,-0.0020782858315265425,0.0033058993637029794,0.0040086681387313155,-0.005590703281490166,0.006082083229707813,0.002899255221138136,0.0020304832701152076,-0.0036321153772959037,0.002933352576794792,-0.00286507270995011,0.002023839865235633,-0.003586675302409471,-0.0018150606906880578,-0.0014408091432889986,-0.0030635924935872067,0.0010150736704486606,-4.3031088974872776e-4,7.526319101671524e-4,-3.0750476075217187e-4,-0.0012136049858230895,-0.0022530661265122683,-0.001897648201518574,6.224480178920752e-4,-9.91951055039471e-4,2.1277487540030703e-4,1.86148204153916e-4,3.667313848432219e-17,6.472686969738461e-17,3.4665670399329496e-17,-6.938893903907228e-18,05/03/2021,9.1.5.519,NHMUK.9.1.5.519.Variegatus.CRANIUM.VENTRAL,variegatus,Male,Java,-6.21462,106.84513,21405,75.00%
NHMUK.9.1.5.520.Variegatus.CRANIUM.DORSAL,-0.009340319486106516,-0.01774574714948008,-0.002476308215358903,-0.003203388089059731,0.009153435989978516,6.040791201600091e-4,-0.012463280033590356,-0.008914430428389429,-0.007216674424777498,-0.0014090557415695328,-0.011027064845535355,6.862658811953413e-5,7.951376837604891e-4,-0.00836683775238998,0.0028387670720109604,-0.0061848971010815155,0.003685474143743002,-0.0025632574151960522,-0.0010141701041851234,-0.002865763226951569,-0.0016157574324666625,-0.009251516648908028,0.0014492385897930309,7.911329882744322e-4,-3.1869859714376575e-5,-3.5991968899440623e-4,0.0034503532187822408,0.0018690250055123827,-0.002962037293058575,4.826159023301639e-4,4.331785198829935e-4,0.0017295848398863178,2.8014156904059185e-4,1.274234815456482e-5,0.0011177751413036173,1.0909164027244661e-4,-9.501120652877333e-7,-3.380724348673083e-4,4.382717875683201e-17,-6.31276714929685e-17,-7.768430326844807e-18,7.298035873543052e-18,05/03/2021,9.1.5.520,NHMUK.9.1.5.520.Variegatus.CRANIUM.VENTRAL,variegatus,Male,Java,-7.683374,108.57176,12150,100.00%
NHMUK.9.1.5.521.variegatus.CRANIUM.DORSAL,0.02633301512946671,-0.007826751471159294,-0.024623831878969056,-0.009813433123760993,0.01766761052524909,0.009690014839492032,-0.016973051267675045,0.01786491953874294,-0.010319751479502282,0.00195159532874638,0.0017645262393469834,0.0067392154552658795,-6.82688829604405e-4,-0.004119698470162893,0.004281184643744352,2.690105590197827e-4,0.0042183115878200415,0.0018473595417907438,-0.002040860691906159,0.0015037442906278402,8.672516823944124e-4,0.001563844675785527,0.006758298219648379,-0.001344326685987824,0.0020514554717124163,-0.0026083738601479557,6.737946646312507e-4,2.0452874625102936e-4,0.0025688748342850903,9.733168494478905e-4,-0.001180403413146883,-0.002045848975501937,4.289944483270569e-4,-4.851635300928291e-4,-8.489047275287827e-4,-5.407430781634769e-4,2.774493159748649e-4,-4.8593698696716237e-4,5.772021315769704e-17,2.856872724499304e-17,-2.3485682528519986e-17,-3.2526065174565133e-18,05/03/2021,9.1.5.521,NHMUK.9.1.5.521.variegatus.CRANIUM.VENTRAL,variegatus,Male,Java,-7.683374,108.57176,12150,100.00%
NHMUK.9.1.5.523.Variegatus.CRANIUM.DORSAL,-0.013054052494836408,-0.004680561322568714,-0.021712531104584706,9.248884304118559e-4,0.019514250284653478,0.006554773964667889,-0.004244835989273466,-0.009620643238652738,-0.01107276997195852,-0.011757014025408252,-0.0010250978788464927,-0.003965456112344257,-0.008778878344510391,0.0013891063009151528,-0.006167091003964779,0.011325301722344125,0.0021208126564402933,0.0014681511924169632,-0.0034332070037159067,0.004040117219746198,-1.894063233043793e-4,-3.182093691673356e-5,-2.757850197747304e-4,-0.003777202162515545,3.5496494715718795e-4,4.3075354381355915e-5,-4.1158132386910816e-5,-0.0017544978679928129,-2.658848154066395e-4,0.0025186657476609494,-6.718592142482776e-4,-0.00321270556365298,-2.2413876528303651e-4,-0.0012057182396268966,-7.80675940819319e-6,4.75717473078786e-4,-6.278489533216942e-4,-9.051122475976412e-5,1.0256552551712872e-16,-2.5261910618912253e-17,-1.4823076576950256e-18,2.927345865710862e-17,05/03/2021,9.1.5.523,NHMUK.9.1.5.523.Variegatus.CRANIUM.VENTRAL,variegatus,Male,Java,-7.683374,108.57176,12150,100.00%
NHMUK.9.1.5.524.Variegatus.CRANIUM.DORSAL,0.0016993011213114859,0.013035872481128346,-0.026111442775802227,-1.926506797376928e-4,0.013477072651867712,-0.00330033866776244,0.004722065216105401,-0.006800641006494648,-0.009206935231358451,0.007023086100445659,-0.00806865759056058,0.00884070119049055,-0.00846070048836122,0.005087343155495851,0.0030848429463580596,-0.0020924871904968983,-0.002538036589063565,0.0016568278347059103,-0.005309346708538774,0.002378735004853066,0.0022051828102207603,0.0019453498098383612,2.2656558995013998e-4,0.001584920794949211,1.0442368792869076e-4,0.004497089154518297,6.885353208381849e-4,9.392283068829909e-4,-1.9204032512056007e-4,4.813299948238928e-4,-0.0013662996112998687,6.513946011176956e-4,-4.7930491633621096e-4,-5.030411748009661e-4,6.00407383120629e-4,0.0014686003656965447,4.3986907632583656e-5,3.4636163838883236e-4,-1.6160033380896444e-16,2.5587171270657905e-17,1.6722124444694397e-17,1.3010426069826053e-17,05/03/2021,9.1.5.524,NHMUK.9.1.5.524.Variegatus.CRANIUM.VENTRAL,variegatus,Male,Java,-7.683374,108.57176,12150,100.00%
NHMUK.9.1.5.525.Variegatus.CRANIUM.DORSAL,-0.0016515841310855513,0.0062812994301405176,-0.017178821143470118,0.0021826733503794694,0.006408279445373032,0.007286869757809255,-0.0032256701754886587,0.006346020105513329,0.0037361863673467653,-0.013188900012353708,-1.3421641761464907e-4,0.009478877657784731,-0.005806853314942898,0.005881664628475817,-0.002052293834097315,-4.113785905450899e-4,-0.01278474800895488,0.0056664170667020935,-0.0050784439703074145,0.006377307492005154,-0.009029522749007977,-0.005727832407583966,-0.005363905380698501,0.0014938222529585707,-0.0019224974298940156,-4.391790879903672e-4,0.00115459687252218,3.3909767254797045e-4,9.052299054777442e-4,2.63017874220782e-4,5.614481700340645e-4,7.711208117631242e-4,1.9081255679350887e-4,0.0012785991096885745,-8.077754982360726e-4,-8.889240765376862e-4,9.706588974500285e-5,-1.888475679550522e-4,9.540979117872439e-18,-1.6696713456276768e-17,-7.420008617947671e-18,1.734723475976807e-18,05/03/2021,9.1.5.525,NHMUK.9.1.5.525.Variegatus.CRANIUM.VENTRAL,variegatus,Female,Java,-7.683374,108.57176,12150,100.00%
NHMUK.9.1.5.527.Variegatus.CRANIUM.DORSAL,0.011803317757939068,-0.012226276700642526,0.0026020227343350423,-0.01959642506943979,-0.02241303466822402,-0.011151083426583242,-0.007964897083764678,-0.0011728149221804306,-0.0023317294633367278,-0.00310607193656525,-0.00200012855868961,0.0035581566223503096,-0.011036699497490043,-0.005128264358623406,-5.800075346782033e-4,-0.006109008015991952,0.008345990249736758,0.0043750213354035224,0.005869081121869123,0.0066908690237117265,0.0016788037036310397,0.0022223857722124445,-0.001987797455284547,0.001027316824304425,-0.004141845992902834,0.004051179061780256,8.783926459236538e-4,5.561476937769676e-4,4.1363270609528233e-4,-0.0014660837793100299,-0.0018048927423657823,-8.490170688733912e-4,8.278042200118175e-4,-2.1532362009215542e-4,-3.711532209664e-4,8.611528551512189e-4,2.753892383302812e-4,6.37291115272475e-5,-1.0066817171527909e-16,-6.624475273886432e-17,3.936966787190625e-17,1.1926223897340549e-17,05/03/2021,9.1.5.527,NHMUK.9.1.5.527.Variegatus.CRANIUM.VENTRAL,variegatus,Female,Java,-7.683374,108.57176,12150,100.00%
NHMUK.9.1.5.529.Variegatus.CRANIUM.DORSAL,-0.01539856665213108,-0.012810222814342773,0.020271699776850064,0.009246204978715903,0.013166761240772857,0.01687028251118884,0.011458960459628536,0.0025213661115291233,0.006385899204963707,-0.005463612253182266,0.004459011789796064,0.009589903368743794,-0.006291001512349291,0.006381443097043044,-0.005135092323001928,-0.0022148252129318385,-0.003398922112925829,0.0023389795415609312,0.0032100910796766663,-0.002479656041035204,0.0011793688512157384,7.148254078132154e-4,9.591129880166182e-4,2.7506560248264186e-4,8.02220551463878e-6,-0.002915160611231893,0.0013642682840643908,-2.265572403951472e-4,-1.2635872809015075e-4,-6.588147531564429e-4,-0.002350708292952568,-1.7320954937720726e-4,-0.0018674472074229624,5.711343474269307e-4,-0.0013480138853702583,3.2087438541458037e-4,4.6004791021525765e-4,3.8027472233848666e-4,7.101524229780054e-17,-6.667843360785852e-17,9.086969458144134e-18,1.0408340855860843e-17,05/03/2021,9.1.5.529,NHMUK.9.1.5.529.Variegatus.CRANIUM.VENTRAL,variegatus,Female,Java,-7.683374,108.57176,12150,100.00%
NHMUK.9.1.5.530.variegatus.CRANIUM.DORSAL,-0.012280876510884284,-0.009542082626526482,-0.018097590703530956,0.011379568238078747,0.0010893140784236177,0.007777080649469599,0.0040081953645430615,-0.01118348554987871,-0.00768768006376172,-0.006036392726344205,0.009065517680908053,-0.003794254380327428,-0.005237664520199978,0.0051070364111050195,-0.0016161038803514862,0.005552483983696744,-8.83486237898449e-5,0.002131060911438361,0.005522780525887175,-1.4799709010062333e-4,7.288549912378348e-4,-3.507160771172869e-4,-8.196212516932311e-4,0.0010989599597195775,0.0019431700121570242,0.0017213318869519856,0.0022070914302113834,0.0026971343177277715,0.002122226744467815,-0.0017237261592896126,-0.0013517067589407885,-4.1769812352843684e-5,-8.287585330209322e-5,2.5012770500181496e-4,-9.017386086571713e-4,-1.6894630904487383e-5,-1.4266550044774565e-4,1.718492187178267e-4,-8.766452190903107e-17,-7.670730370334944e-18,-2.961565996779936e-17,7.589415207398531e-18,05/03/2021,9.1.5.530,NHMUK.9.1.5.530.Variegatus.CRANIUM.VENTRAL,variegatus,Male,Java,-7.683374,108.57176,12150,100.00%
NHMUK.34.7.18.88.Peninsulae.CRANIUM.DORSAL,0.013753745122719855,-0.0071218578956541816,-0.0051467276539738085,0.015704340214342898,0.014080475539384506,-0.002932230857138515,0.017058962014233205,-0.015844366546944624,0.0029080689353043424,0.002864597542720408,0.002399102257419805,-0.0040167658108844475,0.005779696540452353,0.004249464252193397,-7.503986379995492e-4,-7.765477038849377e-4,0.005182081254252849,-0.006095661979235603,-0.0022609055796880156,-0.00273851303137106,-0.0015604512273458115,0.0014916835529504527,0.005785279740190686,-0.0013590300165824839,8.84225128580933e-4,-0.001663544904076443,0.0017456854038228025,0.0027270641034447167,8.248750475518322e-5,-8.847171224864817e-4,-6.896644089402059e-4,-3.957674791724041e-4,0.00202604027811329,-1.7586840423239444e-4,-6.1029184036269e-4,-7.837376323548647e-5,2.1335883864157678e-4,-5.128142759956212e-4,-1.0383946306979919e-16,-6.044427111606687e-17,-1.7489536294906793e-17,-2.3960868011929648e-17,05/03/2021,34.7.18.88,NHMUK.34.7.18.88.Peninsulae.CRANIUM.VENTRAL,variegatus,Male,Peninsular SEA,4.496415,101.570916,2005,75.00%
NHMUK.47.1427.Terutaus.CRANIUM.DORSAL,0.02286912897955286,-0.0013411083017674929,-0.00890884958161184,0.0037695766306832363,-0.014960897045496198,0.0012793821411151464,-0.00642147122834715,0.003663265720186543,0.008901358712334082,0.005490609167499743,0.008567765574379735,-0.0019362190699384043,-0.0027187656895943067,1.3655431021664856e-4,-0.0026180160464972296,0.0012301022163130248,0.004142803293912231,-0.004656997868523536,0.00235186663970591,0.002175800453397472,-0.0018293476620915915,-0.003161643652557931,1.7078873889606297e-4,-0.0011447650932651554,0.0034066214513033106,-0.0016934696223862202,-0.004216269461210108,-8.923694794303298e-4,7.118908810988781e-4,1.594208794532063e-4,-2.7742407979449227e-4,-0.001000908999498451,-0.0025262183267248635,5.607887736407176e-4,1.721158099931332e-4,2.640376296052354e-4,-3.827470981595059e-4,-2.029129781057427e-4,-2.3798237686056822e-17,-8.59772322781005e-17,1.1161353145969916e-17,-6.071532165918825e-18,05/03/2021,1947.1427,NHMUK.47.1427.Terutaus.CRANIUM.VENTRAL,variegatus,Female,Peninsular SEA,6.612945,99.650898,13860,100.00%
NHMUK.47.1428.Perhentianus.CRANIUM.DORSAL,0.0293600970928865,-0.012380257168522077,0.00900098076480366,0.013384979104959711,-0.02270176527563535,0.009594613966851687,-0.01653725279908076,-0.005545205383194512,-0.01076384472327111,0.0066008798006543,-0.00787450782197548,0.0036828162364858936,-0.003684767763081737,-3.0478909627165474e-4,0.00173188691411073,-4.743416622988912e-4,-0.00324082570170166,-0.012186544158378457,-0.0073870727908672005,-0.002373751041548004,3.2424695190994316e-4,-0.0034922420188869883,0.0019220653215423142,-0.002174250881963521,0.0015207134508400581,2.713725744669178e-4,-0.0011554892227946913,2.0703190549102015e-4,-5.624400304822485e-4,7.309514605512246e-4,4.742945697205792e-4,7.699025699609843e-4,-0.0013473536777635672,0.001829520533501078,-8.503741924820585e-4,-1.2782432773777156e-4,2.532230546648353e-4,3.941290264542238e-4,-6.963288452788152e-17,3.3285006695304986e-17,1.1779263680991928e-17,3.0140820395097023e-17,05/03/2021,1947.1428,NHMUK.47.1428.Perhentianus.CRANIUM.VENTRAL,variegatus,Female,Peninsular SEA,5.902628,102.754195,2720,100.00%
NHMUK.61.1162.Peninsulae.CRANIUM.DORSAL,0.012796111621223755,0.03757836353458059,0.00424041943884123,-0.009276360474545664,-0.005777167366465893,0.0037175348277215144,-0.008496880537166292,-2.3312052919973772e-5,0.00767498268668342,8.947644919113168e-4,4.084368430725871e-4,0.0011464824893763622,0.0018208547230810985,-0.0015337983168043658,-0.014346300690419105,-2.2272562959218904e-4,-0.0024980288774978333,0.0025775020507230015,-7.646537834613699e-4,-0.003722864018251544,0.0013861801490852354,-2.630641480662938e-4,0.001406597316131587,0.0012319475164676384,1.0943543914373799e-4,0.0011445694524992,0.0017474801142964914,0.0016138705451123466,-7.963366062588245e-4,9.100189854697347e-4,-9.750534044620054e-5,9.528879268408856e-4,7.522553271770681e-4,0.0012038127487842439,-7.159568893733263e-4,3.3636705177286867e-4,-4.3651902017828646e-4,-7.021615975070921e-5,-5.9631119486702744e-18,2.7538735181131813e-17,-3.9093111614627724e-17,-2.5153490401663703e-17,05/03/2021,61.1162,NHMUK.61.1162.Peninsulae.CRANIUM.VENTRAL,variegatus,Female,Peninsular SEA,3.078114,101.853127,4000,75.00%
NHMUK.71.2621.Peninsulae.CRANIUM.DORSAL,0.003643762053291747,0.001872855026158896,-0.011734644587518911,-0.020355385464203398,-0.01026968223948832,-0.010015148254339076,0.0029545065217382854,0.012359338802721397,-7.528303678639858e-6,0.004214247481400387,6.155984635697387e-4,0.0014327483693331482,-0.010877413100358821,-0.005446096813415785,0.004900992080783594,-0.0021959301647029427,-0.00455444458904831,-0.0029475901795052504,-7.08899158044418e-4,-0.003536086458517298,-0.0023669167276425627,0.0028971117511447852,5.190468582568614e-4,-2.9107126046141806e-4,0.002731853455729658,-0.0022368911011981358,-2.846239438771817e-4,-1.713994317985236e-4,1.626146846091833e-4,0.0014015209156016495,5.707522039872607e-4,-2.059742921930234e-4,-7.256958923595032e-4,9.484733477999177e-5,-3.5208827092557654e-4,-2.5536644308477474e-4,2.9194723750493513e-4,5.161634415894912e-4,5.4752209710517974e-17,-1.8214596497756474e-17,7.098983130938291e-18,7.860465750519907e-18,05/03/2021,71.2621,NHMUK.71.2621.Peninsulae.CRANIUM.VENTRAL,variegatus,Female,Peninsular SEA,3.242112,101.766468,2750,75.00%
NHMUK.79.11.21.448.Variegatus.CRANIUM.DORSAL,-0.01314053605969453,-3.184114683178377e-4,-0.012247713954218949,9.166795221186681e-5,-0.02197351598318554,0.013652516572863135,0.01979788535373291,0.0020116488274181986,0.006363263255944581,0.008893448042760774,-0.009522713232803712,0.0047294749052620945,0.0037346265459515067,0.01039300729322345,0.007528955441528092,0.0014159944894323307,-0.002172395504002047,-0.0057178179528493,0.004113203463622052,-0.004378327920094116,-8.860482869578264e-4,-0.0051850065488008934,-0.0059152259379019806,-0.0017822843994547268,-0.0027409256857489164,5.264199201819629e-4,8.626808466095165e-4,-5.120609715222448e-4,-0.0032402606618293825,0.0012913534977304344,-0.001593197249796153,-0.0018287926286176506,8.176758693334569e-4,-2.207534994578844e-4,-7.365650931743397e-4,1.1615957300394537e-5,2.9871998098712456e-4,-2.9783225777623497e-4,9.552498765955098e-17,-6.318188160159277e-17,-2.4281046465991774e-17,5.312590645178972e-18,05/03/2021,79.11.21.448,NHMUK.79.11.21.448.Variegatus.CRANIUM.VENTRAL,variegatus,NA,Java,-7.620019,111.641876,27380,75.00%
NHMUK.8.7.20.8.Peninsulae.CRANIUM.DORSAL,0.02914963837814828,-0.01769403837519346,0.010878396038179484,0.006500948427742546,0.01414552184209937,-0.00867503269340758,-0.0034701779722382305,0.006146106917498798,-0.003692279711731382,-0.013130989255371414,-0.011414557368256051,-0.0044684063903642594,0.004402190410437089,0.004651435485691504,0.011294950844258841,0.007082178649049021,-0.006674471183270497,0.0018965363495324042,0.0025577692198027525,-0.004304996954931131,0.0031865051442939766,-3.909136520968211e-4,-1.4718735854171323e-4,-4.198062067279664e-4,0.0017530352562279375,-4.978289384736738e-4,-0.0025985230245645385,9.946730878741766e-4,-0.001602156862805033,-0.0018513091852606738,-1.2105207487347699e-4,8.281027870426399e-4,-4.807718430465895e-4,-3.833009082889602e-4,-2.997395042117654e-4,0.0013082242967700363,-7.038201502634015e-4,2.789985808626705e-4,3.4267564914119975e-17,4.597017211338539e-17,3.0851057521369754e-18,1.4446993948369347e-17,12/03/2021,8.7.20.8,NHMUK.8.7.20.8.Peninsulae.CRANIUM.VENTRAL,variegatus,Male,Peninsular SEA,3.488784,101.767941,34960,75.00%
NHMUK.9.4.1.86.Peninsulae.CRANIUM.DORSAL,-7.901881812945944e-4,-0.004278134333016862,0.002426952866789,0.021930617798076552,0.0034032274520177197,-0.010419017923838921,-0.004718177328981158,-0.014474267749915915,0.005985643585290407,0.007609351455087628,-0.0015893797605721473,0.0025929111149163788,4.9482912268798316e-5,-0.004908884741535885,-0.0023745716458813296,-0.007923439551025086,-0.007516929045131843,0.004518675559565606,0.004556819635501944,0.001076819242783367,-6.026435319053441e-6,-0.002505991988813855,-5.058835663376242e-4,-0.0017410113182162548,4.4716505207406215e-4,-0.0025177291098304228,-2.528747805561835e-4,-2.3540565585364732e-4,-0.0014150882732694421,-0.002136425742463387,-4.8417533450996307e-4,-6.821985596104663e-4,-3.562618726983007e-4,-6.24918664125892e-4,1.3561924366004057e-5,-5.784536450799176e-4,-4.862707931826863e-4,-1.4053021068621873e-4,8.529960592029706e-17,7.123208273229764e-17,-1.7723740904822607e-17,8.239936510889834e-18,12/03/2021,9.4.1.86,NHMUK.9.4.1.86.Peninsulae.CRANIUM.VENTRAL,variegatus,Male,Peninsular SEA,1.35833,103.976175,3910,100.00%
NHMUK.14.12.8.105.Peninsulae.CRANIUM.DORSAL,-0.02007488590381945,0.005294385139788542,0.010210500604658855,-0.0028176437435904348,0.001971426668997584,-0.01749591517608838,0.005011619356460053,0.018972734020101502,-0.016310058262439652,-0.006078576501940462,-0.0011699736685785852,-0.007051361607268525,0.004876519965613534,-0.008563226539214094,-0.0010045734027009099,0.00372124650494931,0.005041835912040462,-0.002279713042333386,-0.002366037203688285,-0.004991007796661885,6.989616063930262e-4,0.0013199192416718012,-0.0019511304915950435,-1.478282617523608e-4,-6.303454768788242e-4,-0.001184701460707139,4.209428174071124e-4,0.005548643959430615,6.485955211588018e-5,4.507437147375147e-4,3.7358149154867004e-4,2.9177747792386146e-4,6.137116190689921e-4,1.6677826114630398e-4,-7.834435597778883e-4,7.809696289280513e-4,1.5430678279256492e-4,-1.9313809449388644e-4,8.294146619514109e-18,-3.469446951953614e-18,-4.026794631246944e-18,2.5478751053409354e-17,12/03/2021,14.12.8.105,NHMUK.14.12.8.105.Peninsulae.CRANIUM.VENTRAL,variegatus,Male,Peninsular SEA,10.14962,98.593368,795,25.00%
NHMUK.34.7.18.89.Peninsulae.CRANIUM.DORSAL,-0.012111522208146475,0.004530493842727396,-0.009577389828888607,0.003962811337915678,0.006386376937244069,0.02292881857318833,-0.006790859015175829,0.006575093624870618,-0.002548492490314051,0.007609862055751891,-0.0029187557547492517,-0.004699805688528839,0.0029653435602102697,-0.0034770641556403,-0.006181515186902439,0.005024958972378612,-0.0013778619562779914,8.888037706522379e-5,0.0017803909188646772,-2.344370768805637e-4,0.0037005409500072365,0.001253726190250738,-4.820184313979342e-4,0.0012014916414961373,-0.0016107010689321321,-0.0020282273589267387,-0.0028987950621830343,3.065598421304615e-4,-6.085140728088217e-4,-0.002882476137332743,-0.001219810570729021,0.001607940713198642,-5.75380346778101e-4,-7.248253109045451e-5,-1.6744487699215933e-5,-0.0019544944941629985,2.8809373264218033e-4,-3.53161595903504e-5,-1.3384475819333552e-16,-4.515702048402126e-17,4.242364516323163e-18,2.7972416050126014e-17,12/03/2021,34.7.18.89,NHMUK.34.7.18.89.Peninsulae.CRANIUM.VENTRAL,variegatus,Female,Peninsular SEA,4.496415,101.570916,2005,80.00%
NHMUK.55.1431.Peninsulae.CRANIUM.DORSAL,0.03448878911850589,0.018694166504761467,-0.008868736619896284,-0.007635114896143519,-0.007667457035324767,0.009787580299371353,-0.005757337806886801,-0.006645881007955941,8.834051394098401e-4,4.993252926542305e-4,-0.005467570131029225,0.0011006575759845707,-2.7389498222356594e-4,-0.00126460191894998,0.0010704234282694273,-0.0012853979920175982,0.0016104110467318002,0.003810361859042152,-2.517180505460135e-4,0.0022618425767786717,0.001281213284751831,0.005035855002083048,0.0020199157845923964,0.00207194085768647,0.0036624696715783396,-0.003326829981973288,0.0015883588002484027,0.0013053005768419081,-0.0012182733415576983,-0.0012764634988145294,-0.0010608302219638187,-5.852346386931217e-4,-6.629970077931752e-4,-5.943427044428505e-5,-6.773903939112369e-4,7.656815114236734e-4,6.527625373009559e-4,-1.1776486591553541e-4,2.2849560785132006e-17,-6.830473686658678e-18,1.9191225485940683e-17,-1.1492543028346347e-17,12/03/2021,55.1431,NHMUK.55.1431.Peninsulae.CRANIUM.VENTRAL,variegatus,Male,Peninsular SEA,5.776442,100.431575,7970,80.00%
NHMUK.55.1433.Peninsulae.CRANIUM.DORSAL,0.011257530603715324,0.030918868026122634,0.006426320909221108,-0.010506650323398321,0.0046102008112074095,0.002366253852021611,-0.001834816955516293,0.0012012066779887658,0.009349936029691714,-0.011269496141140268,0.0021696939582272587,-0.008137323370884113,0.001698305650326975,-0.008574795511156271,-4.544543041665286e-4,-0.004422626048638568,-0.006181512286910197,0.0040518312663467265,0.002753347766536984,-0.008240129311469842,-0.003537539494419556,6.127060411699763e-5,0.002017209942995468,-0.001154337342434648,-0.001036206290926974,0.0015208320081055741,0.0015820821268501069,-0.001737455979398476,8.75971360082607e-4,-0.0013284121618716473,-8.310580297184647e-4,6.173717944692619e-4,-0.001355376777503241,4.804560741714281e-4,-4.350988576526782e-4,3.3949576768739547e-4,1.32881181207417e-4,1.657276102854508e-4,-1.469602163486211e-16,-2.8297676701871666e-17,-1.850608171073036e-17,1.6859343782149594e-17,12/03/2021,55.1433,NHMUK.55.1433.Peninsulae.CRANIUM.VENTRAL,variegatus,Male,Peninsular SEA,NA,NA,NA,NA
NHMUK.55.1436.Peninsulae.CRANIUM.DORSAL,-0.006395209882456662,-0.0056057845330675345,-0.017507210392560743,-0.012127650094869224,0.011774042698083858,-0.024481923191767643,-0.00234531399081009,0.012984003045076053,0.005094412308550875,0.0035337597550963843,-0.0016551422818548648,0.005773879480980924,-0.006095902698885978,9.850378557849306e-4,-0.0025739892098692626,0.0018835476204158324,0.005527836775743839,0.002440626816087996,0.0018900391293979356,-0.004092775678048693,-0.005640735904901277,-8.229200944478608e-4,-0.002563438681004856,-0.0011299024785732747,0.002500020470090916,-3.879194281879995e-4,-3.1295831559837627e-4,-2.0109935284708222e-4,-0.001378045270525132,0.001726024230098518,0.0010502567205163654,0.0013270043061499163,-1.8240656376838227e-4,3.100060498880816e-4,-6.311757979587548e-5,-3.4437948290937846e-4,4.824729039198235e-4,-3.5114205262912033e-4,-5.148605066590539e-17,-5.740850503310746e-17,-4.4066253806194534e-17,1.111307226797642e-17,12/03/2021,55.1436,NHMUK.55.1436.Peninsulae.CRANIUM.VENTRAL,variegatus,Female,Peninsular SEA,6.630211,100.185922,3300,50.00%
NHMUK.79.11.21.240.Peninsulae.CRANIUM.DORSAL,-0.009754064044146764,-0.006260949746496562,0.012872948230933868,0.0038301296760337826,-0.008208024482570655,0.0023106411940733832,-0.009553859519969959,0.004520690549522982,0.002489047821357959,-0.0069261896316922195,0.00667265592387401,-0.006607238539150307,0.0010661597362771021,-0.0029734650351247883,0.0014220089621407635,-0.0016326279268640354,0.00552209310926663,0.004899227005052628,-0.002122078187005653,-6.985882597855879e-4,-5.652717671242051e-4,-0.003816906092188957,0.0026720661339422586,-0.004521611041849896,-0.0016558222779586942,-3.27577392038838e-4,0.001988664838556756,-0.0013916807098097463,0.0025003115269228624,7.454110244670286e-5,0.0025388204599028027,5.265189625763946e-4,1.2133487313267762e-4,-2.7307584989980923e-4,-0.0013235147954959558,4.669535578613698e-4,-2.3712149130175267e-4,5.446752741831439e-4,8.3442909699915635e-17,-5.185196889911925e-17,-2.613011938984791e-17,5.637851296924623e-18,12/03/2021,79.11.21.240,NHMUK.79.11.21.240.Peninsulae.CRANIUM.VENTRAL,variegatus,NA,Peninsular SEA,5.38255,100.247977,11080,100.00%
NHMUK.98.1.7.4.Peninsulae.CRANIUM.DORSAL,-0.028268027410736005,0.006016782563395765,0.01170515969822529,-0.00481723083388853,-0.010647368045277788,-0.007020446200979166,-7.848902790564046e-4,-0.003150121709611978,0.02313373044598927,0.01203015540834918,0.009462177922697452,0.0141288163839251,-0.00539508792137391,-0.010357157401484766,0.009417557985610222,0.01764549273337694,-0.0011648444633802235,0.005493617412713269,-0.006747445712710224,9.170525369254208e-4,0.003423127288018573,-0.004358625801879691,0.0020491832669807235,-1.7665320316109657e-4,0.0015259155533602561,8.739059283025148e-4,8.164780176032766e-4,-0.0010950686692624068,0.0013457667425158923,-0.001247482471464203,-5.538105539102937e-4,9.708776317602487e-4,3.165382189173624e-4,-7.430318690555414e-4,1.860082578107417e-4,6.824279893110004e-4,5.735635733004796e-4,-2.891624261858034e-4,6.44287140999511e-17,-1.1709383462843448e-17,2.90532300908225e-18,8.239936510889834e-18,12/03/2021,98.1.7.4,NHMUK.98.8.7.4.Peninsulae.CRANIUM.VENTRAL,variegatus,Female,Peninsular SEA,1.589617,103.54477,5800,100.00%
NHMUK.98.8.3.1.Peninsulae.CRANIUM.DORSAL,-0.009474694204024907,0.010109186153265087,0.006182608818262475,-0.0031505762511890942,-0.0014073369031992141,-0.001185256854247666,0.0020707313444981493,0.005251592612616991,-0.0011021573914337538,0.0015615774707062784,-0.008417034926477988,4.926493801270071e-4,0.013114935757668589,0.008061529359424146,0.0059304360957094975,0.005477299062799148,-0.0029995235666876972,0.002632753141786664,0.0019152272287032209,0.007495765645242333,0.0018542624142579881,-0.004481529747605943,0.0031880894765251933,0.004749284344945859,0.00061625518423633595,0.002361179735089376,-3.846367926786229e-4,0.0013629822654200963,4.7031175746529985e-4,0.0020967479511461115,-5.29775953810429e-4,-0.0016328544306771537,-0.002000156204398319,3.4647651618949926e-4,-0.0011514584175363167,-9.270515454200211e-4,4.5436794767648384e-4,2.2725654401257867e-4,-6.098637220230962e-17,-3.69712940817557e-17,-1.2220144330037791e-17,6.342582709040201e-18,12/03/2021,98.8.3.1,NHMUK.98.8.3.1.Peninsulae.CRANIUM.VENTRAL,variegatus,Female,Peninsular SEA,5.425962,100.252069,7500,100.00%
NHMUK.0.2.2.6.Borneanus.CRANIUM.DORSAL,0.0030951120219819416,0.02217296936365546,-6.722874576579752e-4,0.002267775818248303,0.0031431423161922957,0.013494745174983929,0.021519620254774434,0.006945368562455926,-0.0214385963860903,0.004543394265724053,-0.0043016214069283186,0.0035595495524368935,-0.004603547982505884,-0.0031429860509435124,0.003786098523201388,-0.007027314134621841,7.841081239816433e-4,0.003075036891406285,1.9642480008523694e-4,0.004355017387642699,-0.0062287430567002635,9.227970939378625e-4,0.003473788838599715,0.004022745196398856,0.004577839103166995,-5.234175482356522e-5,-4.5303780845752515e-4,-0.0017365959635563207,-6.417022355821962e-4,-0.0024831907566356982,0.00120050728155356,5.439087120406893e-4,4.963369033142386e-4,-1.4915588986710458e-4,-3.325053347082906e-5,7.98686786982911e-4,-0.001222451485592967,-1.323507994387726e-4,1.242495689668388e-16,-5.681219383824043e-17,-1.4182719668826005e-17,1.713039432527097e-17,19/03/2021,0.2.2.6,NHMUK.0.2.2.6.Borneanus.CRANIUM.VENTRAL,variegatus,Male,Borneo,3.333439,114.151928,5000,100.00%
NHMUK.0.3.30.4.Borneanus.CRANIUM.DORSAL,0.02169068226420168,0.0037960844355271533,0.01351057869674727,0.026829715629047946,0.008058734851081877,0.0037690574049830203,0.004285359709276069,0.001837613538526161,0.009538948686812966,-0.003565350669840283,-0.014926560048842153,0.0027592755841527967,-0.001507359521182553,-0.0022869015912928637,0.004288835135944936,-0.0018784738570080768,0.010357644986944825,0.002658060705240176,4.246377178909926e-4,0.0067486820084005856,-0.004671144621090917,0.0012694375991800875,-0.001469864315861365,-0.0021352822990983763,-0.003805675542523998,-0.001855051359574907,6.455702509956851e-5,0.0018397935372483454,4.116839829957935e-4,0.0014557732169423359,-3.594614395480373e-4,8.96031260476259e-4,-0.0018672005350568821,0.001123514683851799,-8.014470030740686e-4,0.0014427559501304795,-4.932820139133819e-4,-1.0626929516581656e-4,5.063224145507306e-17,8.101700733897932e-17,-2.3837624718104147e-18,-6.532318089225164e-18,19/03/2021,0.3.30.4,NHMUK.0.3.30.4.Borneanus.CRANIUM.VENTRAL,variegatus,NA,Borneo,3.670523,114.442385,115000,75.00%
NHMUK.0.8.4.4.Borneanus.CRANIUM.DORSAL,-0.011547108061701065,0.022102229412275548,0.023926925173154662,0.016016068844582867,0.003131943874483709,0.005848842346011046,0.006296312556262048,-0.006475933621145961,-0.0026223802440121266,0.00678838639095174,-0.004508525847494319,0.0038135823546571234,0.0019079407654656864,-0.007163544245573008,-0.0042713220177114,0.003281188870469957,7.731894568250373e-4,-0.005575846208368113,-3.709020752646346e-4,-0.0013057424942631455,-0.007087509739516252,4.526553050698753e-4,-0.0014629703740070266,-9.324479166772909e-4,0.0012045019206032195,0.0017176525899694236,-0.003333436157735007,0.0017952951944867387,0.0012669144170074616,4.407231054554672e-4,-0.002584271475828749,9.215419659990622e-6,-0.0011811136352919047,2.291596905403572e-4,9.55013195358312e-4,5.912793768736948e-4,-3.603454812650992e-4,2.8606627426612746e-4,5.89128355474311e-17,1.5178830414797062e-17,-1.5172477667692655e-17,1.1546753136970622e-17,19/03/2021,0.8.4.4,NHMUK.0.8.4.4.Borneanus.CRANIUM.VENTRAL,variegatus,Male,Borneo,3.670523,114.442385,115000,75.00%
NHMUK.8.1.25.25.Aoris.CRANIUM.DORSAL,0.008364726109854873,-0.01258927921484714,0.03012470217567097,-0.0031269644261755544,0.0025876951597491966,0.004009054439432164,-0.007048181751883271,0.0014407124689669209,0.001457753245425133,-3.5306151369292685e-4,0.00880120446561618,-0.007623125861475163,0.0075424677760005596,0.007574159995344913,-0.0019233307661076504,-5.818844906219175e-4,0.004451744805161831,-4.185183833806523e-4,-0.0026571489530882913,0.004562003993739952,9.955308008109127e-4,0.002238337728102728,4.6523832009817456e-4,0.005557788000485355,-0.0029517292714775693,-0.0018434599948696664,-4.953581402245884e-4,5.06217116587862e-5,-0.0025618811543352115,6.680143451646506e-4,0.001082767088210508,4.32981038958702e-5,1.2318162560846606e-4,-2.017599588265059e-4,0.00101904440906071,5.028261983704768e-4,6.085175258739035e-4,3.347567890364927e-4,3.507394027990607e-17,-3.572446158339737e-17,-2.2575969143168867e-17,1.5287250632045613e-17,19/03/2021,8.1.25.25,NHMUK.8.1.25.25.Aoris.CRANIUM.VENTRAL,variegatus,Female,Peninsular SEA,2.448942,104.520053,2630,100.00%
NHMUK.8.1.25.26.Aoris.CRANIUM.DORSAL,-0.012772846241929576,-0.020813302021209616,0.01980793660156679,-0.0067775795839155484,-9.229267992424925e-4,-0.008274949922194434,0.0035972225181504385,-0.008776310061457132,-0.003164521832647384,-0.008461905939744108,-0.0021319926667417717,0.0012954284882822835,0.0034006197167203794,1.0519737861008346e-4,0.001308538279795591,0.0015364231133380357,-0.001710050419206239,2.0710867571034137e-4,-6.146008742443111e-4,0.005751977285336283,0.0025030004972002693,-0.0017298337742270686,-6.776001289176067e-4,0.0020872661392545492,0.0010664229406972708,-0.002138759222257733,0.0057704109597496904,-0.0034139488093533547,-3.3625291275662554e-4,-0.0016218362188683954,8.059053025864484e-4,-8.009262528929838e-4,2.353094803672795e-5,2.828844987778898e-4,-8.153986748629988e-5,2.3353391593469714e-4,4.171820697085715e-4,7.414822127732968e-4,-2.879912020664621e-19,7.287193851818197e-17,-5.915794570654281e-17,2.2158381900172497e-17,19/03/2021,8.1.25.26,NHMUK.8.1.25.26.Aoris.CRANIUM.VENTRAL,variegatus,Male,Peninsular SEA,2.448942,104.520053,2630,100.00%
NHMUK.8.7.17.6.Borneanus.CRANIUM.DORSAL,0.0025386876306565,0.011937889728477882,0.01925008732912834,0.0026436251583680857,-0.011737980347017762,-0.0015024194197546688,0.012422606739346302,-0.007720787757382446,-0.00831620425635339,-0.004120370646242009,-0.0042361997241885645,0.004011689449921756,-0.001216449349374284,1.9248882054642068e-4,0.00836944195254093,-0.010205591969255698,-9.045639390108506e-4,-7.223261417015567e-4,0.00509545432703162,-1.0755104240646701e-4,5.79693192121206e-4,-1.7966027541316433e-4,-0.0017158114396586448,0.001784590156223824,0.0024088798244573362,-0.0020843726797832272,-0.001750441256677918,-0.002645224083961395,0.0016494573587720477,0.0011551772484210798,-5.717658107347058e-4,4.5272059141628746e-4,0.0023311168222642444,5.567311096987817e-4,2.3867475927340145e-4,-6.92664006339911e-4,7.05657355736609e-4,-6.363985866899921e-4,8.742735268379986e-17,9.703609443745265e-18,-2.5173819192397806e-17,8.565197162635485e-18,19/03/2021,8.7.17.6,NHMUK.8.7.17.6.Borneanus.CRANIUM.VENTRAL,variegatus,NA,Borneo,5.304512762,116.9350579,253000,75.00%
NHMUK.9.11.1.10.Pumilus.CRANIUM.DORSAL,-0.007927564522606385,0.009063720675358664,0.010556850620090414,0.0052797471112806015,0.011209003315171304,-7.713244599579662e-5,0.004404519912242107,0.0053780364780347655,-0.0023997275322008953,-0.0030532747761399057,0.010267456991053891,-0.003800620399860212,0.002061600909045067,0.002262617712060235,0.009241950272868527,-0.0012927224919085669,0.0036540676933549242,0.004238607823562541,-0.0030297210891931064,0.0019247846292853408,0.0034063027645599656,2.4506667055976863e-4,-0.003038419324505806,-7.672342401270963e-4,7.65680064437071e-4,1.959755464509789e-4,-0.0024940538799141233,1.2482266744723023e-4,-6.72238895207634e-4,-7.181460301296931e-4,0.00280907077364133,-6.324487512746995e-4,-4.913440370570561e-4,0.0023357143461752976,-4.604550322087522e-4,-0.0010100996898163358,-4.4414658785402915e-4,-1.6145398114386658e-4,-7.484383121938998e-17,-5.814034149953518e-17,1.214009971652226e-18,-1.883801274693564e-17,19/03/2021,9.11.1.10,NHMUK.9.11.1.10.Pumilus.CRANIUM.VENTRAL,variegatus,Male,Riau Archipelago,6.239468,99.810481,6960,100.00%
NHMUK.50.10.24.7.Borneanus.CRANIUM.DORSAL,-0.0036783497163923365,5.879551355277449e-4,0.008509404766728517,-0.017300789662384745,0.009984347341064645,-0.020799212400565932,0.0015847527872094665,-0.014330958268403596,-0.013430077493857499,-0.008595827747913856,0.00476659507191697,0.008165182724996311,0.003868095396792213,0.0025794500971862543,-0.0013804429141633988,-0.003915507709133576,-0.007009830722938175,-0.007795449753252042,-0.0045280181710795325,0.0020741652049708573,0.002198520703786219,-6.00538605861784e-4,0.0012716641122213523,-0.0019109290998075654,-8.503377347058323e-4,-0.0019250692063005504,2.971173355420205e-4,6.170737746685431e-4,-7.995686661273713e-4,0.0016658018145126457,-6.10474237084866e-4,-2.7734257100796587e-5,2.8578182749286485e-4,-8.72844528217092e-4,-6.590806337567126e-4,-8.761132858646179e-4,-2.4247699370220916e-4,2.564036502482083e-4,7.352245982167327e-18,-9.50574254726666e-17,2.637830004339342e-17,8.40256683676266e-18,19/03/2021,50.10.24.7,NHMUK.50.10.24.7.Borneanus.CRANIUM.VENTRAL,variegatus,NA,Borneo,2.462345332,113.2457313,325000,75.00%
NHMUK.51.183.Natunae.CRANIUM.DORSAL,0.027529469493115473,0.030864496520348988,0.0073105155749779585,-0.005878682035560103,-3.991439671666426e-4,-0.004306266715335225,0.008733909582372811,-0.0033049088350442153,0.008440848298585343,-0.004466613975037067,-0.016895306889971044,0.00566754540479014,0.002524290238345092,7.957060015548139e-4,-5.723828437003125e-5,0.007069518267503942,9.997573007505896e-4,0.002387159338298046,-0.0015730058282144635,0.0024224668050566722,0.0015425296531070656,0.0016657481208912006,-0.0023770887074480215,-0.0023500881027578215,0.001555839174912776,-6.307248686504147e-4,-4.934334420722969e-4,5.838295993411042e-4,-0.0032460095173890745,-2.2443671032787023e-4,0.0018919868621981068,-0.0013967234984837112,-1.7525707800155918e-4,2.8647486498648816e-5,8.113049409344783e-4,-9.695308635851371e-4,-3.351258360111343e-4,-2.1452775733240114e-4,-1.382353534754282e-16,-9.468981317355823e-17,-1.9457035012700923e-17,1.4907779871675686e-17,19/03/2021,51.183,NHMUK.51.183.Natunae.CRANIUM.VENTRAL,variegatus,Male,Borneo,2.468095081,114.4048301,100000,75.00%
NHMUK.55.1430.Peninsulae.CRANIUM.DORSAL,-0.006210670137405473,0.009322281326619846,-0.0028917275975880474,0.0040879654048206916,-0.008855591188402106,-6.605610797801863e-4,0.008872965402326783,-0.01002576269409957,-0.0020128763552078113,-0.005243852778298484,0.007422189614061779,0.00573949210870401,0.005327275434938291,-0.014692215689634299,0.004727615679375766,0.003499335208316623,0.00507881226961815,0.0032295103868689823,-0.0034536565044551368,-0.008297655122653697,-0.003448422173086293,-0.003799374679206831,4.000843881399628e-4,0.002693168742361253,-0.0015682171417928646,-0.0011108983954049262,-0.0028709312852152748,-0.002886817113506218,-0.001052589531079045,-8.149995077756551e-4,-0.001152033360513567,-0.002633503164432718,0.00126627794366136,7.495123751579297e-4,4.2181281957475944e-4,-3.305764161574417e-4,1.578514348305812e-4,4.1418885088214633e-4,1.2217603231196028e-17,-7.209944447028604e-18,-9.167014071659665e-18,2.2876665839444144e-17,19/03/2021,55.143,NHMUK.55.1430.Peninsulae.CRANIUM.VENTRAL,variegatus,Male,Peninsular SEA,10.28768056,99.119288890000007,5000,75.00%
NHMUK.55.1444.Aoris.CRANIUM.DORSAL,0.011542101767505501,-0.009911380120515866,0.004743166143388893,-0.01519613741377281,0.01877745038880808,0.003742516568944586,0.0029480356393280795,0.005282907484204354,-0.007877652470323585,0.004017219691463103,-0.002773189449525087,0.003276147118377447,0.005156329544059712,-5.368049978601711e-4,-0.007533828763239341,4.719699612897837e-4,3.318477048169419e-4,-0.002909199327142213,-5.161340500044898e-4,0.0013441750745101164,0.0033391340854359093,-0.005810589785578369,-0.005988663689939027,-6.802389985048978e-4,0.0013763242870584189,-0.0010419755063003128,-0.0031970888427261005,7.31958049190655e-5,0.005589343137367831,-0.002384539835309785,-0.0012453624840107896,4.0624887861197886e-4,0.0013067643875413887,2.380951861557628e-4,3.95695041053091e-4,7.273123819036541e-5,0.001467830640682388,7.891189039343082e-4,-7.39425881635114e-17,6.396792817664476e-18,-1.043544591017298e-18,-5.5294310796760726e-18,19/03/2021,55.1444,NHMUK.55.1444.Aoris.CRANIUM.VENTRAL,variegatus,Male,Peninsular SEA,6.620034565,99.6490535,13200,100.00%
NHMUK.55.1445.Aoris.CRANIUM.DORSAL,0.004669447610701429,-0.027695308502245556,0.01753232241731786,-0.006112536833178252,0.004705258421442723,0.018177118384815102,0.009272116052045502,-0.0036377790739379936,-0.012270357769646289,0.0011549307250629955,-0.00779772828475672,-0.004873147997005388,-0.0015471147078497654,-0.0015261400047823957,-0.004255046832441629,0.007257094107114877,0.002355730188461848,0.0015096621645254915,-0.010271607643047674,-0.005228975123368278,0.0026248590933908226,0.007123553649075142,-0.0026959676712464894,-0.0031096164136054536,-2.0293682318736258e-5,-8.505904743645936e-4,0.0029226375764516187,-0.0026714840002357615,5.817454601032985e-4,7.180680562424842e-4,-0.0011921919063396923,9.02482590134076e-4,-2.273717897181514e-4,0.00105398599712158,9.83320489148123e-4,-0.0010624737015737119,-5.604155256058494e-4,1.473140063868584e-4,5.666989230310171e-17,-2.8866882842426556e-17,8.269265026688514e-18,-1.22514845490862e-17,19/03/2021,55.1445,NHMUK.55.1445.Aoris.CRANIUM.VENTRAL,variegatus,Male,Peninsular SEA,2.448942,104.520053,2630,100.00%
NHMUK.55.1446.Aoris.CRANIUM.DORSAL,-0.005805804501099307,-0.03802862743369969,0.011186684362419165,-0.005829987700252846,-0.00858858533587773,0.010468605461517812,0.009840109451217872,0.005003940115187918,0.005826567352241728,0.009316785476141414,-0.005440008188066603,0.0044876007147664505,0.004670457092386281,1.7320463756064503e-4,-0.002096192542483455,-0.00412623649637018,-9.157630398596301e-5,-0.003022455956285054,3.4832720761749514e-4,-0.0026546732510664764,0.002230496494104699,0.0012640702170920732,0.004277599610304982,-0.0027732737507276846,0.002947100836574135,0.005356692677385547,0.0030251983907566087,-0.0025685329090415826,-5.285417864015721e-4,1.4602644965530382e-4,0.0019092946541848258,-8.25836899317531e-4,-0.002070872918618624,2.874879058597662e-4,-8.74348337499705e-4,5.229697053263388e-4,9.401057614029199e-4,-4.925609370496262e-4,7.440337408681774e-18,-4.3395191953732315e-17,1.669501939038226e-18,-8.429671891074797e-18,19/03/2021,55.1446,NHMUK.55.1446.Aoris.CRANIUM.VENTRAL,variegatus,Female,Peninsular SEA,2.448942,104.520053,2630,100.00%
NHMUK.55.1447.Aoris.CRANIUM.DORSAL,-5.795070055923692e-4,-0.023899490635689094,0.016694451487547706,-0.013885350089461679,0.0041736401668965835,-0.0020304578457006643,-0.013862107341510785,-0.008048260169293251,0.003285343773485593,0.003765060365717011,-0.011209623202147105,-0.002680617100220445,-6.004727202863966e-4,0.004094419728964561,0.0010264309613452097,0.0014664785104131245,-0.0030517855002309227,-8.571847362542957e-4,0.00317957347860725,0.004326200911911022,-0.005564644669822493,0.0024479248130832073,-0.0012986619299823663,-0.006162780691888768,-4.416172654092113e-4,2.5423434130762387e-4,-0.005544928234559544,-0.002842396746910829,-1.1014103486700502e-4,-8.612590328037824e-4,3.103703204718103e-4,5.616892947599174e-4,0.00199085773673963,-9.526151546688105e-4,-0.0021536264939988844,-1.9603296545529217e-5,3.6419502222881703e-4,-0.00033137314328691774,-4.694595406862234e-17,-3.2038174196946656e-17,8.664723533937865e-18,1.214306433183765e-17,19/03/2021,55.1447,NHMUK.55.1447.Aoris.CRANIUM.VENTRAL,variegatus,Female,Peninsular SEA,2.448942,104.520053,2630,100.00%
NHMUK.55.1448.Taylori.CRANIUM.DORSAL,-0.021826152695137796,-0.005972128482889303,0.005977720000470643,-0.006186492147058617,0.015993199921563523,-0.010004728057631609,-0.009859189329261695,-0.0013078602379433684,-0.0024927817168145594,0.00735168625057766,-2.7564877163264436e-4,0.00833860219000556,-0.002420176729653754,0.0011072764779050176,-0.008805780130027361,0.001384678144250635,0.002305517403838506,-0.0014670068875977766,0.006897388996136405,-0.0023662755401902473,0.006979037200997988,8.441969859156862e-4,0.0034920974316256003,0.005076701772655186,0.0039023603682507447,0.003324116292442205,-0.003797373102486185,4.0691765231250145e-4,-0.001754001406419548,-2.6641307062351882e-5,0.0010824481311187994,-0.0014102608094754957,5.31541129579795e-4,0.001328356181772195,-6.668386251387902e-4,-7.671811350288783e-4,-0.0012324527256863294,-2.2072764551237518e-4,1.1167282376600696e-16,4.380176776841438e-17,-1.4088699011680778e-17,1.0625181290357943e-17,19/03/2021,55.1448,NHMUK.55.1448.Taylori.CRANIUM.VENTRAL,variegatus,Male,Peninsular SEA,2.789944,104.202186,1450,75.00%
NHMUK.55.1449.Taylori.CRANIUM.DORSAL,-0.02351238195701569,0.0019435824835809462,-0.022028667857497512,-0.01263699524687131,0.0036506982462996885,-0.011733011520186546,0.008156894333827793,0.008115878927572632,0.0014340597538947692,-9.832059566859955e-5,-0.005388173666020037,-7.874252310716863e-4,0.012065221355459226,0.0036930843964701563,0.0020548467689390374,-0.008539111098349093,-0.00315754266734169,0.0019041095446033413,-0.0037611377730610764,0.003633566751556215,0.0054370079071903,0.0014299504643068184,0.001697799669874168,1.71768302523393e-4,3.677481367402538e-4,-6.046354658024624e-4,-4.603746950098458e-4,-0.0020044971512270197,0.0010867555912820197,-9.387831242172814e-4,-0.00167290587888205,0.002846120494785548,-0.001307796351088671,0.0011406867422037454,0.0013254781380060334,3.3394098016503927e-4,-4.813923722949669e-4,-2.9954640645737436e-4,6.938893903907228e-18,-2.553296116203363e-17,1.2294471471159356e-17,1.2956215961201778e-17,19/03/2021,55.1449,NHMUK.55.1449.Taylori.CRANIUM.VENTRAL,variegatus,Female,Peninsular SEA,2.803797,104.168595,9730,100.00%
NHMUK.55.1450.Taylori.CRANIUM.DORSAL,-0.015992408695947664,-0.010249787302377137,-0.002808759503012088,-0.00527801214728796,-0.01864007212399227,0.008889173818581588,0.013750455553012882,5.475230616277985e-4,0.011158303914448074,0.0056747270106279595,0.008087619741806844,-0.004842992562583919,0.005429007292631605,0.0103293624157593,0.0022968473320562222,-0.0038711385712944715,-0.0014030389480924335,0.0019368508276349046,-0.007499017944706922,0.0017315517602202249,-0.0026563922601377256,0.0023833189520113453,0.0024833103571226408,-0.0021500431346777233,0.0035083103725574985,3.958174661449844e-4,-0.0025519269693642524,0.003364955561456008,0.0022727135747454357,-3.68576223988569e-4,1.9004093727591052e-4,-0.0014684559191471057,9.75209313864822e-4,-8.345595533976486e-5,0.00130981142554872,0.0011704752834308875,-3.7806675089826044e-4,1.6287029514687435e-5,3.452506293008528e-17,1.9949319973733282e-17,-5.1183659903735607e-17,1.0842021724855044e-19,19/03/2021,55.145,NHMUK.55.1450.Taylori.CRANIUM.VENTRAL,variegatus,Female,Peninsular SEA,2.789944,104.202186,1450,75.00%
NHMUK.55.1451.Taylori.CRANIUM.DORSAL,-0.015539046418904866,-0.007604745404782742,-0.024881067036690935,0.020036809827374668,-0.009196881440942328,0.0024643935073362998,-0.012475339250603115,-6.094910483869776e-4,-0.0035520990510281045,0.004413097017638652,0.002952846048623404,0.010046896499728227,0.0014794273947314805,0.011342928191738318,4.6812724343184384e-4,-0.0015982383716909075,0.002938433017821797,-4.2541291179330114e-4,0.004606858246796968,-0.003242875085093281,-0.0025800080917220886,0.004110732158500141,0.0015164371222831292,-0.002550274873422625,-0.002245007763635617,0.0017357554027178377,8.651521130417495e-4,-0.0015260944802143305,6.55115414579062e-4,-0.002146993234535093,7.088259144291365e-4,0.0012410934055592298,-1.8000736384321813e-4,-1.0275645177634565e-4,0.0011102477144725744,-2.3239202288607535e-4,-1.7939706266302828e-4,0.0010640360424078665,4.357137480676121e-17,-8.291436114082895e-17,-3.6674832550216696e-17,1.5720931501039814e-17,19/03/2021,55.1451,NHMUK.55.1451.Taylori.CRANIUM.VENTRAL,variegatus,Female,Peninsular SEA,2.789944,104.202186,1450,75.00%
NHMUK.7.6.18.3.Tellonis.CRANIUM.DORSAL,-0.008379890406036436,-0.018645252068584243,0.011726065051293881,-0.008026847014904531,0.015403477475521529,-0.002428626158983511,0.0025611984641412356,-0.006912940571023732,0.012696297743483794,-0.004318551505711626,-8.865050808439354e-4,-0.008485927911748126,-0.006530731253593736,-0.0017984813319283793,0.009006782067717116,-1.1293339824534508e-4,-0.0049490350545710006,0.00316625348619764,-0.003897174077119222,-4.951382664312451e-4,0.0020488514123902604,0.0011581124047778573,3.6884690000650095e-4,1.5855385591886253e-4,1.476766463202597e-4,0.0047299716267770325,-2.4413623861395926e-4,0.003781805453210601,-6.714760523885323e-4,-0.0020657385049951144,-0.001331506012517666,-3.3963723515722177e-4,-1.0946427510647166e-4,-0.0013309286907680596,-3.598245737523415e-4,-0.0015606311091471796,-3.107349472457045e-4,-1.7530484191354278e-4,4.6024382222009663e-17,4.618701254788249e-17,-2.910574613355227e-17,4.336808689942018e-17,26/03/2021,7.6.18.3,NHMUK.7.6.18.3.Tellonis.CRANIUM.VENTRAL,variegatus,Female,Sumatra,-0.063028,98.276616,3040,100.00%
NHMUK.7.6.18.4.Tellonis.CRANIUM.DORSAL,0.004396760043355173,-0.01356777674182147,-0.0035127447557470924,-0.006585476803878831,0.0033531392607644233,0.0017567054227063607,0.014073712355352012,-0.006695034604328553,-0.0034573932221401097,0.005021533843688268,0.0021178074033140824,0.0015033492282018448,-0.0014080158972897428,-0.012002512152768518,0.002808207951495569,0.0024289660756509385,-0.006130784736559827,4.925616186639973e-4,0.006012645301540425,0.004161917621837523,-1.3873000950458423e-4,0.002829352470480421,-9.229691034145231e-4,-0.0012650131504567523,-0.0038034780839898822,6.036522433610209e-4,0.0014629146598114315,0.0022794567516591048,0.0017747758621018419,0.0022248832083225072,0.0027092443936144735,-0.0021966736036803437,1.8046598583328625e-6,0.0023983181433677317,0.0016218140813127327,-4.547184767248358e-4,-1.6367014336859226e-4,1.7393344635638488e-4,-1.0753930298340597e-16,3.485709984540897e-17,1.7462431240594656e-17,5.041540102057596e-18,26/03/2021,7.6.18.4,NHMUK.7.6.18.4.Tellonis.CRANIUM.VENTRAL,variegatus,Male,Sumatra,-0.063028,98.276616,3040,100.00%
NHMUK.9.4.1.93.Peninsulae.CRANIUM.DORSAL,-0.01857720558428361,0.016118090822284437,-0.01355967212514931,0.016279822871222243,6.283759912553716e-4,0.008071660412163752,-0.009710031840692003,-0.008295292698028037,3.4262241219270835e-4,-0.004380076222745632,0.007788484480825676,-0.007347527118745832,0.012140971437573068,-0.008699947164936505,0.002394646990287221,0.0033976598944572218,0.0023498646143587337,-0.005710037997013472,0.004279515305787849,0.0039137637766976,-1.78866311442609e-4,2.440980072337947e-4,-0.004843979395904588,0.0020869240218247278,0.004204571432248005,0.003598044711561424,0.002389738641210536,-0.0013118168146300931,4.0294421579958146e-4,-1.5864396880423847e-4,0.0017955983859884036,2.404698704530105e-4,-6.717949373872391e-4,-4.675553605412836e-4,-7.266348538959992e-4,6.09902683825666e-4,3.6615492180039116e-4,-1.1240588616919843e-4,-1.9447876468958736e-17,-1.0842021724855044e-18,1.8239583969700476e-17,-1.7889335846010823e-18,26/03/2021,9.4.1.93,NHMUK.9.4.1.93.Peninsulae.CRANIUM.VENTRAL,variegatus,Female,Riau Archipelago,1.004349,104.451249,27700,100.00%
NHMUK.9.4.1.96.Chombolis.CRANIUM.DORSAL,0.012366490029217332,0.004777212709084968,0.003610051520293667,0.01415573009792764,0.01659350489201091,-0.014916859358093268,-6.97147970594906e-4,0.01362100645193491,-0.007460647837529571,0.006269551985665883,0.010401520839234304,-0.011014620875135505,-0.008223702758734634,0.008692180443271746,0.0031373256483367817,0.0061264430153072265,-7.94961129292327e-4,-0.0036829930624461037,0.006701597990686327,-0.001798766659212062,-0.0021996969175403147,-2.988365209758444e-4,-0.0015597147735002378,-0.002210096703663853,0.0023706104798331185,0.0016921843179334168,0.001765107242730044,-0.003010955965326343,-0.0011181202355966837,-0.0011048350793337993,-5.969774441047193e-4,-8.251088757088072e-4,0.0016161812744339501,9.233186462114827e-4,7.129505964060212e-4,6.454861651354926e-4,3.6144907573837934e-4,3.1574699744023235e-4,1.8973538018496328e-17,2.992397996059992e-17,1.4305539446177878e-17,-6.505213034913027e-19,26/03/2021,9.4.1.96,NHMUK.9.4.1.96.Chombolis.CRANIUM.VENTRAL,variegatus,Male,Riau Archipelago,1.05586596,103.3631257,11120,100.00%
NHMUK.9.4.1.97.Chombolis.CRANIUM.DORSAL,-0.013563915819181012,-0.0046154244759536184,-0.008022751855491646,-0.007114317628089549,-0.00946827693168647,-0.00931420858052131,-0.002164050802523877,-0.010208789279499442,-0.008129071182121434,0.01363329157099739,0.006956993348427995,-0.012921214997506775,-0.002056579220063044,-4.2089881371753824e-4,0.004121880236612389,-0.0019549808929886243,0.005296623175365865,-0.004723881685174439,-0.006963248746909764,0.003955245478544843,-0.0034483244049732793,-7.679685780036803e-4,-0.003288018985040765,0.0022501902083064875,1.0544405711902652e-4,-0.0014572676195735755,7.71959286079716e-4,7.095249848654163e-4,4.1204869733098395e-4,-4.4160592849247255e-4,0.0010376982367170714,9.904366593052804e-4,-0.0019357412677856324,-9.756451233418795e-4,-0.0014756498605857187,-6.303417324987832e-4,-2.3064562944485775e-4,6.448306226950356e-5,-1.0245710529988017e-17,5.843849709696869e-17,-2.961650700074661e-17,2.992397996059992e-17,26/03/2021,9.4.1.97,NHMUK.9.4.1.97.Chombolis.CRANIUM.VENTRAL,variegatus,Female,Riau Archipelago,1.05586596,103.3631257,11120,100.00%
NHMUK.9.4.1.98.Chombolis.CRANIUM.DORSAL,-0.003702023797429818,-0.006052978376955921,0.0047822902123744945,0.019716990433539337,-0.00453798855621447,-0.011454287328962408,-0.01196819160224115,-4.522916775880657e-4,-0.005237955927657568,0.010279672175634715,0.0022847715740931993,0.004785502055294815,-0.004566875322536365,-4.995783800122537e-4,0.00666524780757746,-1.1007443625561856e-4,-0.00660619130818251,-0.0021983495574188954,-0.0016526351822525563,9.63823757532949e-6,0.0013146650940334713,9.047500029600895e-4,-6.69189840869571e-4,0.0021243785645562764,-0.0016235548979007374,-2.0653724809085961e-4,-0.002569542762692639,0.0018476150269171189,2.7885594597997366e-4,0.0016910235183410587,0.0010434496794655252,-5.988796119031163e-4,8.350335899625002e-4,-4.7798237411783616e-4,0.001147919356814841,0.0011638804983999547,1.8147370975932968e-4,5.4304995788177e-4,-4.030521576214863e-17,-5.735429492448318e-17,-1.2519146960418559e-17,4.228388472693467e-18,26/03/2021,9.4.1.98,NHMUK.9.4.1.98.Chombolis.CRANIUM.VENTRAL,variegatus,Female,Riau Archipelago,1.05586596,103.3631257,11120,100.00%
NHMUK.19.11.12.9.Temminckii.CRANIUM.DORSAL,0.008193376708470274,-0.004435282789393182,-0.021269095470688743,0.006164244507104665,0.0053971271181772265,-0.009390880078605833,0.01261940556925244,0.0034354223980921426,0.004295314207869624,0.0021447506639152517,0.004242457518503718,-2.962149529850639e-4,0.004140977350239187,-0.005466535048111321,-2.7112692407104023e-4,0.00671092826355081,0.002914986199896431,-0.0017681564879081166,0.004279412705601185,0.006363565017627045,-7.784491899607928e-4,0.0019097436535325774,0.0017333178747661595,-0.0017776447172644788,1.2864059299678595e-5,-0.002252597431715444,0.0011874865298941465,3.059637635692269e-4,3.940209369300921e-4,0.0019372091885832092,-6.482512638570089e-4,0.0018009493558934061,0.0010131676823596613,3.1052645625198497e-4,8.940538776963262e-5,-8.482194166224074e-4,9.57768180746883e-4,3.5919142055696084e-5,1.6208144852300488e-16,-5.263801547417124e-17,-3.2799233300054645e-18,1.1844908734404136e-17,26/03/2021,19.11.12.9,NHMUK.19.11.12.9.Temminckii.CRANIUM.VENTRAL,variegatus,Male,Sumatra,-1.895761824,101.3143701,4000,75.00%
NHMUK.19.11.12.10.Temminckii.CRANIUM.DORSAL,-0.0014557905611826752,0.009949350964716623,-0.01195569213793849,0.010290658992858212,-0.019889823749605927,-0.02305251989080822,0.008925386488780673,-0.004540947334797966,-0.0055797085936555215,-0.002218750963632312,0.0014697655545083668,0.006531606568715045,0.004417386161048173,0.004345144688038401,0.007597243888953463,0.0074107312880450195,0.0023752920263973736,-0.0011590234188417442,0.0016447191474883945,-0.0032290023228190236,3.861307642966839e-4,0.0034390122086385487,0.0012739675548171952,0.002966059008079317,-0.001406209052566258,-0.002819561289978579,1.7322154087201613e-4,-0.002236638565420878,0.0011018333808066533,4.508804034444651e-4,-8.893212353792391e-4,0.0020339190960542686,-9.107064212092551e-4,-0.0011296644880640155,-7.371028720807762e-4,-7.820335638027422e-4,-8.879040138283252e-4,6.467826571846773e-5,-1.6463609989192385e-16,5.046961112920023e-17,-2.617331807015788e-18,-2.7430314963883262e-17,26/03/2021,19.11.12.10,NHMUK.19.11.12.10.Temminckii.CRANIUM.VENTRAL,variegatus,Female,Sumatra,-2.706140547,102.5892621,10000,75.00%
NHMUK.94.9.28.35.Borneanus.CRANIUM.DORSAL,-0.011580285380624477,-0.01490630559593809,-0.004133592621560576,-0.005106089460332769,-0.0011972415437778747,0.003821996390538939,-0.0017012616173365937,0.01261733807461054,0.0027548684057449872,-0.0066352218927571635,-0.0016916610165694144,-0.008926402025901158,0.0014734377184915505,-0.0018650784706358253,-0.0048005085428245034,9.450066910872516e-4,-0.0021994435291195977,-4.667500751183802e-4,-0.004764324419926084,6.391701693914704e-4,-0.005228911023085921,9.878422557278083e-4,-0.0033252015999037186,0.0038697975323688637,0.0014825896928477413,0.002782619969999074,-3.911293172931455e-4,-0.002984178625420678,-0.003046233448607065,0.0036548339989776937,-0.002636025497059472,7.088842686073779e-4,0.00024284852127325702,-0.001347019765056225,8.634312247899499e-4,9.137971927838226e-5,1.0390622136938047e-4,-2.3766742043755876e-4,-6.602791230436722e-17,5.876375774871434e-17,-3.211610122809405e-17,-1.6479873021779667e-17,26/03/2021,94.9.28.35,NHMUK.94.9.28.35.Borneanus.CRANIUM.VENTRAL,variegatus,NA,Borneo,3.939719,108.182629,32300,100.00%
NHMUK.9.4.1.89.Peninsulae.CRANIUM.DORSAL,0.003788351196240995,0.020333514612275054,-0.015704506076506114,0.019485935700053785,-0.0032220822008776897,0.009917740780450822,0.0040424930755109485,-0.006400769400703086,4.1374505795825807e-4,0.010656024379683724,-0.007481647871843683,-0.012878581543223112,2.134485574351185e-4,-0.00625248557479799,-0.001973214008948246,-0.0025116300789643,-0.001935265299038092,0.0022904345840857425,0.0034374240002837397,4.719162691102462e-4,0.00925715779930517,-3.936293065681462e-4,-0.0021399166085629274,-0.003148373147852643,-0.0015067693608432,8.910208967659125e-4,-3.8531013320283714e-4,0.0015685991904007574,0.0013025989538755023,0.002959999616957604,1.8237503314054215e-4,9.666632345418629e-4,0.0012682207411715428,-8.096930173849739e-4,-7.772929904245913e-4,-3.4214247425800535e-4,4.1502417053563287e-4,-1.236051932094157e-5,9.912318361948724e-17,8.131516293641283e-20,-2.5163231280557127e-17,2.0057740190981832e-18,07/04/2021,9.4.1.89,NHMUK.9.4.1.89.Peninsulae.CRANIUM.VENTRAL,variegatus,Male,Riau Archipelago,1.004349,104.451249,27700,100.00%
NHMUK.9.4.1.92.Peninsulae.CRANIUM.DORSAL,-0.005260835636376005,-0.006369231039365148,0.0017958192905504601,0.03510280980448673,-0.004180043737276067,-0.010037905909315891,-0.002142830559007248,0.011859811662387188,-0.003509131411142662,-0.009689262118731834,-0.0031929841200713945,-0.0019007728276715281,0.006906393925147316,6.036184363388836e-4,-0.008870699963698889,-0.00136856701824381,0.0036979075873359115,0.0025995127195822987,-0.0024199886184754905,0.0021303924762627385,0.0011463314814540635,-0.0019763679994356746,-8.094417326303015e-4,-0.001220353913760492,0.0015315396820623213,0.0017975650327441244,-8.580366904594967e-4,-0.0014649065322996208,-0.0012733234034789272,-1.3093617832399067e-4,2.2721910249190642e-4,-5.647912919277262e-4,0.0013649484358007884,-1.1107005118763018e-4,2.585710927835359e-4,3.885622482599699e-4,4.3408508688236373e-4,-4.7689860213893595e-4,-1.1621292036329e-16,4.220256956399826e-17,1.2683683110422707e-17,1.0164395367051604e-17,07/04/2021,9.4.1.92,NHMUK.9.4.1.92.Peninsulae.CRANIUM.VENTRAL,variegatus,Male,Riau Archipelago,1.004349,104.451249,27700,100.00%
NHMUK.9.4.1.94.Peninsulae.CRANIUM.DORSAL,-0.02335916344531618,0.0024251602997006102,0.003757060488327272,0.009430759696098655,-0.003939904595502557,0.011652055388952738,-0.015789323781760303,0.013881056749495942,-0.0017554865204634507,-0.002769632054897429,-0.004088972452509858,0.005972517978516201,0.0019288290570756098,-0.00506190925177301,0.010346261735393863,-8.80970976054546e-4,-7.047493149846821e-4,0.0023916177120464543,-0.0028769893445374324,0.002311257562022245,3.080435766433734e-4,0.005289260357967397,0.0020764323898892073,-0.002432405616694875,-0.0019398997597486246,-5.842700278334944e-4,-0.0020333405269085648,-1.5081017107710086e-4,-0.0013258783703939004,-0.0016148154174607954,1.814297429316319e-4,-9.840292300452957e-4,0.0012234263472318324,-5.516732507009942e-4,9.855081330141784e-4,-1.2221483563237592e-5,4.1328868113660474e-4,-2.55170221013934e-5,-1.1053441148489718e-16,-3.3610267347050637e-18,-4.3548081400711716e-17,-1.745565497701662e-17,07/04/2021,9.4.1.94,NHMUK.9.4.1.94.Peninsulae.CRANIUM.VENTRAL,variegatus,Female,Riau Archipelago,1.004349,104.451249,27700,100.00%
NHMUK.9.4.1.95.Chombolis.CRANIUM.DORSAL,0.008380814177050187,0.023011585910848724,0.016561089730099284,0.017737892833165018,0.0056212139028845075,-0.0038913967530775635,-0.005656311038119231,-1.2455833219444197e-4,-0.001571234113463218,0.009861639452182117,0.005936988507095351,-0.009803474002959866,-0.00918839727794926,-0.0023606203013362996,-0.0025386809653747634,-0.0014401895287534012,-0.0064505481480046836,0.00141465313855385,-0.002620707898827717,-7.668441333037424e-4,0.0014519628093091186,-0.001406764823911495,0.0025788862333961764,0.0026867065318305727,-1.555063868535104e-4,-9.976105663116034e-4,1.0785251051159025e-4,-0.0028265893412123665,1.911706378064447e-4,0.0022513491325197935,-0.001038613559544033,-0.0013100900566165147,-5.764777431455184e-4,-2.9820461312459075e-4,-8.980941409467145e-4,-9.550840306175287e-5,-2.7564837575925105e-4,3.1404563855129007e-4,-1.1226913496087398e-16,-2.5261910618912253e-17,-5.3566363584361953e-17,-3.155028321932818e-17,07/04/2021,9.4.1.95,NHMUK.9.4.1.95.Chombolis.CRANIUM.VENTRAL,variegatus,Male,Riau Archipelago,1.05586596,103.3631257,11120,100.00%
NHMUK.9.11.1.13.Pumilus.CRANIUM.DORSAL,0.028194365376473796,-0.03133567450623289,-0.012533299419621377,2.1830898494475676e-4,-0.006798051839335449,6.688075389585572e-5,0.022394857921747887,0.009475380909320185,-0.0025760666736455128,0.00634814134346438,-0.001550908692306958,0.001110083981579966,-0.001366088111134045,-7.214625054286082e-4,-0.006821931985261045,0.009248937224923405,0.0036781469169986773,5.888883027510033e-4,-6.674601909982049e-4,-0.0011703952611323168,0.0016138717676801246,-0.004059101972573785,0.002811099463990563,0.0037662930938596384,-0.008335607075134616,0.001966410715970821,-0.0022155369340714445,-0.002060611589216477,6.752523887368265e-4,-0.0012341633471462865,0.0010365942926866484,7.607422972455747e-4,3.592307002053577e-5,4.0099584919493574e-5,-8.696568191697889e-4,3.361162464964426e-4,-0.00124087234605879,-4.4100782348856606e-4,1.3173056395698879e-17,-8.998878031629687e-18,1.2919370027996216e-17,6.396792817664476e-18,07/04/2021,9.11.1.13,NHMUK.9.11.1.13.Pumilus.CRANIUM.VENTRAL,variegatus,Female,Tarutao,6.620034565,99.6490535,13200,100.00%
NHMUK.55.1437.Pumilus.CRANIUM.DORSAL,-0.0025623273869009567,4.291285561241442e-4,8.26838017476955e-4,-0.016295230622815158,8.374841030012843e-5,-0.0013034033894143745,-0.0013833364836564402,-0.015285127657952494,-8.18333800270685e-4,0.007839432806252107,-8.573288210870838e-4,0.00817369706010047,0.005769230803429644,-0.0014274251385284107,-0.009135041943688317,-8.67231432557072e-4,0.008307858609945176,0.00485574970684832,0.003165279902654473,0.0032675291965276595,-0.002567877860582798,-0.004135711949110211,0.0019739897478550494,-0.0038383142021865806,2.8874446959167974e-4,-3.067827394877716e-4,-0.0014917257175637122,0.001135942831551997,-0.002921042579311241,-2.5771036454810614e-4,-0.0011695223742058374,5.013694167620999e-4,-3.9813956611627185e-4,-4.411417200998354e-4,0.001149404202380842,-5.160816088619007e-4,-2.552078778238721e-4,8.608202906184246e-4,-1.734723475976807e-18,5.204170427930421e-17,-4.958530873226674e-18,-1.1709383462843448e-17,07/04/2021,55.1437,NHMUK.55.1437.Pumilus.CRANIUM.VENTRAL,variegatus,Female,Tarutao,6.539173867,99.30245913,4050,100.00%
NHMUK.55.1442.Terutaus.CRANIUM.DORSAL,0.01797491792194802,0.017548040888333633,1.78400476912524e-4,-0.012153340320825793,-0.003280705454678507,0.017687764878220793,-0.011680958639705396,0.007929768980529574,-0.011632906028422135,0.007893827362090447,0.006961408525070699,0.002747666534283873,7.903991725870038e-4,0.0022729555906876512,0.0031533981713496905,0.006591064905307447,-0.004211545234644617,6.653364642096016e-4,0.0030008469314122526,-3.6202660425637214e-4,-2.4369491781664327e-4,4.954694316013682e-4,-0.002243626097917583,7.92397220092723e-4,-0.001198997410783704,-6.982393546031462e-5,9.584712548425824e-5,1.2051715737538909e-5,-0.0015804643957538999,-0.0010317284720960929,0.0019812884891583487,0.0014525223912332974,-9.428987157320577e-4,-3.880481882057833e-4,9.822034316640015e-4,-9.504023873177355e-4,9.389104836169952e-4,-4.142737790969673e-4,1.4388040455240447e-16,1.0636023312082798e-16,-2.3052001659525784e-17,-8.023096076392733e-18,07/04/2021,55.1442,NHMUK.55.1442.Terutaus.CRANIUM.VENTRAL,variegatus,Male,Tarutao,6.620034565,99.6490535,13200,100.00%
NHMUK.55.1438.Pumilus.CRANIUM.DORSAL,0.014531729326238682,0.006696527065214738,0.014701754673925432,-0.01187200094873825,0.009971581372791269,0.005992231959997791,0.014535421392142232,0.008873068458757757,0.007153769634978407,-0.010846571430347065,0.014399670317982564,0.004661945715377639,-0.0072957296954333705,-0.0036387887003978387,0.0015255270658965417,-9.517974379786718e-4,0.005676931805208477,-0.008460653214070966,0.00468645062891,0.004677673344393736,0.003734870061102348,-1.9949014063378473e-4,0.0015158325902505567,-0.0016072157065244032,-2.2653953582079785e-4,1.849434531187987e-4,0.0014214864424199212,-8.946632243481439e-4,-0.0027891778718473186,6.441092889658194e-4,-0.00110919271665564,9.053417964918509e-4,-3.1492493987347333e-4,2.3601263013935147e-4,8.128707372639255e-4,1.9286463914705513e-4,2.9516457870425503e-4,2.941550144255309e-4,-4.7582922844957576e-17,4.537386091851836e-17,-6.909671267226955e-18,8.239936510889834e-18,09/04/2021,55.1438,NHMUK.55.1438.Pumilus.CRANIUM.VENTRAL,variegatus,Female,Tarutao,6.563125358,99.2176498,5500,100.00%
NHMUK.55.1439.Pumilus.CRANIUM.DORSAL,0.013055187539187881,0.010085092036533912,0.0012026748375958643,-0.022677122792706783,9.610128969569891e-4,0.004207398213235357,-0.010181308778106805,0.005970628243669152,0.006714551217665847,0.009592922856052009,0.004223636441803709,-0.00962931228174689,0.0022552118738057786,7.866036905887452e-4,6.526409990771195e-4,-0.0053342965278228155,-0.002245804753691208,-0.008734724377305433,-9.547114101230228e-4,0.0026250194107454764,-0.003137748746117826,-0.0015521021970512868,0.004632901701322048,0.002959938624875633,-0.005700971810597774,-6.793416063512821e-4,6.751001859954068e-4,-5.124936200819691e-4,1.0642455673972557e-4,-0.0015238433380479603,-0.0011410162542618148,-0.0016288381034518513,0.0016444961951631544,-1.8429490797785934e-4,1.8862366964355208e-5,4.965258633910862e-6,-4.20616937605447e-4,-3.3282800052044444e-4,1.2237932021930131e-17,4.391018798566293e-18,-2.1637456637611102e-18,-1.3877787807814457e-17,09/04/2021,55.1439,NHMUK.55.1439.Pumilus.CRANIUM.VENTRAL,variegatus,Female,Tarutao,6.539173867,99.30245913,4050,100.00%
NHMUK.55.1440.Terutaus.CRANIUM.DORSAL,0.041448238179271284,0.005815100624779196,0.007624553701129834,0.002007058253740661,0.012265937689791513,-0.006119729086921272,0.007272861095018251,0.0022068715895268783,0.013687696830221412,0.018443915481824284,-0.003690678161929904,-0.005249784651634003,-7.471273908160623e-4,0.004627039758260868,-0.005086132498870776,9.156794024704015e-4,3.391794909996822e-4,0.005768513170317294,-0.002281885704394653,-0.002290950222947889,-0.0019564907380661936,-6.348147368522795e-4,-0.002752941157341495,-1.2159486920485259e-4,0.001795124750074527,-0.0014766860798943716,0.002862163231609866,2.6651264527667844e-4,1.715279289355921e-5,-9.519466153307946e-4,0.002937018901930056,1.6902721968371006e-4,7.839653762782531e-4,-0.0023261359679498882,7.003657294708603e-4,-3.635593716471157e-4,-2.4799304090662505e-4,4.564531150817103e-4,2.490276864927643e-19,1.2461548720005267e-17,3.7055097403974674e-17,5.9631119486702744e-18,09/04/2021,55.144,NHMUK.55.1440.Terutaus.CRANIUM.VENTRAL,variegatus,Male,Tarutao,6.620034565,99.6490535,13200,100.00%
