specimenID,PC1,PC2,PC3,PC4,PC5,PC6,PC7,PC8,PC9,PC10,PC11,PC12,PC13,PC14,PC15,PC16,PC17,PC18,PC19,PC20,PC21,PC22,PC23,PC24,PC25,PC26,PC27,PC28,PC29,PC30,PC31,PC32,PC33,PC34,PC35,PC36,PC37,PC38,PC39,PC40,PC41,PC42,DatePhotographed,SpecimenID,CurrentSp,Sex,Region,Longitude,Latitude,Extent.km,Certainty
ZRC.4.966.VARIGATUS.CRANIUM.DORSAL,-0.003792220093488784,0.009771564020833857,0.004897848724313279,-0.014141532929444135,0.0092606790388276,0.0036368317168144876,-0.004254101482670309,-0.01502345699132375,0.0014704675029023296,6.812504418020643e-4,-0.0077679248621188805,-0.0035707967523263217,-0.00500890648234238,0.007863286668223104,-0.006505942893147092,-0.00610133797226287,0.0045455928437105496,0.0047842573861844855,0.0022840512239760864,-0.0046320155844449375,-0.002960499915074426,0.0022669716857279354,-0.001416954553725786,-0.0017069073057942802,1.765585531906665e-4,0.001936513759303968,0.0024332830800485135,0.002147979405255295,8.043054576837942e-4,0.0018945515478016545,-5.6046545413759e-4,-7.299777546225474e-4,-0.001146142754006177,3.1539696910304175e-4,2.780727005391167e-4,-1.6902730247877616e-4,5.859653489862015e-4,8.283447566099892e-5,5.853336478706117e-17,-3.539920093165172e-17,-4.369334755116583e-17,-4.933119884809045e-18,18/08/2020,ZRC. 4.966,variegatus,Female,Java,NIL,NIL,NIL,NIL
ZRC.4.886.BORNEANUS.CRANIUM.DORSAL,0.03906738315661182,0.015258558201656183,-0.01992859271294916,-0.030187913716954045,0.015149473290019031,0.006900244887346393,0.005732920257994985,-0.0011285157908172958,-0.005750991261644519,0.00433436105765086,-0.013509821584074865,-0.012501844337695897,-0.0023771754516077265,2.0636951993870093e-4,-0.006439326885602319,0.006772407520677495,0.001269165728373509,-0.0018827510830908272,4.1711929156656687e-4,-0.0014712950779870628,9.476137480981116e-4,-0.005462403009266049,0.003492483814705454,-0.003446247578171722,-0.00177407589633199,0.001355134903933933,-0.0010173659121261395,0.0011963317966113098,-7.348804182885622e-4,-0.0011932453582655987,-0.0011576863808890425,-9.917225958920688e-4,1.7229419343514463e-5,4.967231118368606e-5,2.6521442467466853e-4,0.0011358108754486668,-3.8060613151037325e-4,2.3552310729339415e-4,-1.4138673955568781e-16,1.5937771935536915e-17,-1.7753810574450135e-18,-1.0842021724855044e-18,18/08/2020,ZRC. 4.886,variegatus,Male,Borneo,3.9218,113.93024,70,75
ZRC.4.888.BORNEANUS.CRANIUM.DORSAL,0.015366550990402975,-0.01089598525316682,0.01593271691926984,0.007569010365568542,0.0025677774320923305,9.066691878030646e-6,0.00797052297721944,-0.004374582571910586,-0.021859931836098,-0.012269728820638167,-6.328179661724047e-4,0.004717902566608024,0.007872523627835441,-0.0014066275268613412,0.003843550979165042,-0.004690858018293692,0.009230529711025389,-3.813880775532506e-4,-0.0019303176635480277,0.003031992432725053,-0.0011701370526196817,-0.0035765097396143327,-8.02853704180684e-4,-0.0033403130920509143,0.0015123350877415801,-0.0012300933875354046,0.0020317567858480217,-0.0011872694898372145,-0.0014157954552473297,-0.0010382862217368845,9.746927759318606e-4,1.6427930728157391e-4,-9.693616800473407e-4,2.9279801606708997e-4,5.701869110607806e-4,-5.426688400206037e-4,-7.394902962547813e-4,-8.50675769712725e-5,5.976664475826343e-17,-6.949735925632083e-17,2.041010589703962e-17,-7.26415455565288e-18,18/08/2020,ZRC. 4.888,variegatus,Male,Borneo,5.304512762,116.9350579,253,75
ZRC.4.899.peninsulae.CRANIUM.DORSAL,0.003942288222419878,-0.018287025396113717,-0.021043385923186976,0.01962027501661718,-0.002343008578120852,0.004498292972705183,0.013474185963321148,0.005360508322205846,8.667857810840232e-4,0.00233871614161129,0.011202200987585736,-0.0066138420797101005,0.004648778818963786,-0.004013511480850023,0.005610588647318123,-0.009607875105794693,0.005962548601620885,0.001317119377771847,2.1902580317083404e-4,9.856560267098426e-4,0.003682683037741604,-1.1051076871796519e-4,-2.894208057643283e-4,0.0028771471825249422,-0.004606868919908708,0.0014789024168536005,0.0016338805970600317,1.0299586489132196e-4,-0.002801585584408209,-0.0028496906607805884,-6.689588664464352e-4,-2.6983780192292182e-5,-2.1709423565973837e-4,-3.4121510037986606e-4,8.709861746190337e-4,0.0011634708381683108,2.96751360697266e-4,4.8191485853107724e-4,-2.3479753297889205e-18,1.2170169386149787e-17,1.282069068964109e-17,-2.6020852139652106e-18,NA,NA,NA,NA,NA,NA,NA,NA,NA
ZRC.4.900.peninsulae.CRANIUM.DORSAL,0.006679063004031719,0.004551933847333179,-0.0011788535692050675,0.011032494798303732,-0.007028515219267886,-0.001784955444965033,0.012180716518647314,-0.013674765950907013,0.0022295944020998258,3.644121453442032e-4,0.0029532437865136944,-0.0017744667664878935,0.005546495213703578,-0.0031628779649621485,0.005346137754517877,1.9011564024070743e-4,0.005810304253968066,0.0015159560045917963,-0.005772354527711073,-6.517616357985905e-4,0.003227879617406861,0.00247319986788428,4.235079045142025e-4,-0.004312783311677907,-0.0012536429417712022,-0.0026042363314375274,-0.0033195939636210766,0.0023243412347144377,-4.709070825633028e-5,1.604564402982788e-4,-4.847714872305005e-4,-3.28906556552892e-4,1.5710415302068708e-4,-4.0985440801778435e-5,-4.258467657046076e-4,-6.553252834470767e-5,-9.195460738562448e-5,-5.068075274748139e-4,1.64663204946236e-17,4.8138576458356397e-17,5.274643569141979e-17,1.3660947373317356e-17,NA,NA,NA,NA,NA,NA,NA,NA,NA
ZRC.4.908.peninsulae.CRANIUM.DORSAL,0.019524204658085624,-0.009819750667669899,0.018543561413763947,0.0058058479126181315,-0.00652781118285199,0.006834555194212574,-0.005932979444092138,6.93420629527549e-4,-0.012904559092354391,0.014668065216537267,8.014876336373712e-4,-0.006834147959596815,-9.493098119503938e-4,-0.0054012287689617295,-0.003627348023874799,-0.00376257545316186,6.165952883762936e-4,0.0047562145076791625,5.410959118973737e-4,0.0033893890678711324,0.0044506745866303155,-0.004902369014774181,-0.003214103875167764,0.0012781680187559544,-0.0011007770149862911,0.002357061592809689,-0.002533898314545638,-0.0011461908439047716,9.611486852801299e-4,0.002198885159154605,0.0014554097680325464,-6.268822554075543e-4,-3.8289767521141715e-4,0.0016724397787525292,-3.1999131436450203e-4,-0.001341058896889435,-1.7255314501892174e-4,-3.0634920121605195e-5,-2.086682606219914e-16,-7.361732751176575e-17,2.1711148504022226e-17,1.2468324983583301e-17,NA,NA,NA,NA,NA,NA,NA,NA,NA
ZRC.4.918.peninsulae.CRANIUM.DORSAL,0.01767013856258357,0.003441994331575854,0.007040757346360538,-0.006664383073258569,-0.022032155200471613,-0.0013885321076456084,-0.0014675679104441623,0.006772931376471408,-0.012295083660303734,-0.00425002728362012,-0.009072044209604922,0.014130912752808679,-0.0028670259361721112,-0.00247052413699961,0.002022978756274933,0.0037402818085788673,-0.008428459991642968,-0.005720017094170195,-0.0012625198800550832,0.003832771621756112,0.0010807900411367276,0.004008499857695959,0.004851286240138876,0.001663347229050483,-5.102850892562657e-4,0.0018325240672282467,-2.7533858877931184e-4,-5.33151658442058e-4,-0.0012825308941960035,-7.513247608120813e-4,-0.0017217751322559233,-0.0014424315721415695,1.989753578054907e-4,4.890439575759824e-4,-0.0012555664517520638,-3.2626836395846927e-4,1.0453528358465392e-4,1.676482736941578e-4,-8.768485069976517e-18,-8.348356728138384e-18,-2.303929616531697e-18,-6.505213034913027e-19,NA,NA,NA,NA,NA,NA,NA,NA,NA
ZRC.4.925.peninsulae.CRANIUM.DORSAL,0.0018975656478923935,-0.015566878211565152,-0.002821702408960358,-0.006063113699854045,0.0025389458516077317,-0.007125716910058083,-0.006947535660762707,0.020797318548434095,0.0020943316167274565,0.019014832691883327,0.006350253434750207,-0.002125413831275541,0.0019404760489239235,-2.402934624473545e-4,-0.0018032841383206725,0.0011728929688483692,-2.4003502119832623e-4,-0.001997868403469951,0.002096917047804069,0.0023067086012827963,0.0020039919805561472,0.00103311242393295,7.829461242570487e-4,0.0023460861204131506,-0.0022796693137001724,-7.426149031391538e-4,-0.0020133752247240436,-4.430951674368822e-4,0.0029114900766691065,0.0026371596987298696,-6.241988844776548e-4,-3.834785976626762e-4,0.0011239526563277217,-9.689189406932115e-4,1.8377265300955332e-4,3.7388213853848735e-4,-0.00105539645729139,4.1614066605861084e-4,9.566051293111166e-17,-5.307169634316544e-17,3.008661028647275e-17,-1.360673726469308e-17,NA,NA,NA,NA,NA,NA,NA,NA,NA
ZRC.4.937.TAYLORI.CRANIUM.DORSAL,0.016192794460998704,-0.020203858735071294,0.001614876482411258,0.00472195924987195,0.016791990579397592,0.00962536626366943,-0.0020863049907144464,-0.009340662910187697,0.0015011586463562633,0.0032869384793384284,-0.007406900377189463,-0.0023113875255287874,0.0071438875684993654,0.005526098588483859,-4.013289389721999e-4,-0.0017201424044502283,-0.004932220203878448,0.008996127078569933,-0.00406181473046738,-0.00410244430991893,-0.0069013229602772515,0.00307868214835332,0.0017772819939833608,0.004586465059641339,-0.00179541591035749,-0.0026015942306695534,-1.5715193076593678e-4,-0.0010141488643168337,-0.0010815435982455268,7.588631457669029e-4,-4.26901902053421e-4,-1.3407721739486938e-4,-6.732957719626683e-4,-6.848956025587449e-5,-4.303116051630581e-4,0.0013575748647348185,3.4488944727195035e-4,5.326060178111929e-4,3.076423664427619e-18,-1.2468324983583301e-17,3.298685109787147e-17,1.235990476633475e-17,18/08/2020,ZRC. 4.937,variegatus,Male,Peninsular SEA,2.789944,104.202186,1.45,100
ZRC.4.938.TAYLORI.CRANIUM.DORSAL,-0.029059597227751307,0.007890032032072834,0.001987901033497935,0.0024141195935197092,0.0026065916071646754,-8.879854359231916e-4,0.015773562358374116,0.005473016601148767,-0.010311876955865506,-0.005294891707936284,-0.0014691833078775414,0.015044907452564414,0.006054089679711107,0.010377865643673769,0.0011024790038576702,-0.001986692832815939,1.0962500181066653e-4,5.569018609357741e-4,-0.0014295521351816015,-0.0018105554723622317,7.509247192325187e-4,-0.003971154685676904,-0.003241505878112237,-0.0018051344978854606,0.0010481847168755361,-0.0015775201954116131,-1.2477825667732748e-4,2.4771244802709327e-4,-5.773230849208206e-4,7.386907446847353e-4,-4.920139753882819e-4,7.479332497973156e-5,-2.804608381962858e-4,0.001695303301440856,-0.0015617892911797076,5.374229448036286e-4,-1.4859015019897507e-4,5.112229550561966e-4,-2.3254654292156375e-17,6.497505035093012e-17,5.212132537634612e-17,-1.5854762706705994e-17,18/08/2020,ZRC. 4.938,variegatus,Female,Peninsular SEA,2.789944,104.202186,1.45,100
ZRC.4.941.TAYLORI.CRANIUM.DORSAL,-0.010337681154568705,0.018789528343194375,-0.0117996661882779,-0.02663811414714797,-0.00545467595332543,0.01218311997907572,0.006096909707959836,0.004681954043984532,0.014682017838296008,-5.313863294131749e-4,0.006717051275226813,-2.0454835955775698e-4,0.0026561745460629794,-0.001543659641780834,0.0014225491695941778,-0.0017503958131620098,-0.001891290006108869,-0.006308356543912114,0.00270056402339024,0.005660748848440594,-1.1677009818687896e-4,-3.4760003836980917e-4,-0.006268561648275886,0.0017190838026500052,2.7026749705725325e-4,-0.003838225243785052,5.957240170615969e-4,0.0035828847856127963,0.0018457785365060412,-0.0011535843029848564,-5.956459209576651e-4,9.814304142678476e-4,-9.37775132551245e-4,8.645959164234312e-4,1.3948959956620887e-4,-7.967146747702694e-6,1.1043344010156788e-4,2.2987727625232963e-4,1.2105117255800657e-16,-6.461844948013606e-17,1.9949319973733282e-17,-6.071532165918825e-18,18/08/2020,ZRC. 4.941,variegatus,Male,Peninsular SEA,2.842241,104.159311,1,75
ZRC.4.939.TAYLORI.CRANIUM.DORSAL,-0.018480377383428597,0.011393924058996122,0.010197979333138757,0.004599907651708406,0.012364105429711367,0.0019463753033599626,0.015312577195010377,0.006445108513102207,0.0021762385577880233,-0.0042327660059981835,-0.0026334054502960957,-0.004211845389290722,-0.0010886250248613844,-3.779372804863608e-4,-0.0015114643019806257,-0.0020133577797349627,-0.003040805378093563,-0.002139212497609618,0.0054591369726642814,0.004648589873349161,-0.0026665379918249465,0.002010964962827481,0.0026865846295220553,-0.001061439900739317,0.002190377874678916,-7.351019395281019e-4,-6.243613749865565e-4,-0.0026784976644387308,0.0011788950835963298,-8.178536905863289e-4,-2.305708863515369e-4,-0.0020549693102478402,-8.935056371726264e-4,-4.857241388065366e-4,8.782000090616656e-5,-6.752340317864752e-4,1.2298012724052136e-4,-3.524411052613704e-4,-1.3189997054643965e-17,6.076953176781252e-17,6.4374503991326826e-18,-8.538092108323347e-18,18/08/2020,ZRC. 4.939,variegatus,Female,Peninsular SEA,2.789944,104.202186,1.45,100
ZRC.4.940.TAYLORI.CRANIUM.DORSAL,-0.03006850588388511,-7.539821326350937e-4,-0.004179237939676075,6.1005993570554996e-5,-8.228422085853965e-4,-5.125006184879262e-4,-0.0033642322352328185,-0.013705567208929157,-0.00418781287475313,0.011625260840456331,0.0047085244908076085,0.005740193220583163,0.0049359694278731945,-5.812300780882088e-4,-0.007748259074590318,-0.002663652392678926,-0.0027509398431874543,-0.00331194118225354,0.001679398522049614,8.390165532917059e-4,0.0012916532304145564,-2.749410108152904e-4,0.003746031677910127,0.0017774145577402086,0.001824010250054881,7.010602784981432e-5,1.1668005096541457e-4,-9.843500422294807e-4,0.0011381052804431073,-0.002832715333775916,-0.0012570860121766327,-2.231838828691058e-4,-2.7504501087871375e-4,4.92428360320782e-4,4.1403068943798285e-4,2.6799668410508833e-4,3.6385077626803063e-4,-6.113910173022258e-4,4.727799098394603e-17,-3.8651807449108233e-17,4.6119249912102145e-17,3.5236570605778894e-18,18/08/2020,ZRC. 4.940,variegatus,Female,Peninsular SEA,2.789944,104.202186,1.45,100
ZRC.4.944.TEMMINCKI.CRANIUM.DORSAL,-0.018405459687251786,-0.047509664230493506,-0.010146043936434798,-0.024639219509757893,-0.02272067784962191,0.0011495743562393121,0.006434678576092094,0.003348101349692901,0.003576610950797683,-0.01144821857426572,-0.009815813478194128,0.003744382366778295,0.0033119106438037863,-9.566253197946814e-4,-0.007874823732536427,0.0022732428545534328,0.002529521935940199,0.0018342383771499258,-9.954021544919382e-4,-0.0021698452525457873,-0.0024937056336457523,-2.2507780764174698e-4,-0.001422225654184284,0.0030164944394757694,-0.0011096561606404576,1.832540796997599e-4,3.72307506749425e-4,1.4935408392090523e-4,-0.0010220379535740495,6.720422657828111e-4,0.0016156410086262598,5.106599275256314e-4,-2.2113844334365672e-4,-4.91708531090907e-4,-1.735640436068226e-4,-2.2944182797837818e-4,4.1185031662357085e-4,-5.505617504476326e-4,-1.4208130657243634e-16,2.9774902161883166e-17,3.781155076543197e-17,-9.784924606681678e-18,18/08/2020,ZRC. 4.944,variegatus,Female,Sumatra,-1.895761824,101.3143701,4,75
ZRC.4.947.TEMMINCKI.CRANIUM.DORSAL,0.009026655501718288,0.010281226290584868,0.0019372016200892095,0.0012779474826257985,-4.345426874581121e-4,-0.0031710175767694125,0.011648428839199835,-0.0010108168889109833,-1.2503622866035609e-4,0.0039993586987111945,-0.0029358963651091485,-6.470026441715213e-4,-0.005548296918884935,-0.013330467088241572,6.472585050979562e-4,0.003556603541262488,-0.0016499853070514976,-0.00375241608613252,-0.003561930789634858,-0.0024758311421941587,0.0059360282733995,2.4217854724516283e-4,3.677049949035048e-4,-6.407821629716278e-4,5.050128365753674e-4,-0.0037193753336388366,0.0015724495953249706,0.0023228842503728365,-0.0012336270809160342,6.458450082420962e-4,0.0015262954919221354,0.0017765617735745667,-8.155388390676789e-4,-4.564462063829254e-4,-7.719680418850538e-4,0.0013551977295877303,0.001346356688942317,3.02516033370551e-4,2.5573618743501836e-17,-1.5829351718288365e-17,-6.0173220572945496e-18,-7.37257477290143e-18,18/08/2020,ZRC. 4.947,variegatus,Female,Sumatra,NIL,NIL,NIL,NIL
ZRC.4.962.VARIGATUS.CRANIUM.DORSAL,0.005032640757178882,0.011981730310224585,0.022723746616771238,-0.017087946645187695,0.0032270640810770847,-0.005245424433945269,-0.010438512303503037,-1.7757474694511305e-4,3.396803878567352e-4,-0.0091294885593221,-0.011572376112602482,-0.002712468212258096,3.230477893376781e-4,0.004421043683497917,-0.005959430769981955,-0.005060263974164558,7.621203396267666e-4,5.729983424119364e-4,0.0014781675372713952,0.005544891163732546,-4.192440792510937e-4,0.005408496432551305,-3.290128248896143e-4,-0.003699637563648958,-9.63981142917958e-4,6.537649250194636e-4,-6.867079221158965e-4,-8.765680722849268e-5,-0.0016751200080582253,-0.0014023367264934471,0.002798623214716572,-1.0905292439118079e-5,-4.047941822587889e-4,-4.4660884674015686e-4,4.4178622797760793e-4,4.958058606639369e-4,-6.854680206382049e-4,4.1710762411602504e-5,7.102201856137857e-17,1.0408340855860843e-17,5.074066167232161e-17,1.7780915628762273e-17,18/08/2020,ZRC. 4.962,variegatus,Female,Java,NIL,NIL,NIL,NIL
ZRC.4.965.VARIGATUS.CRANIUM.DORSAL,-0.04071134214970266,-0.015532550125993208,-0.015142522651567195,8.09645627586962e-4,-0.003550399489935096,-0.02641153889325499,7.516649514429138e-4,0.0033211733018558343,-0.003186959632056273,-0.005219707350695692,-0.009009601960326246,-0.009247682243736522,0.006729733125322916,0.004628742665195151,0.004028924448148122,0.00458789581171903,0.0014758035893646898,-5.102093943386734e-4,-0.007735073147837951,-0.002715875076917225,0.001246378856984043,-0.0018385343176919129,0.0053479248185760745,-5.239627082624411e-4,0.002948324911562056,-5.377689559753244e-4,-9.365547980649762e-4,8.637056492831091e-4,4.203872230716314e-4,-2.0500474106819434e-5,4.719829157861289e-4,-0.0028656646007540892,-5.121181248771327e-4,-5.797893644798832e-4,2.088804121638005e-4,-2.3413292760287154e-4,8.147639981281478e-5,1.9934909183120912e-4,1.2231494571530999e-16,-1.08135614178273e-16,2.9134545253758914e-17,9.039535613097893e-18,18/08/2020,ZRC. 4.965,variegatus,Male,Java,NIL,NIL,NIL,NIL
NHMUK.7.1.1.220.Temminckii.CRANIUM.DORSAL,-0.01641541543824138,-0.005450555837333572,0.017468905812870854,0.00460322312891389,0.008012803519284609,8.226614444298077e-4,0.008453327558611706,-0.015604559745835469,0.004701285814079121,-0.007454289582114497,0.004675826982954106,-0.004118154297485624,-0.013833371287487411,-0.005504636213001413,-0.004494565704070794,-0.0016785813718363594,-0.004043727340215376,0.0037775740752837655,-0.0032130550409267943,-0.001320904284979751,-0.0018627893462222094,-0.007869606919804449,2.579016956913311e-4,0.0027220583988285395,1.52484668192586e-4,-0.0017285255742306887,3.0467845441718494e-4,5.216379868798471e-6,7.45518037668918e-4,7.401602868333228e-4,4.977942585237489e-4,3.0921025044212296e-4,-0.0012364646834046307,-7.982918019821311e-4,9.020240929388904e-5,-8.721443261229703e-4,1.8494366738860724e-4,1.1976561309443548e-4,4.722378087532175e-17,4.0549161250957866e-17,2.0003530082357557e-17,-1.2088854223213374e-17,05/03/2021,7.1.1.220,variegatus,NIL,Sumatra,NIL,NIL,NIL,NIL
NHMUK.7.6.18.2.Tellonis.CRANIUM.DORSAL,-3.1820248468063445e-4,0.023310130369144567,0.0053202578748881395,0.012288982117323238,-0.007093037154639471,-0.0036127010452889755,-0.011936278316168437,-0.004579888109376402,-0.0011133254847728443,-0.002368821737800292,1.436104102405789e-5,-0.002096477196095301,-0.006994046478635613,0.005535646040528329,0.0011740577498671424,-0.008215983775768144,-0.001747553789439766,-0.003105062070020254,-0.0061560144912391574,-0.003092409769241303,0.0015435420115754671,-0.004049136982429197,-4.905170709081838e-4,-8.034774653239556e-4,-1.8029494313754252e-4,7.344767867185248e-4,-0.0010974332597780002,-6.066211725426458e-4,-9.773454957629402e-4,-1.126361870723195e-5,0.001034026040817158,3.7693989200666197e-4,0.0024072575345297723,-0.0013755533619098257,0.0011257776853603161,8.116485270000287e-4,3.294086284435663e-4,-3.9592545261045014e-4,-5.2394069985362e-17,3.8299441743050444e-17,4.098284211995207e-17,-1.2034644114589099e-17,05/03/2021,7.6.18.2,variegatus,Female,Sumatra,-0.063028,98.276616,3.04,100
NHMUK.8.1.25.3.Taylori.CRANIUM.DORSAL,-0.021637969779726453,-0.001575281285906165,-0.012132202198428735,0.011838671993601531,-0.001538869158073324,0.017825727766397084,-0.0023387373762376144,0.004647600582700352,-0.0038743142485160413,-0.002364571081659461,-8.015693397763598e-4,-0.006076617306861375,0.002007365354847304,-1.4160312764742902e-4,-0.0118029230052946,0.0024334945521970177,-2.9733512452163814e-4,-0.00155443340300542,-6.662415996575659e-4,0.0023852594543649144,1.670749687860036e-5,7.339418196364805e-4,-9.640771223837636e-4,-1.5696010264928278e-4,0.0040306704549635496,-0.0010455137470997593,-5.271210378232703e-4,-4.1419087290616385e-4,-0.0031146282910225406,1.3959397232785926e-4,0.002050075562472573,0.0012221253310487877,0.0022683846148914945,-0.001355280933863376,-0.001031468049542161,-4.5548562557150697e-4,-9.680720544510176e-4,0.0014151102110896863,-5.796415864650628e-17,3.003240017784847e-17,-1.1628068299907035e-17,-6.613633252161577e-18,05/03/2021,8.1.25.3,variegatus,Male,Peninsular SEA,2.789944,104.202186,1.45,75
NHMUK.8.7.20.10.peninsulae.CRANIUM.DORSAL,0.024419056337876638,0.010250417610102938,0.010773904434294332,-0.006901539765911045,-0.010724699360844926,-0.020768568785041203,0.006547777201154216,0.0033833313472535704,-0.011974761469045796,0.01608077125925038,0.007508793343810017,-0.006361305381147799,0.0015497010712556363,-0.0016308217712485533,0.0032045669164248686,-0.002259909247894089,-0.0011493225055864715,1.2785985184638393e-4,-0.003966790917479621,-0.0025842760162002078,-0.006313269367520861,0.001142231511225899,-0.00801067257442708,-3.4517841892664643e-4,0.0027836769734465782,0.0010298318004882286,7.809131008232932e-4,-2.237084779145612e-4,0.0015379753386988006,-0.0026438282364693103,-9.398383872785283e-4,-0.00116777648281022,0.0010700454361719253,-0.0018182012909344358,-7.718973526879504e-4,-7.244457687476807e-4,0.001002091661084182,2.6574757326365247e-4,1.0272815584300155e-17,3.0140820395097023e-17,-3.903127820947816e-18,4.336808689942018e-18,NA,NA,NA,NA,NA,NA,NA,NA,NA
NHMUK.9.1.5.519.Variegatus.CRANIUM.DORSAL,-0.011054760658485976,-0.007093547161640721,0.0037343593062619256,-0.009882725197503823,0.004653731671187958,-0.0036882770667476875,0.005693255538960968,-0.0027500174160967647,0.005765215213568141,0.006871239750860498,-0.01762553834910613,-8.162829304708696e-4,0.00422347743673424,8.897428022058655e-4,0.007581884708325709,-0.007307218935724758,0.0024827475420094213,-0.0011372076251702427,-0.002116703875286178,0.0022042042419130312,-0.0033303199393792783,0.0019228176454069421,6.013527438759338e-4,0.003868569862772042,0.002532308288731759,0.0028659685516443678,-0.0023765537729711905,-5.371818041407879e-4,9.449451910606634e-4,-3.4311805722054374e-4,-1.9201002106651453e-4,0.002522543679127634,0.0013066238415894466,-4.611721768277696e-4,3.416711700460764e-4,0.0011457924858112034,-7.110174121285893e-4,-3.356268428825971e-4,4.252783021574391e-17,-3.74049749507499e-17,-3.469446951953614e-18,-2.7538735181131813e-17,05/03/2021,9.1.5.519,variegatus,Male,Java,-6.21462,106.84513,21.405,75
NHMUK.9.1.5.520.Variegatus.CRANIUM.DORSAL,-0.003609697986511388,0.018305482401602104,0.0052505820804080346,0.007619609755968464,-0.00467919032673285,0.0013341837732775564,0.00865624349349631,0.011216357749936517,-0.0011808300971541342,-0.012650170284916098,-0.0018869433934942574,-5.077459710011717e-4,-0.008473408555657428,2.008987630270805e-4,0.005784814926050293,-0.008019400202752746,9.920659496287397e-4,0.0030573346101654838,-0.0025862886792895686,3.2473539911929576e-4,0.0016134101508427983,0.007902397400586163,0.0016517894021974846,-6.092517869614242e-4,-7.827875672332202e-4,-0.0034806077849814025,-0.0010933604781144508,-1.8569794544046785e-4,0.0028585203493134105,4.7105839926334217e-4,-0.0011785090143776483,-0.0012372680632588054,4.1775538316597433e-4,-2.6493762315131953e-4,-0.0011718515996981455,0.001097916559715598,-3.103471795505696e-4,5.7428922831161605e-5,-1.0988050204961686e-16,-8.28059409235804e-18,4.128269178328009e-17,-6.52554182564713e-18,05/03/2021,9.1.5.520,variegatus,Male,Java,-7.683374,108.57176,12.15,100
NHMUK.9.1.5.521.variegatus.CRANIUM.DORSAL,0.030523181230083272,0.0024594807096695852,0.025560527672197304,0.013734265283385765,-0.012792326133937229,-0.006781135273345815,0.014956929563328131,1.0284017406311704e-4,0.019971324722076588,0.005141914275628128,0.006574884762517429,-0.0018325530687174855,-0.0024270000780722174,0.0014862584691853766,0.007380703478626589,0.0013818751461537563,0.002470036275140605,8.269411704329109e-5,0.002494097241628261,6.369230863056455e-4,-0.0019618292313167388,-0.0012725726693135222,0.007079140250616822,0.0015552476643905398,0.0029857248297134,-8.930927571220704e-4,7.532209473527702e-4,0.001116501005269135,-8.287096163450976e-4,-1.410861719169753e-4,3.438695408600592e-4,0.002217810000290932,-0.001400075427127068,2.3417856157052498e-4,7.359931982469312e-4,-1.0062469436961419e-4,-3.065147209428487e-4,5.772401528074965e-4,-1.146747085310762e-16,-5.827586677109586e-17,1.6954211472242076e-17,-5.421010862427522e-19,05/03/2021,9.1.5.521,variegatus,Male,Java,-7.683374,108.57176,12.15,100
NHMUK.9.1.5.523.Variegatus.CRANIUM.DORSAL,-0.008226782297563007,0.00317864829317987,0.024624511682501578,0.016163445962193733,-6.052021340255562e-4,-0.006376824593600657,0.004441731470286846,0.015397001485469176,-0.0036533314740390603,-0.0025451590879699755,-0.012742214273210819,-0.0036332336477149438,0.0016424776673822947,0.0066722827957787145,-0.0025112579052867377,0.011468017136225861,0.004738423817836769,0.0015267978422283254,0.004007527632559696,-0.0016821030143102718,4.93936112876228e-4,0.0011059513232969443,7.944057754803659e-5,0.004136138253064773,1.5177015928091015e-4,0.0018531458929175752,0.0013396463619162156,-8.461092801854543e-4,0.0017661798135811136,-0.002267049792641289,5.001960173033057e-4,0.0029543514246211074,-5.556287550518319e-4,-6.181877212746243e-4,-1.3364576123809627e-4,-4.177109443557637e-4,5.071099980232634e-4,3.4200680184687956e-5,-3.686287386450715e-17,-1.0625181290357943e-17,3.7621815385247004e-17,-2.3852447794681098e-18,05/03/2021,9.1.5.523,variegatus,Male,Java,-7.683374,108.57176,12.15,100
NHMUK.9.1.5.524.Variegatus.CRANIUM.DORSAL,0.0027976545972236127,-0.01712101465896805,0.024776369050784123,0.010528052156058194,-0.0023358369797676537,5.525260506960477e-4,-0.007183577970380383,0.009159848355992227,0.0015173801719975664,-0.011836480507022547,0.009760316611670266,-0.004594382920325269,0.007506241849742009,0.004454147114774408,0.0010127294739084173,5.428259822260027e-4,-0.0022386489442633856,0.003518360237160266,0.004572837803934312,0.0010926051771409035,-0.001829767006689704,-0.002325890593189563,-2.014587807371692e-4,-0.0012560951484997362,-0.004158959534535629,3.910898237765622e-4,-0.0015003527148170117,-1.980646627757713e-4,-6.474364584763016e-4,-7.381800412721993e-4,-0.0014441426179900444,2.6340434197085947e-4,6.329040436297458e-4,-0.0011875856128133306,-6.097426782883514e-4,-7.511414221324805e-4,2.7954705301491863e-5,-3.7505624779319327e-4,1.064415482837644e-16,-4.336808689942018e-17,1.0408340855860843e-17,-6.938893903907228e-18,05/03/2021,9.1.5.524,variegatus,Male,Java,-7.683374,108.57176,12.15,100
NHMUK.9.1.5.525.Variegatus.CRANIUM.DORSAL,0.001353975699499874,-0.00913998032786187,0.016670536312332555,0.004922189718946372,0.003132062602552511,-0.00717733379837709,0.006025675151239021,-0.006572166885496374,0.0019881832164223086,6.418135135213101e-4,-0.007450923014272736,-0.016326588994163657,0.005033496223586677,0.001124074154279227,8.066265964358862e-4,0.00355690109998074,-0.011130159796527803,0.0033081712786178653,0.008221957574677741,-0.0032014630103677976,0.009693705432223103,0.002814083081932045,-0.0036192173476663593,-0.0018103232882095087,1.7603779239632215e-4,-0.0017580734971266217,-7.567681224028772e-5,-1.5231216078411772e-5,-0.0010788524402063108,1.1858191384874622e-4,7.20934211911514e-4,-0.0012130303233375119,-2.1963942477961837e-6,0.0013673974022024142,6.035588360434205e-4,5.3423047761385294e-5,-1.9629066614382153e-5,3.7355508244124304e-4,5.879086280302648e-17,3.621235256101585e-17,4.391018798566293e-17,-9.974659986866641e-18,05/03/2021,9.1.5.525,variegatus,Female,Java,-7.683374,108.57176,12.15,100
NHMUK.9.1.5.527.Variegatus.CRANIUM.DORSAL,0.01537533131559807,0.008666644472213969,-0.006933990383109835,-0.024630222703505004,-0.018407254492132326,0.007453929993751243,0.004054823984438963,0.003335665013073431,1.192217024865706e-4,-0.0027353226202279355,5.038105396414329e-4,-0.005649324615638545,5.468903675164778e-4,0.01144484445360458,0.002805839195692444,-0.006332602955442667,0.005619475356598276,-0.007742637005036179,0.0034631444863781613,-0.006908671818214733,-0.0012131106158892071,-0.0018091630404927005,-8.656508129150812e-4,0.0021487009106137627,-0.0034860753773863357,-4.730756866235492e-4,-0.0034252684544826854,-0.0019016072700682191,-0.0015528313456045976,0.00258289722081385,-0.0012347976059947463,0.0010044110548611193,-0.0013287073717040878,-3.069490226550532e-4,-5.311100335091874e-4,-8.851921748497743e-4,1.8472321657693474e-4,7.658749145888805e-5,1.1607739509172932e-16,4.618701254788249e-17,2.962582436316641e-17,4.662069341687669e-18,05/03/2021,9.1.5.527,variegatus,Female,Java,-7.683374,108.57176,12.15,100
NHMUK.9.1.5.529.Variegatus.CRANIUM.DORSAL,-0.01484682511707603,0.01688498570368708,-0.014914526958796347,0.016339790976819202,0.012832729514912836,-0.015306997790045533,-0.005009818325458364,-0.008732561201955707,3.167994927433322e-4,0.005409405813080346,-3.787695267564963e-4,-0.013362025289674574,0.0071272701887095695,0.0033113526815057906,-0.0030277086280474964,-5.71143752514994e-6,-7.739230135321723e-4,-0.003613154449974928,-0.0015415204891706964,0.0019435892310410928,-0.001988787346800648,-2.628530793869811e-6,-2.7327791207455227e-4,-1.679421035452491e-4,0.0016643979649817531,-0.002102815759666106,0.0013498684814506317,1.603085758049654e-4,7.903820110516315e-5,0.001115414148938751,-0.0012487031592422829,0.0019688262249263257,0.0014921174122715275,0.0013930445166016872,-2.2152736028788103e-4,-0.0012717902490741464,-2.8032396837541574e-4,-4.5744868059067356e-4,-2.855517471783697e-17,3.5887091909270197e-17,2.0003530082357557e-17,1.8214596497756474e-17,05/03/2021,9.1.5.529,variegatus,Female,Java,-7.683374,108.57176,12.15,100
NHMUK.9.1.5.530.variegatus.CRANIUM.DORSAL,-0.007557007786843731,0.007764542919622357,0.01945447429193728,-4.2394346615343717e-4,0.014036243473038387,-0.005986772315978741,-0.003836882721899515,0.013332819658088255,-0.00523711238081462,0.0056702242798131386,-0.00741274311653912,-0.0012498730896090401,0.004939962438077034,0.0029443286338402164,-8.407897799573644e-4,0.00597937972388845,5.017283478056134e-4,-0.005804531856637573,-0.0015238659850006294,-7.368112367646351e-4,-0.0019268735988286125,0.001231333939499548,-0.0012341112343829967,-0.0010141994265437525,-0.003237516769577356,-8.221998638800228e-4,-7.674472101517584e-4,0.003664910323400649,-0.0012681163139939104,7.568202714429019e-5,-8.223664869146316e-4,2.1006414139388606e-4,3.5665113028899757e-4,7.567833409088958e-4,4.982563777374391e-4,-8.157974424564586e-4,1.9499847888154942e-4,-1.1861495111208556e-4,7.45727806762686e-18,5.3261431723350405e-17,2.7145711893605817e-17,6.0173220572945496e-18,05/03/2021,9.1.5.530,variegatus,Male,Java,-7.683374,108.57176,12.15,100
NHMUK.34.7.18.88.peninsulae.CRANIUM.DORSAL,0.01462288548665692,0.00401487771824238,0.006195307269754242,0.015126073829670163,0.014280856698196223,7.43544347419142e-4,-0.02012592350236094,0.0020807472970442845,-0.012344734040222169,9.046639436446034e-6,0.002735897879057055,0.008296112919091376,0.00247170234391147,-0.004127064757098142,-0.006488686644761949,-0.0019007860163812874,0.0068898050856084775,0.0022252208334319692,-0.002556756997743003,0.002899358525904471,9.507594534387346e-5,0.0020343527430208754,0.005200989702234533,5.405918796417153e-4,7.318359803104861e-4,-0.002721059368638091,-9.498211575755409e-4,0.002065575153428088,5.905683205487442e-4,7.686776088881871e-4,-5.112560626032452e-4,-1.5253056553336678e-4,-0.0019123828309605651,-4.465339577209359e-4,7.567881491137662e-4,-4.01737420346163e-4,2.98003441193873e-4,4.1920740285375166e-4,1.2917591258806982e-16,1.0641444322945226e-16,5.606680484465665e-17,-1.0842021724855044e-19,NA,NA,NA,NA,NA,NA,NA,NA,NA
NHMUK.47.1427.Terutaus.CRANIUM.DORSAL,0.024952490277685865,-0.002970778688601467,0.004535771993899626,-0.015001389417259042,0.007107701678932488,0.001147935002040021,0.006670789810757314,-0.0070540314151038095,6.354052378733653e-4,0.0077896688695775484,0.0061402284198996526,0.0063111252517353104,0.0015857044197218407,0.0043649619257796445,-0.0045443235035202405,0.001098704679765342,0.002182853402967286,-3.9807872181111344e-4,-0.0027515671966339573,-0.004619282993790305,7.696323549728297e-4,0.004723290779484348,0.001550782461569949,-5.990773088287952e-4,0.0026960629576694606,0.0032282784113356815,8.740423880840612e-4,-3.3940932007563455e-4,-1.237803562528261e-4,-1.0919447417243603e-4,6.757629680023964e-4,0.0016096849733230627,0.0017788053459362638,6.94850229855906e-4,-8.782283821567854e-4,1.13239726326489e-4,4.777304974190029e-4,1.3525270176410078e-4,6.247715018947719e-17,1.7889335846010823e-17,4.51841255383334e-17,1.0842021724855044e-18,05/03/2021,1947.1427,variegatus,Female,Peninsular SEA,6.612945,99.650898,13.86,100
NHMUK.47.1428.Perhentianus.CRANIUM.DORSAL,0.0342450472673076,0.0101565411455437,-0.014441458695866537,-0.016519387143388044,0.016733411994219825,-0.0018341238692191342,0.010490163342980516,0.013462936248493216,0.009749939645820625,-0.009951176424658065,0.006561795344018594,0.0013273606551504156,-5.508010007261821e-4,5.36322501385469e-4,-0.0014361483671475436,0.0010801452846819057,-0.003896896727880489,0.012369190633353613,-0.004896982727961617,3.122503774082578e-4,-2.4759609828558377e-4,0.0018807362699254768,0.0028010801996280594,4.806626129874576e-4,6.33336858866471e-4,9.562663554120306e-4,-2.496139048702332e-4,-7.779972271381822e-4,3.4604970853584964e-4,-3.8206275675452787e-4,3.12051622451122e-4,-5.074876349291753e-4,0.0010051562914085708,0.0019769541352160475,-1.4606497522302053e-4,-7.64606829848113e-4,-1.454653873231391e-4,-1.7631553951657613e-4,9.376993539284006e-17,-2.222614453595284e-17,3.4423418976414766e-18,-1.3010426069826053e-17,05/03/2021,1947.1428,variegatus,Female,Peninsular SEA,5.902628,102.754195,2.72,100
NHMUK.61.1162.peninsulae.CRANIUM.DORSAL,0.00914989425652902,-0.03787356137543826,-0.011683794439435761,-0.0030565929531580966,-0.006085337373345369,-0.005290851821312292,0.014251288704230248,-0.004189568377510386,-0.0031841467895777414,0.0029710365790913936,0.004577280247528538,-0.0014844831865199692,-0.003299014683892432,4.077943824357648e-4,-0.012547225496495468,-4.0276578149557097e-4,-5.445587432351814e-4,-0.0013700129478633704,9.156503797450337e-4,0.005192550051190061,-0.0017198515147411456,0.0023483622216884724,-5.156338866954017e-4,-0.001710768025251113,-0.0018622447363207282,-0.0024961801759352613,-0.0012797490088704549,-5.562033058980939e-4,5.904059814538635e-4,-0.0010772331014345822,-8.172968055825343e-4,-0.0013075678800508496,-4.310390433470639e-4,1.5730802025115253e-4,6.302151518807176e-4,-5.62255839320061e-4,6.779047132030858e-4,1.2793807433587043e-5,-4.967001202699217e-17,-3.155028321932818e-17,-1.0191500421363742e-17,-3.7947076036992655e-17,NA,NA,NA,NA,NA,NA,NA,NA,NA
NHMUK.71.2621.peninsulae.CRANIUM.DORSAL,0.0042297642346533475,-0.005717502504525894,0.008882188706310983,-0.015345048233049642,-0.02044449910445165,0.004112061476197914,-0.003999394332750007,-0.007093100301018122,0.008458973253230183,0.0015035740800732709,0.005505424369464239,-6.446872686721862e-4,-5.208462846009646e-4,0.011141972483000652,0.0023958173870246647,1.293822345140245e-4,-0.005274215884136971,0.0028262604631254253,-0.005232201455165566,0.001042226214141473,0.0015991851610517138,-0.003681718061400579,0.0023609044683355253,-0.0013292653396439007,0.002611298058778868,-9.029592639327054e-4,0.0016734464700609835,5.224782348370454e-4,5.979396964828593e-4,-0.0010282596191035951,7.050586270063316e-4,4.915722454881619e-4,7.418871683659537e-4,5.550029355234029e-4,2.0547238607762845e-4,-5.79643088385462e-5,-3.201488020350445e-4,-5.492919615049694e-4,-5.271255437352962e-17,2.9110828331235794e-17,2.1955093992831465e-18,-6.288372600415926e-18,NA,NA,NA,NA,NA,NA,NA,NA,NA
NHMUK.79.11.21.448.Variegatus.CRANIUM.DORSAL,-0.0123286374106404,-0.0022340717817752,0.007964921892050118,-0.023162740091755164,0.008913120203272416,-0.017769199608962213,-0.013506322218634237,-0.008665908668250604,0.0031389346576366807,-0.010508875431332132,0.00851540805232652,0.002679147078833684,0.007866577618031967,-0.008499049493362566,0.0038177570578228053,0.0028124498478266317,-0.00214362767555937,2.2948232355828093e-4,-0.008673661613120198,-0.0012989533311797874,0.002681501230909174,0.0035293009414554106,-0.006294457696845091,0.0019241922810201988,-8.980173367589972e-4,-0.001533985250358346,-0.00195665620077689,-0.0030911075344566383,0.0017062174951921294,5.614544347105241e-4,-5.476043105244417e-4,0.0011530741203952765,-0.001228339295686267,-1.3141240221066784e-4,7.036369345934017e-4,-4.903115775051229e-4,5.997702014733424e-5,4.4165986657143327e-4,-1.7747373124051002e-16,1.6723818510588906e-17,2.263949661421294e-17,8.131516293641283e-20,05/03/2021,79.11.21.448,variegatus,NIL,Java,-7.620019,111.641876,27.38,75
NHMUK.8.7.20.8.peninsulae.CRANIUM.DORSAL,0.032357555419880626,0.014741889915913622,-0.009499294206521852,0.017212531485502912,-0.002282160700050441,0.008948530083566802,-0.004525181660969693,-0.005258528246228091,0.006269490404751107,-0.006407657920522792,-0.01451433906819021,0.0027319470389999597,0.0029019051852984274,-0.0074048620265813585,0.008349202284508086,0.00734185723977159,-0.006145849787928041,-8.368791297402007e-4,-0.002654415172444901,0.0046487170045893264,-0.0033131706377107412,-8.160530266606156e-4,-0.002447934815215232,-0.0015923681116024034,3.26646095596014e-4,0.0026519064147363797,-1.9691851195841937e-4,0.0012123442898319713,0.0010791621858689791,0.0015016990406054624,4.647727520306949e-5,-7.055659163911056e-4,9.59027331931972e-4,-8.864477067144999e-4,-5.399070536686937e-4,-7.657119861445231e-4,5.799204315757018e-4,-6.868546442336703e-5,-4.7437233178029836e-17,-2.5722696542218593e-17,5.906191334614785e-17,-2.710505431213761e-18,NA,NA,NA,NA,NA,NA,NA,NA,NA
NHMUK.9.4.1.86.peninsulae.CRANIUM.DORSAL,0.002215119446930507,0.004814882171942648,-0.0014550898504026891,0.0060579945871139275,0.019640553756346303,0.015591896578714508,-4.3162831841901764e-4,0.0020969082001425048,-0.01059875521046817,-0.006606523535520465,0.006664276454734405,-5.304911276579954e-4,-0.004770349930618933,0.0016257095351548327,-0.005266928553952053,-0.007368871569703271,-0.009163522526293488,-0.005372569803243466,0.003481978929995318,0.0025499007258297933,-0.0017150399395964014,0.0038551919816589555,-0.003194223889216468,0.0010454480063851312,0.001397754000453062,2.9973167406991725e-4,0.0013117840059766832,0.001368581855260727,0.0014533701774383544,6.844652623065686e-4,1.4322504193550165e-4,0.0010830346846286217,-9.148718872848205e-5,-6.518164986398856e-4,8.984359018931215e-4,7.262437001780631e-4,2.82890564366203e-4,-2.0347906973720094e-4,-6.81895403857602e-17,-2.894819800536297e-17,5.784218590210166e-17,8.40256683676266e-18,NA,NA,NA,NA,NA,NA,NA,NA,NA
NHMUK.14.12.8.105.peninsulae.CRANIUM.DORSAL,-0.020520899763172125,-0.003947995618413426,-0.008623194331008254,0.002868700657410334,-0.010278795127127004,0.015114763971111063,-0.007995762946626588,0.0013182757501686495,0.020979769500837745,0.0054748284054851595,-0.012579357508237136,0.003668165753749113,-0.010425696778943852,-0.001129528200203127,0.0013919565433599625,0.0010540236996029635,0.006262806593484726,0.003103931594837913,-0.002258891452022402,0.00271373012399233,-5.67973823701859e-4,-0.0014445163614327146,-0.002039793329749171,-3.4712036400990547e-4,4.534836894582447e-4,-0.0010429907581495901,-0.0040538174536826595,0.0026840605505582026,0.0010889920962755927,-6.681568199435131e-4,-1.577231951060783e-4,-8.402016355263608e-4,-4.261899833493518e-4,-1.679515951316787e-4,5.553644973048348e-5,-0.0011873946529283638,-2.2309495990285307e-4,3.7397123554846606e-4,2.0681156440160997e-17,6.613633252161577e-18,2.7430314963883262e-17,3.577867169202165e-18,NA,NA,NA,NA,NA,NA,NA,NA,NA
NHMUK.34.7.18.89.peninsulae.CRANIUM.DORSAL,-0.01061152686740053,-0.0028759173301721916,0.010226884102221568,0.006535301316400593,0.0077192432598091046,-0.01820818310246385,0.013788620489280125,0.0012330294258656434,0.00999787465188642,-9.714439782085789e-4,0.0032898801836783245,0.006903140020378371,-0.005891085924099391,-0.0010828812014845653,-0.005414862509232864,0.004583792246763423,-0.0013629345531588296,-0.001975728357298449,3.651136809369588e-4,9.796069206754777e-4,-0.004940314451646963,-0.0010514821531562473,-0.00281091838296186,-4.874356825257454e-4,0.0028399074680423176,0.0013635946476327609,-0.0020414188874994235,-0.0010464487055507653,-0.0013675663508509394,0.003180976733531914,-0.0011273645582227172,-7.525783175503926e-4,4.650297864399082e-4,6.318438950225706e-4,0.0013579473297416524,0.0015993181634371292,-3.404646008483656e-4,1.4720978789996107e-4,9.29093499184297e-17,-1.8756697583999227e-17,4.049495114233359e-17,1.702197410802242e-17,NA,NA,NA,NA,NA,NA,NA,NA,NA
NHMUK.55.1431.peninsulae.CRANIUM.DORSAL,0.034594621302324005,-0.023552540966546978,6.460319369429263e-4,-0.00623611506315053,-0.004181403370019857,-0.011925549514646971,0.006219705733640095,0.0028358408094850945,-0.003115768164554247,-0.004682218236932236,0.005474033451154794,0.003192292331442723,-3.463980985875914e-4,0.0014925813188338627,1.5649666192018094e-5,-9.5326357122294e-4,3.5338058078325464e-4,-0.0032147267169667726,0.0043185502305858785,0.0010321197565074723,-0.0029720540580164684,-0.0033333812902338325,0.0012685450869218853,-0.0024518569471318574,0.0019116440908118876,-0.0023624078380039305,0.0015297576367728433,0.0027316822911453466,0.0021471728408242047,0.00102623950823392,-2.2615356090939314e-5,0.001206446293709894,5.544834234576245e-4,-1.9876476790582566e-4,-1.7570185859035377e-4,-5.051359339747429e-4,-9.120217136326049e-4,-1.7609375703397134e-4,3.781155076543197e-18,5.5185890579512176e-17,3.06287113727155e-17,-6.830473686658678e-18,NA,NA,NA,NA,NA,NA,NA,NA,NA
NHMUK.55.1433.peninsulae.CRANIUM.DORSAL,0.008244899318068283,-0.030863102494149527,-0.01099290896295968,0.006460727206559173,-0.010011402852361786,-0.006304678121531555,0.006024399687554845,-0.008362799994582053,-0.00730598116978454,0.00682443287146876,-0.008528742626139571,0.002955435571673872,-0.008055841647783047,0.0034226198964772097,-4.5496042704623574e-4,-0.005589844232189068,-0.00810556251911875,-0.0030253140561879517,-0.004052081124991007,0.007423813816153798,0.001934034234196428,-4.456250530507118e-4,6.838778252307514e-4,8.579684370994601e-4,-0.001643531998685078,-0.0016050659279827602,0.0013831091565810205,-8.052128315942044e-4,-0.002057589060319583,7.971609623670266e-4,-3.691903843544637e-4,6.070929570092555e-4,9.209906542497804e-4,3.27975974856646e-4,1.5570926043127894e-4,-6.028002414828937e-4,1.745447643386572e-5,-1.5949500418989862e-4,1.4054309474022253e-16,1.7035526635178488e-17,-3.869246503057644e-18,7.589415207398531e-19,NA,NA,NA,NA,NA,NA,NA,NA,NA
NHMUK.55.1436.peninsulae.CRANIUM.DORSAL,-0.004415187710898057,0.0019192810749035592,0.020035137599316532,0.004808080960250842,-0.018765766858794827,0.02057124956470642,-4.932135040858612e-4,-0.012260981351216104,0.005585206924493863,-0.0014439651705752073,0.003862565862911412,-0.003697519534426848,0.0030853496461468056,0.005764078663157872,-8.872459703601492e-4,0.001586851657979369,0.006666305066272494,-0.0030546256941636424,-0.0021279675113195437,0.0022854172153563743,0.006838995740846787,0.0028054277664904628,-0.001291368681493438,-0.00081625362619132055,2.4588435317133878e-5,7.132529355012287e-4,0.001572486303729618,3.9938622573584516e-4,0.0025089363876291976,-8.923063180941932e-4,4.2594953264854036e-5,-0.0016344942391810606,0.0013280821869839493,1.9091999812758975e-4,-7.549098339067675e-5,5.992783259908604e-4,-5.222511149509111e-4,4.4388428306814897e-5,4.07524491582989e-17,2.4801124695605914e-17,-6.572975670693371e-18,-7.697835424647081e-18,NA,NA,NA,NA,NA,NA,NA,NA,NA
NHMUK.79.11.21.240.peninsulae.CRANIUM.DORSAL,-0.006905526429672125,0.008523843968653796,-0.012336279848236023,-0.006007673313244689,0.005241745193887459,0.0015456957416493387,0.010683640107304979,-0.0017540169336877215,0.0017155161303955924,0.009113062393818261,-0.008864881221729648,0.003025092838998571,-0.0025162182662321893,0.0015285943489504186,0.00514459990308934,-0.004065826154335774,0.002466878398562063,1.984827614554873e-4,0.0035890830663876864,0.0027480757240044636,3.6383818533622267e-4,0.0038194379058935956,0.002015137885850892,0.005302018884470613,1.4851327999202367e-5,-5.987291311412237e-4,0.0010970388745737043,-3.446076989032455e-4,-0.0014022999540048253,-6.47350285280862e-4,0.0015166375101457609,-0.0016058366648826132,1.2077081501034897e-4,-6.439246078773029e-4,0.0011052496264379581,-0.0011270123439488609,6.270641307274516e-4,-3.532671541311913e-4,-7.560277274012983e-17,4.347650711666873e-17,5.5321415851072864e-17,-2.2768245622195593e-18,NA,NA,NA,NA,NA,NA,NA,NA,NA
NHMUK.98.1.7.4.peninsulae.CRANIUM.DORSAL,-0.0286255678698366,-0.002422734741859083,-0.011909807240249664,-0.011456966547619152,0.0016377519650099851,0.00857981851960019,0.0056498659278373,-0.015146208061360475,-0.015266124271344779,0.00450188675648919,0.019396518984615457,-0.004075439221690107,-0.006627641096960363,0.00845611907148428,0.013222929548987837,0.01686835464079278,5.727372750575622e-4,0.004226641563074944,0.004391263885568307,0.001965648186578263,-0.002728217844207989,0.0033785683906843392,0.0015753978672371895,2.498453450350423e-4,-7.186990957226994e-4,2.2249786918202138e-4,0.0016285660139471745,3.164510905779897e-4,-0.0012284409631751758,0.0012623293959314788,-5.556378769504056e-4,-4.984084469975394e-4,4.1022155530347833e-4,-9.839227047879072e-4,-2.7023087487205825e-4,-1.002444022656987e-4,-4.1795174381206756e-4,1.6818115578859884e-4,-3.729655473350135e-17,4.228388472693467e-18,4.7813315806610746e-17,3.7947076036992655e-18,NA,NA,NA,NA,NA,NA,NA,NA,NA
NHMUK.98.8.3.1.peninsulae.CRANIUM.DORSAL,-0.010005245582955364,-0.009312897590615413,-0.007773664133562999,2.2495494672037644e-4,-0.0031301963874835895,-3.364008864283866e-4,-9.985595498617904e-4,-0.0036449605671219653,0.005506412403526766,-0.005436126542802299,2.8599927834227934e-4,0.004227058567074571,0.0029472059420396694,-0.01580180804899631,0.0050071188902561774,0.005372171640865358,-0.0035478732591984127,-0.0029514373062172325,0.0062525785762913505,-0.004073856760655715,-0.0022179986163328195,0.003419011177063904,0.002678054028912011,-0.00396388447692009,-0.0020239261075924685,3.456723276097269e-4,-0.002707236157384061,-0.001433633316155427,-7.840977109118233e-4,-0.0014046191314517709,4.7758495094725294e-4,0.002055065828543624,7.747609885734499e-4,0.0011931958076082261,0.0013176450828594724,-4.758449549456221e-4,-1.8123170333773396e-4,-1.1034386574577568e-4,-2.1480755542369057e-18,5.1662233518934286e-17,-1.6127507315721878e-18,-6.396792817664476e-18,NA,NA,NA,NA,NA,NA,NA,NA,NA
NHMUK.0.2.2.6.Borneanus.CRANIUM.DORSAL,-3.462148555282331e-4,-0.023271098762331122,-0.002250174978946578,0.0066190154028403685,0.0033913936362860923,-0.01768610225275096,-0.019537325486596358,0.009576053287916664,0.02032867905632858,-0.0011435234638431397,0.004771365939331692,2.1813303645288048e-4,-0.0010149182198081693,0.0063734145251359,0.0031006401125247174,-0.005353825494817946,-0.0031202769824500948,-0.003575062988176143,0.0049795960149043965,-0.001377950201612234,0.002297849521091343,-6.684892392013922e-4,0.0043075855945015696,-0.005041651711985865,-5.330164125584174e-4,0.0010498649933022694,0.003023361528743385,3.147373678642328e-5,4.100073766736135e-4,0.002117460635043662,9.068073081629937e-4,-9.68622423773383e-4,1.843853513989235e-5,-8.766886662494081e-4,-5.18987340941051e-4,1.0256896657944844e-4,0.0011355180479448058,2.2231297699392127e-4,-8.283304597789254e-17,4.466912950640278e-17,1.6317242695906842e-17,-5.421010862427522e-18,19/03/2021,0.2.2.6,variegatus,Male,Borneo,3.333439,114.151928,5,100
NHMUK.0.3.30.4.Borneanus.CRANIUM.DORSAL,0.022104214534492676,-0.00487170689356047,-0.014941027738915138,0.01567121346687471,0.02414191488699788,6.794431684898647e-5,-0.004638988902167484,-0.013023123892197211,0.002953099087585637,-0.013024591820485619,-0.0034307107154042888,0.0033073335604894777,-8.43460701109814e-4,0.003909061413794845,0.004069948722200039,-0.004206304043314625,0.007212541929516459,-0.003191081165417851,0.007383431606480656,-0.0036658416209823376,0.0036912181940311475,-3.2102594489441527e-4,-0.001226877987665561,0.0038209724965621154,0.0019517920024702924,-9.631368566982541e-4,-0.002619092951561001,-3.104611223862565e-4,2.4330296048663883e-4,-9.507615914401376e-4,-7.59474272714138e-4,-3.0098959644455123e-4,0.001546150889184943,3.437905410993699e-4,-8.450267753775883e-4,-0.0014277893326836754,6.497766569020183e-4,1.1524648573175658e-4,-1.6273196982649618e-17,-4.279888075886529e-17,-1.8987090545652396e-17,-1.3037531124138191e-17,19/03/2021,0.3.30.4,variegatus,NIL,Borneo,3.670523,114.442385,115,75
NHMUK.0.8.4.4.Borneanus.CRANIUM.DORSAL,-0.014523314939236894,-0.01732007528076646,-0.025328004296545352,0.011091208871709004,0.018161950900390585,-0.0027134215022272083,-0.0037712890099204136,0.004211736281481248,0.0015640477621633323,-0.004757366438641934,0.006658179980039467,0.0021518104462448307,-0.008890345703866463,0.0018106673865483129,-0.005100674429131436,0.0018659337267889443,9.540246665573453e-4,0.001161743213456589,-0.0024917946857393,-5.804009858748408e-4,0.006096923442248383,1.5810125570150517e-4,2.1595649471953257e-4,-4.0239214508661027e-4,-3.11881475741813e-4,0.0034014799037003145,-0.0015677360595736406,0.0018183805906065522,-5.105719706434871e-4,-8.031824512043347e-4,-0.0019821225962965085,0.0018722161039423566,5.518091040929321e-4,2.045789657138532e-4,-0.0013463565101491698,1.220668322741534e-4,-9.97948367855098e-6,-5.116184601236719e-4,4.119968255444917e-18,-2.3689817468808272e-17,7.684282897491013e-17,5.963111948670274e-19,19/03/2021,0.8.4.4,variegatus,Male,Borneo,3.670523,114.442385,115,75
NHMUK.8.1.25.25.Aoris.CRANIUM.DORSAL,0.008585227025637944,0.01592103571956147,-0.028123370035919606,0.00649296333752867,-0.0023098694064856333,-0.0016772994226163824,0.0069118231075104555,-7.623829308934858e-4,-1.3131611262163739e-4,0.012366226079547135,-0.0012082622628852915,0.0076746415753837964,0.005662484387734459,-0.006840897125207536,-0.0033362449213033755,-0.0020609409882331644,0.003844933810847628,0.001023811823718844,0.004748128803264488,-0.0031160669670435826,-7.247819661369382e-4,-0.0021148077011545353,5.441480097664242e-4,-0.004505196304676744,0.0021220772348188375,-0.002577117446817221,-0.001985030521772976,-0.004546412043279032,3.733775850402601e-4,0.0013038531269651155,7.65734562205308e-4,-3.5252884132367106e-4,-4.079360396256023e-4,-0.0012411912321002166,-5.72471219605801e-4,5.109378915593146e-4,-3.159425793897905e-4,-2.7017645632913454e-4,-1.8851565274091708e-17,7.047314121155779e-18,3.7947076036992655e-18,-5.204170427930421e-18,19/03/2021,8.1.25.25,variegatus,Female,Peninsular SEA,2.448942,104.520053,2.63,100
NHMUK.8.1.25.26.Aoris.CRANIUM.DORSAL,-0.00972162813534433,0.02263944308054027,-0.017204506142469708,-3.945652142684849e-4,-0.007554897482859599,0.005285555599046524,-0.007280341411612561,0.005128369023314988,-0.006999686543305382,-0.00207933024417014,-0.006424508271534192,-0.0054754405847323535,-0.0014976736999085213,-0.004846951821106814,0.0024411246393840932,0.0015391125880127921,5.086789042424187e-4,3.051517400958319e-4,0.003961443765409954,-0.004974051761297917,-0.0022322202475984136,0.001345889726108745,1.102762488822179e-5,-3.8504550573853166e-4,-7.78767936674295e-4,-0.004356142421267028,0.0050530841928809805,-5.877142038202131e-4,2.0609439645885816e-4,0.0014458501048413613,0.0014180677488485715,3.107147418307981e-4,-1.5954010377089756e-4,2.572559005363379e-4,-6.457143330387825e-4,-2.665769642802272e-4,-2.95198554940103e-4,-7.706713138205938e-4,3.570243872676876e-17,-1.026807219979553e-16,4.3151246464923076e-17,-1.3430554411664186e-17,19/03/2021,8.1.25.26,variegatus,Male,Peninsular SEA,2.448942,104.520053,2.63,100
NHMUK.8.7.17.6.Borneanus.CRANIUM.DORSAL,0.001423494635210352,-0.011373107360322206,-0.023441458121738857,-0.006245261188313498,0.0043855306674447925,-0.0016834767906503943,-0.014854390098515483,0.007348466835611655,4.6135176249263244e-4,-0.004089730224336537,-6.357079779585872e-4,-0.003400604691998403,0.0017806893517748321,1.4229253622431668e-4,0.006494534181738108,-0.009739192432766584,-0.004133943900618617,-0.003471452218245209,-0.003005151673322181,-0.0028222054235554363,-0.001436068462510449,-9.678215487108995e-4,-0.0011095805775929693,-0.0019034097160450256,0.0020046290947452593,0.001833478613138266,0.003414820116274162,4.3427215670314696e-4,-6.235847336614352e-4,-0.0020398544174604644,-0.0015427029908302362,-3.8819971659805714e-4,-0.0021371822044659655,4.839877513175744e-4,4.470557065838867e-4,5.362648075907368e-5,-0.0011662706084312724,4.69376617497924e-4,-1.2047519015387365e-16,-6.396792817664476e-18,1.4501204056993622e-17,7.047314121155779e-18,19/03/2021,8.7.17.6,variegatus,NIL,Borneo,5.304512762,116.9350579,253,75
NHMUK.9.11.1.10.Pumilus.CRANIUM.DORSAL,-0.008909613302120582,-0.006748635957886283,-0.0084978750245528,0.013652237156455697,0.003728438229007816,0.001127758676351452,-0.003802621233632169,-0.001444497591844634,0.0033918395862318367,0.012895207237525365,-0.0027560106963312896,0.004903589448987222,0.0037027309165321306,-3.2888190745028635e-4,0.009026735324956877,-0.0026466783065264904,2.164102081325581e-4,0.0017715284504804772,0.004058952954074568,-7.744833066402856e-4,-0.0030761151012927827,-0.0014736556156042472,-0.0032818485991712304,3.725024442906637e-4,-1.873649300005543e-5,0.0028832491681978294,-6.0106706275133115e-6,1.946365087201206e-4,0.0014164665647245084,-4.5619226870384695e-4,0.002613689580655123,-0.0013375701712308192,7.757207303629036e-5,0.002009740478515983,-1.1317705485605815e-4,4.4711922533318814e-4,-8.410018265907654e-5,2.3152068680764803e-4,7.392903563635533e-17,5.702903427273753e-17,4.2792104495287253e-17,3.984442983884229e-18,19/03/2021,9.11.1.10,variegatus,Male,Riau Archipelago,6.239468,99.810481,6.96,100
NHMUK.50.10.24.7.Borneanus.CRANIUM.DORSAL,-0.0025832961961589187,-9.840777901192349e-4,-0.00779085298681521,0.008630204765554218,-0.021168068784980953,0.014564489508705496,-0.009851902516446666,0.016369238232439003,-0.009024588126831962,0.003115086237103238,-5.524517277445024e-4,-0.012678955166525225,8.422575572210472e-4,-0.007239705454271409,-0.00256308258640842,-0.001893741296320388,-0.0031377304216831745,0.00775157189733574,-0.0021798734247401664,-0.003987244918914373,-3.6387913976506227e-4,-2.6875697127314724e-4,0.003287302389072717,0.001964374472345825,0.002434928237361672,-0.001233866005509623,-1.3622611928671986e-4,3.1775496586591455e-5,0.0020093878524620533,-2.3722685462379203e-4,-0.0013439308165880746,0.001281652306289517,-1.2157546320838403e-4,6.867516938832412e-4,3.723119479701736e-4,3.299728667066269e-4,1.0537014496625054e-4,-4.369986854362454e-4,7.839459333428e-17,7.53791560420547e-17,-2.6834003769016235e-18,-1.6263032587282567e-18,19/03/2021,50.10.24.7,variegatus,NIL,Borneo,2.462345332,113.2457313,325,75
NHMUK.51.183.Natunae.CRANIUM.DORSAL,0.023635624875779176,-0.03443150007012698,-0.015526978091857796,0.003579228364739693,-0.0067444004277339995,-0.0027225247809419643,-0.0074696929773416625,-0.010096716967986382,-0.005103249529596769,-0.013667713937932974,0.0010527744253431943,-5.233097647394048e-4,-2.219271791453879e-4,-0.002232966268567932,-9.164611170547001e-4,0.006694938143866279,0.0033041130461407124,-7.232278959794547e-4,0.0038506106885854434,5.946559574754422e-5,-0.0010345409872925617,1.707295262534473e-4,-0.003141822717576811,0.0015615033897181771,-1.5054391710633407e-4,9.209042826902972e-4,2.3422650153635761e-4,4.2496115032585806e-4,0.0041352090038179355,-6.449437137845618e-5,0.0020955034092545385,-4.2705790099503693e-4,2.602238619343337e-4,-4.274723749889812e-4,-9.544443272973593e-6,0.002000489050590995,-2.1705734717057676e-4,-1.7852571439786065e-4,9.76484992583175e-17,3.581255300991182e-17,-5.202476362035913e-18,5.95633568509224e-18,19/03/2021,51.183,variegatus,Male,Borneo,2.468095081,114.4048301,100,75
NHMUK.55.1430.peninsulae.CRANIUM.DORSAL,-0.005012336149424698,-0.010988417270471774,-2.8577099486517545e-4,-0.007374571096091162,0.007377532612757944,-0.001057193678237245,-0.008943457349487757,0.005936817821075731,-0.008100968062988424,0.006097359840508078,7.426689846757478e-4,-0.003740303141975861,-0.015365704211024683,8.616945451835002e-4,0.009936645893109086,3.2502215131263344e-4,0.0061165758738874225,6.335517652084246e-4,-0.0019288708440365785,0.0065099877257881805,0.0031850962765233195,0.0034927582568605063,-0.0014877402793582733,-0.0025091756244429958,0.0017903190129021512,0.002458406789445957,2.782126889288751e-4,-0.003286013704578864,-7.745353648000341e-4,0.001747338787313488,7.486724928432654e-4,0.0018002034077836675,-0.0024773901002269278,7.065062000728833e-4,-5.793451178190501e-4,2.225869506532504e-5,1.993012662395908e-4,-2.3367206985117436e-4,5.858418676389643e-17,3.0222135558033436e-17,-1.9095510762900947e-17,-6.938893903907228e-18,NA,NA,NA,NA,NA,NA,NA,NA,NA
NHMUK.55.1444.Aoris.CRANIUM.DORSAL,0.011373666856695115,0.008983930390352392,-0.0024125570104508052,0.017412841701119647,-0.017819367222780602,-0.0076834610685264995,-0.0028982562976502214,8.799724337281102e-4,0.008564413877386627,0.0013246493137737856,0.006694317712208417,-0.0014676760225270675,-0.0023854294611239273,-0.004074514197728003,-0.0066293197405378895,0.001339813422935503,0.002637749014304919,0.0017516499220595859,-0.0010804813979759008,-0.004505034144542811,-0.0014369708015812008,0.006962653803536845,-0.005610365943596316,-3.0537683446980124e-5,0.001183089042074434,0.002776702189469283,-8.855701050874815e-5,0.0024304377632289923,-0.005178838197316108,8.373133788054353e-4,-5.380148919487332e-4,-0.0010318614164310917,-0.0011515774360963318,-4.980703674673294e-4,4.185175721540688e-4,-2.895727097449373e-4,-8.941470889558768e-4,-7.524069239242788e-4,2.89346454782069e-17,-3.176712365382528e-17,2.3310346708438345e-18,-1.8431436932253575e-17,19/03/2021,55.1444,variegatus,Male,Peninsular SEA,2.448942,104.520053,2.63,100
NHMUK.55.1445.Aoris.CRANIUM.DORSAL,0.006582373150855651,0.0288035416384049,-0.015024073672189869,0.006497188741906521,-0.004586335731033963,-0.020830213788790207,-0.008178870989383346,0.009221270344071419,0.0062234317111999156,-0.004055872031393363,-0.0010211132799601004,0.003712075166327415,-0.0020647683209603193,0.0026936909903353167,-0.004025907982707905,0.0074200460352975076,0.007160949270944837,0.006252803385547224,0.002978922078536667,0.008290172549451313,-0.001085095724499315,-0.005186223118391367,-0.004495317331281425,0.0028561302399973286,-7.23807937503808e-4,-0.00131670724464184,0.003072364066166754,-6.95413481335426e-4,-0.0013502659106815241,-0.0012335405921716973,-9.331942426312476e-4,-6.058809230455105e-4,1.9120634585200862e-4,7.237613624564903e-4,2.830132316323719e-5,0.001158541517933953,3.851851808645676e-4,-1.4197631861314068e-4,-4.9785208507818757e-17,6.326319676452918e-17,3.475545589173845e-17,-9.215718466126788e-18,19/03/2021,55.1445,variegatus,Male,Peninsular SEA,2.448942,104.520053,2.63,100
NHMUK.55.1446.Aoris.CRANIUM.DORSAL,-0.002337475822302256,0.0382670166986036,-0.0081736112026663,-0.009976483621950734,-0.0015426143241388998,-0.012380770176035831,-0.0074127056591107975,-0.009899752983474102,0.004919235995169104,-0.004106573490696902,0.009952450286291586,-4.579957912761324e-4,-0.0012387827435400127,-0.004790097467549689,-0.0035940024622608197,-0.0027927391702226244,0.0021968005306616106,2.6068040164925076e-4,-0.0025749842548275473,0.002350125348789342,-0.0022214091843830693,3.8807648165121436e-4,0.004636709997656579,0.0027217292323128053,-0.006132405701497161,4.794954464406422e-4,0.002137265545052706,-0.0017087342220545086,4.8696471034193306e-4,-8.068427255662912e-5,0.002023598235460913,3.084260025304421e-5,0.0018075691511123717,1.548843805604848e-4,9.031420253408521e-5,-9.465583009878068e-4,-5.769826907345705e-4,5.173713524948847e-4,5.443372532235036e-17,-6.2341624917916505e-19,3.16925847544669e-17,1.1384122811097797e-18,19/03/2021,55.1446,variegatus,Female,Peninsular SEA,2.448942,104.520053,2.63,100
NHMUK.55.1447.Aoris.CRANIUM.DORSAL,0.0032520689579540684,0.026058439230253295,-0.014335923832435619,0.003337528197377787,-0.014033770142539191,0.0022446009791875234,0.010681210014494432,0.0019430698801821734,-0.006361290626120728,-0.01164923462657651,0.002570853398733606,0.00405210803298334,0.004069203454961467,-0.001537522931292114,-0.0022075471956176985,0.002046243976848501,-0.0043028677209835655,-0.0027124570346944584,6.157556155569157e-4,-0.003253861465205959,0.0067831874563892254,-0.0019396072398689846,9.530956410735443e-4,0.005186306539495224,0.002807037064629556,0.005914441336579699,0.001209624802651352,-1.977686170164775e-5,0.0012416013227404155,0.002266479493609012,-1.772764158491093e-4,-9.132415356120768e-4,-0.001282370901092556,-3.5809752845688376e-4,0.0013300333884731436,-8.188578533062331e-4,-1.3102383607305304e-4,3.5115388790067826e-4,9.194034422677078e-17,3.355605723842636e-17,2.3744027577432547e-17,-1.6263032587282567e-17,19/03/2021,55.1447,variegatus,Female,Peninsular SEA,2.448942,104.520053,2.63,100
NHMUK.55.1448.Taylori.CRANIUM.DORSAL,-0.020086942562107017,0.00913129191370569,-0.0012152090102344293,0.01413890299615716,-0.008932289111313538,0.011943793885187052,0.008887895872783914,0.0038181423134057216,7.504348068791388e-4,-0.0024834216753171897,0.008905811753690386,-0.006768253545986856,0.0010411126464261505,5.464773901733214e-4,-0.006380604577436604,0.0011822899476277276,0.0045686201454261735,-0.005847654423783859,-0.004512227631859601,-2.624909327820055e-4,-0.007321666084608507,9.25041878364825e-4,0.0028040958740854537,-0.0053555379999677835,-0.0023290422004472637,0.0044250482096894255,-8.376672275598115e-4,-7.410417190677257e-4,0.0021639194360701447,-1.2405150042392118e-4,0.0010894008253005305,5.237041860833532e-5,-7.514215740527435e-4,0.0016134527359568792,-4.8064724879058694e-5,2.0731785426957893e-4,0.0011906540754910394,2.6595306998058424e-4,-4.212125440106185e-17,-2.7647155398380363e-17,3.903127820947816e-17,-8.673617379884035e-18,19/03/2021,55.1448,variegatus,Male,Peninsular SEA,2.789944,104.202186,1.45,75
NHMUK.55.1449.Taylori.CRANIUM.DORSAL,-0.02162444250418332,-0.004438851114306617,0.02291511563497253,-0.002970404362297833,-0.015341048273613307,0.004854413419526651,-0.00786374836351042,-0.0074848348086660075,0.002797946170450686,-0.003310026717344292,-0.0010627960515877022,4.762722979436665e-4,3.975601212971525e-5,-0.013227405703327432,1.9198288811536634e-4,-0.007866569591246193,-0.0020728010647185695,0.0026906123998545247,0.006097690938564822,3.686477461476398e-5,-0.00489454476468007,-0.0016067354142267128,6.94868121787939e-4,8.539542114495152e-4,6.352768414114266e-4,0.0013394076774873968,0.0016260759996478613,7.884898193020643e-5,-0.001935092072731641,6.73977108315605e-4,-0.0024463702595243,-7.143785226728789e-4,0.0010722416885856733,8.357011546753884e-4,-0.0018966409446093358,4.8192736259782757e-4,9.387695519877e-5,3.4105388752271224e-4,1.2878288930054382e-17,-4.1470733097570545e-18,1.0862350515589148e-17,-5.014435047745458e-18,19/03/2021,55.1449,variegatus,Female,Peninsular SEA,2.803797,104.168595,9.73,100
NHMUK.55.1450.Taylori.CRANIUM.DORSAL,-0.014619740732401229,0.009834380613493239,0.0018760033323833498,-0.021185167524559134,0.002684993586954893,-0.012826378516961424,-0.008272528326477445,-0.009073871722393576,-0.005297918403859743,0.008505844363554317,0.004823173553434187,0.0065160401104257795,0.00881802729257509,-0.006086383505952023,-0.0018699190895925556,-0.002493733678753421,-0.001125242162847911,0.00468271076795196,0.0054688321414802996,0.0025155124227306627,0.002585318278379686,-0.001023924417427718,0.003447966010004156,-2.363275031994684e-4,4.323249051098129e-4,0.002745456704317966,-0.0013919135780342399,0.004565493783817203,-2.8541861275853896e-4,-8.863542309679109e-4,0.0011006256320413692,6.328773687143711e-4,-0.0015732624554805324,-0.0012036343558312328,-0.0014379725673120073,1.0832901210311674e-4,8.991538285647583e-5,-8.767022361337432e-5,4.919567357652976e-18,-1.439278383974507e-17,1.5178830414797062e-17,-6.288372600415926e-18,19/03/2021,55.145,variegatus,Female,Peninsular SEA,2.789944,104.202186,1.45,75
NHMUK.55.1451.Taylori.CRANIUM.DORSAL,-0.00852517422842472,0.005216815808512796,0.024920386403951316,-0.010191593361864142,0.02289006454966584,0.006087249362114295,0.010693718228447205,0.006582094438941875,0.005626320414258135,-0.002057865053768065,0.004646516504838353,-0.006053632580847935,0.008487572391399974,-0.007351472975689012,0.0012043991316918242,-0.0012911259581280478,0.0028114171975419915,-0.004731573233636181,-0.002609014963916797,0.0027316054468950195,0.0028822889315637283,-0.0038944543161338434,0.0012800275794532412,0.003855274176881072,-0.0012818759918782631,0.0010575968706725966,3.7333032794454495e-4,-2.6172995593841614e-5,-0.0012293375105469977,0.002190094403398258,4.940449756957205e-4,-0.0014502378369119736,4.222300810121607e-4,-2.216618447266452e-4,-9.338702237906605e-4,0.0012124287972354385,-1.3114747191372256e-4,-9.531324713626382e-4,-4.1226787608761306e-17,2.6346112791397758e-17,7.386127300057499e-18,-3.848917712323541e-18,19/03/2021,55.1451,variegatus,Female,Peninsular SEA,2.789944,104.202186,1.45,75
NHMUK.7.6.18.3.Tellonis.CRANIUM.DORSAL,-0.006314772165526666,0.020936944142836072,-0.00681240297340956,0.013221629199515212,-0.009252342044122747,-3.4056127696463533e-4,-0.0024998174787672998,-0.008083645543991123,-0.015051221605721735,-0.0010917883052615602,-0.004656271541416456,0.0049692207350598965,0.0023318956265837923,0.007570510882242108,0.005820256602514699,8.240961990010974e-5,-0.006161119042521205,0.003985607543958741,0.0015533354900036458,0.0023211806715938968,-0.002107369792779119,-0.0026076549566769287,4.467213284769406e-4,-8.077789663095701e-4,-0.00414099156523369,5.755140847553e-4,-0.0031371497186270607,0.002278579853223602,2.8796696100033894e-4,0.001584598130329609,-7.206210402266249e-4,0.001367584980817045,-2.0682420497580628e-4,-1.232486792461622e-4,0.001461394428862309,0.0010113441571588553,1.8518235809764983e-4,6.443623969260514e-5,-6.610922746730363e-17,-1.5178830414797062e-17,-1.1438332919722072e-17,-1.973247953923618e-17,26/03/2021,7.6.18.3,variegatus,Female,Sumatra,-0.063028,98.276616,3.04,100
NHMUK.7.6.18.4.Tellonis.CRANIUM.DORSAL,0.00573594133260422,0.011436048612626589,0.0041999847960648715,0.0012734753493105313,-0.005498058143990389,-0.0060769589974839534,-0.015610498777012876,0.003027973236534212,-0.0036953937790171255,9.520382940817106e-4,0.007453822769854726,5.810078187881216e-4,-0.009985174696974764,0.005476432477046057,4.996934438676494e-4,0.0038976213966832696,-0.005611170511241167,-0.005905161070682245,-1.8616675387974848e-4,-0.004109156447277792,-0.001009676193632619,-0.002623507338479553,-4.889827201265881e-4,0.003217416491861615,-2.0008853437355567e-4,-0.002577658288139608,-0.004352619137396651,-0.001421754689112127,-0.001639680824407973,-0.0030990474248192806,0.0027995815725291285,-7.922245389233633e-4,-9.071459169889782e-4,0.0011269537615917037,-9.232907130467109e-4,9.412200506635997e-4,1.1921114854370444e-4,-9.212150211999781e-5,8.892490693454547e-17,-5.664956351236761e-17,6.139294801699169e-18,-8.673617379884035e-19,26/03/2021,7.6.18.4,variegatus,Male,Sumatra,-0.063028,98.276616,3.04,100
NHMUK.9.4.1.93.peninsulae.CRANIUM.DORSAL,-0.015314391719594563,-0.014945335363362577,0.012467462194621972,0.0021036127091255672,0.019393531750161536,-0.0015206593052662937,0.011642095806907636,0.0080397975245076,-0.006775338899432417,0.005989339748284443,-0.005726276501209375,0.008556594398558146,-0.01318733369390029,-0.00764748352823878,0.0028613063551594653,-6.492437725518377e-5,1.3976240678944467e-4,-0.001007767461324357,-0.0025431972675961758,-0.008692453194720617,-7.070843835602426e-4,-0.002158454941795679,-0.001499377783736211,-7.634295629411511e-4,-0.004721158577044907,9.77763289415874e-4,0.0031082201908885,0.0019011855787048528,0.0014597962389735553,-0.0013844885566431978,7.830421036362722e-4,-6.067342739912965e-4,0.0010598421365587334,-2.8033757998536916e-4,2.163315847299885e-4,-7.901341355791773e-4,-9.95992630800902e-4,4.684878021752719e-5,4.149783815188268e-17,8.944667923005412e-18,1.328147661294743e-17,-1.100465205072787e-17,NA,NA,NA,NA,NA,NA,NA,NA,NA
NHMUK.9.4.1.96.Chombolis.CRANIUM.DORSAL,0.011018127113910228,-0.005168814524454615,-8.429326065139928e-4,0.01858976939265299,0.006085499876875574,0.01875468760996461,-0.004450476565141289,-0.0016235688134328186,0.014541641423484792,0.011967499856836877,-0.0019315173948484972,0.01305586682109802,0.01147976205193172,0.007097643753249393,-0.003249545557773766,0.006594502894377816,-0.004447151632617651,-0.0031671438734101392,-0.006371506845412089,-6.511783400082108e-4,7.511495798751979e-4,8.843395494084605e-4,-0.0013953518020816185,1.1444513881616849e-4,-0.0030687670029535966,-0.0010504959253559711,0.003936631108987844,-0.0018466441368157238,5.5199609465074245e-6,5.170944459377239e-4,3.1042252027649775e-4,-2.7689900876549478e-5,-0.0018816909892448938,-5.090001852222364e-4,-5.33503537495943e-4,-2.7085281801944474e-4,-2.8927244804786273e-4,-2.5252485599245743e-4,1.1736488517155585e-17,-1.22514845490862e-17,-1.0354130747236567e-17,-1.1058862159352145e-17,26/03/2021,9.4.1.96,variegatus,Male,Riau Archipelago,1.05586596,103.3631257,11.12,100
NHMUK.9.4.1.97.Chombolis.CRANIUM.DORSAL,-0.011419360844328588,0.004528581751955464,0.007597222534734455,-0.01290399460278691,-0.005649478965009562,0.008364599889208957,-0.0016969578918397932,0.015143913981605256,-0.003775419024574505,0.0031728978781457354,0.006757109895561026,0.016455782470377336,0.0014666460520987464,0.004280553080199955,-6.131431583898833e-4,-0.0034661215674145697,0.0015732747177876704,0.007199624339619474,0.002552535459504161,-0.004244762431270802,0.0037521758475750895,3.0265719749098614e-4,-9.292786731302179e-4,-0.0023950904895822245,0.0013584051821721474,-0.0021950233506120385,-1.1237613998906428e-4,4.2985218740250854e-4,-6.872772460994299e-4,5.501812970687035e-4,7.43036763691947e-4,-1.3174300840294352e-4,0.002262406227438023,-6.291111395573712e-5,0.0018749035601556138,-1.4298976139369803e-4,7.384762566614448e-4,-4.0594787646346736e-5,-5.606680484465665e-17,-6.852157730108388e-17,-2.656295322589486e-18,1.5720931501039814e-17,26/03/2021,9.4.1.97,variegatus,Female,Riau Archipelago,1.05586596,103.3631257,11.12,100
NHMUK.9.4.1.98.Chombolis.CRANIUM.DORSAL,-1.3438659189473153e-4,0.007000551456574744,-0.003827075172594759,-0.00142105263539687,0.017141731375179152,0.020032716642175256,0.0047834594348336555,0.005867115907637177,0.006197840927188706,-0.001826281811835596,0.008044868901024488,2.048347747166652e-5,9.430688521004418e-4,0.0024721023583755917,0.0033620891610938054,0.0011171099844565061,-0.00809470576871557,0.0036305250123770385,8.36269354490154e-5,7.589353292423446e-4,-0.0015592845135527335,-0.0032030862050314145,-0.0011500032194529928,-0.0024046191439438857,0.0016174922750828461,0.0010894443681055267,-0.002793146014947211,-8.16941251745974e-4,-7.426910925640614e-4,-0.0021562817179318246,8.65260487436004e-4,-1.4390027307133386e-4,-0.0012065013244182358,-0.0017190183042942908,-2.2522848854713122e-4,-4.437608707580995e-4,-2.5605106522646505e-4,-3.812353919113408e-4,4.212125440106185e-17,2.5478751053409354e-17,3.8516282177547545e-17,1.1926223897340549e-18,26/03/2021,9.4.1.98,variegatus,Female,Riau Archipelago,1.05586596,103.3631257,11.12,100
NHMUK.19.11.12.9.Temminckii.CRANIUM.DORSAL,0.009895518844358561,-0.0011771085983874653,0.021164391954268343,0.002246399289088507,0.0035272250646494214,0.006630483918575468,-0.01441070729618802,-0.008320009854112048,-2.1265681385718152e-4,0.003966474068278498,0.0021652488756812127,0.00462268282548732,-0.0061559193111502975,-4.958975130060229e-4,-0.002293240396649161,0.006313624821947535,0.004381843030343352,-0.004643729333191836,0.0017624048241383266,-0.00546729393807654,-7.284606596556986e-4,4.5220907001411123e-4,0.002536230001556996,0.0026346593898487164,0.0018232549212340774,-0.00164555840911672,-2.1081691226371648e-4,-7.573949758884769e-4,2.8870397638582003e-4,-9.722209533007501e-4,-0.0022256227525751467,-0.0015574739857587947,-3.517858112954585e-4,3.5209954835694517e-4,5.480554635292738e-4,4.367818837043228e-4,-8.274978513404986e-4,-1.8010038837484228e-4,-1.372261137187747e-16,3.802839119992907e-17,3.4979072589813587e-17,-5.44811591673966e-18,26/03/2021,19.11.12.9,variegatus,Male,Sumatra,-1.895761824,101.3143701,4,75
NHMUK.19.11.12.10.Temminckii.CRANIUM.DORSAL,4.8015237475105215e-4,-0.015118913472768364,0.006584993219699798,-0.019185960411150667,0.008783545584459007,0.020980669524314235,-0.015762116697820135,0.004701276070275333,-8.914332076708975e-4,-0.0014848081705025231,-9.188981185079357e-4,-0.002421172731873751,0.0020054719837230817,-0.00726021550509585,0.006433089797383523,0.006354979245509969,0.004997898748525069,-0.0021001155755218173,-0.0023520651656154263,0.0022969803396749107,-3.2319479030335993e-4,-0.0033023103748350212,1.4577192696592562e-4,-0.001834611234681824,0.002597757267063798,-5.936223842650211e-4,0.0014903771232338853,-0.0014526591406556844,-0.00217135143148528,3.3755204655451455e-4,-0.0015460123220500045,-4.627620283056693e-4,0.0016349618946786158,-7.128715622122938e-6,0.0013150533049317954,1.1357776822051616e-4,0.0012228873772358903,1.6740133964620064e-4,1.363790807715204e-16,-4.1904413966564746e-17,3.8299441743050444e-17,-1.2034644114589099e-17,26/03/2021,19.11.12.10,variegatus,Female,Sumatra,-2.706140547,102.5892621,10,75
NHMUK.94.9.28.35.Borneanus.CRANIUM.DORSAL,-0.00815964334213413,0.014448658607066733,0.0062471988926728955,-0.003906607080804469,-0.005438789617348527,-0.004972624438571557,0.00449460052455343,-0.008374396953163254,0.007217815669074546,0.0024984206676903157,-0.01108289474817234,0.0028311565634422282,-0.0038465951396024047,-2.9464464933095223e-4,-0.004194639375240686,9.764989891108106e-4,-4.3018733706665546e-4,0.004223597996139166,0.00251477912886915,-4.5849375822377123e-4,0.005552154289268575,-0.002079609152327806,-0.0015371528716277964,-0.0046814478341244414,-0.0025744253009892257,0.0012119120472844154,0.0019136793498709128,-0.00419105555474882,0.0014024535996844906,-0.0014030507267567434,-0.003061948628000713,0.001543182361339928,-4.549846955391067e-4,-0.0011453170391715233,-1.9509754979666586e-5,2.2924686676323904e-4,-2.1336259573118816e-4,2.4365449657255786e-4,9.98821251402271e-17,-3.621235256101585e-17,4.423544863740858e-17,1.1058862159352145e-17,26/03/2021,94.9.28.35,variegatus,NIL,Borneo,3.939719,108.182629,32.3,100
NHMUK.55.1430.Peninsulae.CRANIUM.DORSAL,NA,NA,NA,NA,NA,NA,NA,NA,NA,NA,NA,NA,NA,NA,NA,NA,NA,NA,NA,NA,NA,NA,NA,NA,NA,NA,NA,NA,NA,NA,NA,NA,NA,NA,NA,NA,NA,NA,NA,NA,NA,NA,19/03/2021,55.143,variegatus,Male,Peninsular SEA,10.28768056,99.11928889,5,75
NHMUK.14.12.8.105.Peninsulae.CRANIUM.DORSAL,NA,NA,NA,NA,NA,NA,NA,NA,NA,NA,NA,NA,NA,NA,NA,NA,NA,NA,NA,NA,NA,NA,NA,NA,NA,NA,NA,NA,NA,NA,NA,NA,NA,NA,NA,NA,NA,NA,NA,NA,NA,NA,12/03/2021,14.12.8.105,variegatus,Male,Peninsular SEA,10.14962,98.593368,0.795,75
NHMUK.34.7.18.88.Peninsulae.CRANIUM.DORSAL,NA,NA,NA,NA,NA,NA,NA,NA,NA,NA,NA,NA,NA,NA,NA,NA,NA,NA,NA,NA,NA,NA,NA,NA,NA,NA,NA,NA,NA,NA,NA,NA,NA,NA,NA,NA,NA,NA,NA,NA,NA,NA,05/03/2021,34.7.18.88,variegatus,Male,Peninsular SEA,4.496415,101.570916,2.005,75
NHMUK.50.11.22.philippinensis.CRANIUM.DORSAL,NA,NA,NA,NA,NA,NA,NA,NA,NA,NA,NA,NA,NA,NA,NA,NA,NA,NA,NA,NA,NA,NA,NA,NA,NA,NA,NA,NA,NA,NA,NA,NA,NA,NA,NA,NA,NA,NA,NA,NA,NA,NA,05/03/2021,50.11.22.,volans,NIL,Philippines,9.834221,124.16833,55,100
NHMUK.61.1162.Peninsulae.CRANIUM.DORSAL,NA,NA,NA,NA,NA,NA,NA,NA,NA,NA,NA,NA,NA,NA,NA,NA,NA,NA,NA,NA,NA,NA,NA,NA,NA,NA,NA,NA,NA,NA,NA,NA,NA,NA,NA,NA,NA,NA,NA,NA,NA,NA,05/03/2021,61.1162,variegatus,Female,Peninsular SEA,3.078114,101.853127,4,75
NHMUK.71.2621.Peninsulae.CRANIUM.DORSAL,NA,NA,NA,NA,NA,NA,NA,NA,NA,NA,NA,NA,NA,NA,NA,NA,NA,NA,NA,NA,NA,NA,NA,NA,NA,NA,NA,NA,NA,NA,NA,NA,NA,NA,NA,NA,NA,NA,NA,NA,NA,NA,05/03/2021,71.2621,variegatus,Female,Peninsular SEA,3.242112,101.766468,2.75,75
NHMUK.8.7.20.10.Peninsulae.CRANIUM.DORSAL,NA,NA,NA,NA,NA,NA,NA,NA,NA,NA,NA,NA,NA,NA,NA,NA,NA,NA,NA,NA,NA,NA,NA,NA,NA,NA,NA,NA,NA,NA,NA,NA,NA,NA,NA,NA,NA,NA,NA,NA,NA,NA,05/03/2021,8.7.20.10,variegatus,Female,Peninsular SEA,3.488784,101.767941,34.96,75
NHMUK.34.7.18.89.Peninsulae.CRANIUM.DORSAL,NA,NA,NA,NA,NA,NA,NA,NA,NA,NA,NA,NA,NA,NA,NA,NA,NA,NA,NA,NA,NA,NA,NA,NA,NA,NA,NA,NA,NA,NA,NA,NA,NA,NA,NA,NA,NA,NA,NA,NA,NA,NA,12/03/2021,34.7.18.89,variegatus,Female,Peninsular SEA,4.496415,101.570916,2.005,75
NHMUK.55.1431.Peninsulae.CRANIUM.DORSAL,NA,NA,NA,NA,NA,NA,NA,NA,NA,NA,NA,NA,NA,NA,NA,NA,NA,NA,NA,NA,NA,NA,NA,NA,NA,NA,NA,NA,NA,NA,NA,NA,NA,NA,NA,NA,NA,NA,NA,NA,NA,NA,12/03/2021,55.1431,variegatus,Male,Peninsular SEA,5.776442,100.431575,7.97,75
NHMUK.55.1433.Peninsulae.CRANIUM.DORSAL,NA,NA,NA,NA,NA,NA,NA,NA,NA,NA,NA,NA,NA,NA,NA,NA,NA,NA,NA,NA,NA,NA,NA,NA,NA,NA,NA,NA,NA,NA,NA,NA,NA,NA,NA,NA,NA,NA,NA,NA,NA,NA,12/03/2021,55.1433,variegatus,Male,Peninsular SEA,NIL,NIL,NIL,NIL
NHMUK.55.1436.Peninsulae.CRANIUM.DORSAL,NA,NA,NA,NA,NA,NA,NA,NA,NA,NA,NA,NA,NA,NA,NA,NA,NA,NA,NA,NA,NA,NA,NA,NA,NA,NA,NA,NA,NA,NA,NA,NA,NA,NA,NA,NA,NA,NA,NA,NA,NA,NA,12/03/2021,55.1436,variegatus,Female,Peninsular SEA,6.630211,100.185922,3.3,50
NHMUK.76.10.4.2.Philippinensis.CRANIUM.DORSAL,NA,NA,NA,NA,NA,NA,NA,NA,NA,NA,NA,NA,NA,NA,NA,NA,NA,NA,NA,NA,NA,NA,NA,NA,NA,NA,NA,NA,NA,NA,NA,NA,NA,NA,NA,NA,NA,NA,NA,NA,NA,NA,19/03/2021,76.10.4.2,volans,NIL,Philippines,9.834221,124.16833,55,100
NHMUK.77.10.6.27.Philippinensis.CRANIUM.DORSAL,NA,NA,NA,NA,NA,NA,NA,NA,NA,NA,NA,NA,NA,NA,NA,NA,NA,NA,NA,NA,NA,NA,NA,NA,NA,NA,NA,NA,NA,NA,NA,NA,NA,NA,NA,NA,NA,NA,NA,NA,NA,NA,19/03/2021,77.10.6.27,volans,NIL,Philippines,10.18402393,125.5967767,30,100
NHMUK.8.7.20.8.Peninsulae.CRANIUM.DORSAL,NA,NA,NA,NA,NA,NA,NA,NA,NA,NA,NA,NA,NA,NA,NA,NA,NA,NA,NA,NA,NA,NA,NA,NA,NA,NA,NA,NA,NA,NA,NA,NA,NA,NA,NA,NA,NA,NA,NA,NA,NA,NA,12/03/2021,8.7.20.8,variegatus,Male,Peninsular SEA,3.488784,101.767941,34.96,75
NHMUK.9.4.1.86.Peninsulae.CRANIUM.DORSAL,NA,NA,NA,NA,NA,NA,NA,NA,NA,NA,NA,NA,NA,NA,NA,NA,NA,NA,NA,NA,NA,NA,NA,NA,NA,NA,NA,NA,NA,NA,NA,NA,NA,NA,NA,NA,NA,NA,NA,NA,NA,NA,12/03/2021,9.4.1.86,variegatus,Male,Peninsular SEA,1.35833,103.976175,3.91,100
NHMUK.98.1.7.4.Peninsulae.CRANIUM.DORSAL,NA,NA,NA,NA,NA,NA,NA,NA,NA,NA,NA,NA,NA,NA,NA,NA,NA,NA,NA,NA,NA,NA,NA,NA,NA,NA,NA,NA,NA,NA,NA,NA,NA,NA,NA,NA,NA,NA,NA,NA,NA,NA,12/03/2021,98.1.7.4,variegatus,Female,Peninsular SEA,1.589617,103.54477,5.8,100
NHMUK.98.8.3.1.Peninsulae.CRANIUM.DORSAL,NA,NA,NA,NA,NA,NA,NA,NA,NA,NA,NA,NA,NA,NA,NA,NA,NA,NA,NA,NA,NA,NA,NA,NA,NA,NA,NA,NA,NA,NA,NA,NA,NA,NA,NA,NA,NA,NA,NA,NA,NA,NA,12/03/2021,98.8.3.1,variegatus,Female,Peninsular SEA,5.425962,100.252069,7.5,1
NHMUK.77.10.6.3.Philippinensis.CRANIUM.DORSAL,NA,NA,NA,NA,NA,NA,NA,NA,NA,NA,NA,NA,NA,NA,NA,NA,NA,NA,NA,NA,NA,NA,NA,NA,NA,NA,NA,NA,NA,NA,NA,NA,NA,NA,NA,NA,NA,NA,NA,NA,NA,NA,19/03/2021,77.10.6.3,volans,NIL,Philippines,9.784633848,125.5587085,17.24,75
NHMUK.77.10.6.29.Philippinensis.CRANIUM.DORSAL,NA,NA,NA,NA,NA,NA,NA,NA,NA,NA,NA,NA,NA,NA,NA,NA,NA,NA,NA,NA,NA,NA,NA,NA,NA,NA,NA,NA,NA,NA,NA,NA,NA,NA,NA,NA,NA,NA,NA,NA,NA,NA,26/03/2021,77.10.6.29,volans,Male,Philippines,10.18402393,125.5967767,30,100
NHMUK.9.4.1.93.Peninsulae.CRANIUM.DORSAL,NA,NA,NA,NA,NA,NA,NA,NA,NA,NA,NA,NA,NA,NA,NA,NA,NA,NA,NA,NA,NA,NA,NA,NA,NA,NA,NA,NA,NA,NA,NA,NA,NA,NA,NA,NA,NA,NA,NA,NA,NA,NA,26/03/2021,9.4.1.93,variegatus,Female,Riau Archipelago,1.004349,104.451249,27.7,100
NHMUK.79.11.21.240.Peninsulae.CRANIUM.DORSAL,NA,NA,NA,NA,NA,NA,NA,NA,NA,NA,NA,NA,NA,NA,NA,NA,NA,NA,NA,NA,NA,NA,NA,NA,NA,NA,NA,NA,NA,NA,NA,NA,NA,NA,NA,NA,NA,NA,NA,NA,NA,NA,12/03/2021,79.11.21.240,variegatus,NIL,Peninsular SEA,5.38255,100.247977,11.08,100
NHMUK.956.b.Philippinensis.CRANIUM.DORSAL,NA,NA,NA,NA,NA,NA,NA,NA,NA,NA,NA,NA,NA,NA,NA,NA,NA,NA,NA,NA,NA,NA,NA,NA,NA,NA,NA,NA,NA,NA,NA,NA,NA,NA,NA,NA,NA,NA,NA,NA,NA,NA,19/03/2021,956g,volans,NIL,Philippines,10.18402393,125.5967767,30,100
NHMUK.97.5.2.10.Philippinensis.CRANIUM.DORSAL,NA,NA,NA,NA,NA,NA,NA,NA,NA,NA,NA,NA,NA,NA,NA,NA,NA,NA,NA,NA,NA,NA,NA,NA,NA,NA,NA,NA,NA,NA,NA,NA,NA,NA,NA,NA,NA,NA,NA,NA,NA,NA,19/03/2021,97.5.2.10,volans,Male,Philippines,11.93002776,125.1272935,100,100
NHMUK.77.10.6.24.Philippinensis.CRANIUM.DORSAL,NA,NA,NA,NA,NA,NA,NA,NA,NA,NA,NA,NA,NA,NA,NA,NA,NA,NA,NA,NA,NA,NA,NA,NA,NA,NA,NA,NA,NA,NA,NA,NA,NA,NA,NA,NA,NA,NA,NA,NA,NA,NA,19/03/2021,77.10.6.24,volans,F,Philippines,10.18402393,125.5967767,30,100
ZRC.4.899.Peninsulae.CRANIUM.DORSAL,NA,NA,NA,NA,NA,NA,NA,NA,NA,NA,NA,NA,NA,NA,NA,NA,NA,NA,NA,NA,NA,NA,NA,NA,NA,NA,NA,NA,NA,NA,NA,NA,NA,NA,NA,NA,NA,NA,NA,NA,NA,NA,18/08/2020,ZRC. 4.899,variegatus,Male,Peninsular SEA,6.425678,101.820476,19.71,50
ZRC.4.900.Peninsulae.CRANIUM.DORSAL,NA,NA,NA,NA,NA,NA,NA,NA,NA,NA,NA,NA,NA,NA,NA,NA,NA,NA,NA,NA,NA,NA,NA,NA,NA,NA,NA,NA,NA,NA,NA,NA,NA,NA,NA,NA,NA,NA,NA,NA,NA,NA,18/08/2020,ZRC. 4.900,variegatus,Female,Peninsular SEA,7.068869728,100.621263,1,75
ZRC.4.908.Peninsulae.CRANIUM.DORSAL,NA,NA,NA,NA,NA,NA,NA,NA,NA,NA,NA,NA,NA,NA,NA,NA,NA,NA,NA,NA,NA,NA,NA,NA,NA,NA,NA,NA,NA,NA,NA,NA,NA,NA,NA,NA,NA,NA,NA,NA,NA,NA,18/08/2020,ZRC. 4.908,variegatus,Female,Peninsular SEA,NIL,NIL,NIL,NIL
ZRC.4.918.Peninsulae.CRANIUM.DORSAL,NA,NA,NA,NA,NA,NA,NA,NA,NA,NA,NA,NA,NA,NA,NA,NA,NA,NA,NA,NA,NA,NA,NA,NA,NA,NA,NA,NA,NA,NA,NA,NA,NA,NA,NA,NA,NA,NA,NA,NA,NA,NA,18/08/2020,ZRC. 4.918,variegatus,Female,Peninsular SEA,3.55023,101.7233,3.5,75
ZRC.4.925.Peninsulae.CRANIUM.DORSAL,NA,NA,NA,NA,NA,NA,NA,NA,NA,NA,NA,NA,NA,NA,NA,NA,NA,NA,NA,NA,NA,NA,NA,NA,NA,NA,NA,NA,NA,NA,NA,NA,NA,NA,NA,NA,NA,NA,NA,NA,NA,NA,18/08/2020,ZRC. 4.925,variegatus,Male,Peninsular SEA,1.4208,103.80113,3.1,100
